Downloading: "https://github.com/verlab/accelerated_features/zipball/main" to /home/rvl/.cache/torch/hub/main.zip [14/07 15:39:47]
Downloading: "https://github.com/verlab/accelerated_features/raw/main/weights/xfeat.pt" to /home/rvl/.cache/torch/hub/checkpoints/xfeat.pt [14/07 15:40:00]
  0%|          | 0.00/5.96M [00:00<?, ?B/s] 17%|█▋        | 1.00M/5.96M [00:00<00:00, 8.23MB/s] 38%|███▊      | 2.25M/5.96M [00:00<00:00, 9.91MB/s] 55%|█████▍    | 3.25M/5.96M [00:00<00:00, 10.0MB/s] 71%|███████▏  | 4.25M/5.96M [00:00<00:00, 10.1MB/s] 88%|████████▊ | 5.25M/5.96M [00:00<00:00, 10.1MB/s]100%|██████████| 5.96M/5.96M [00:00<00:00, 9.89MB/s]
Using cache found in /home/rvl/.cache/torch/hub/verlab_accelerated_features_main
You are using a model of type sam2_video to instantiate a model of type sam2. This is not supported for all configurations of models and can yield errors.
E0714 15:40:38.763000 33276 site-packages/torch/_inductor/select_algorithm.py:3924] [0/0] Runtime error during autotuning: 
E0714 15:40:38.763000 33276 site-packages/torch/_inductor/select_algorithm.py:3924] [0/0] No valid triton configs. OutOfMemoryError: out of resource: triton_mm Required: 131072 Hardware limit:101376 Reducing block sizes or `num_stages` may help.. 
E0714 15:40:38.763000 33276 site-packages/torch/_inductor/select_algorithm.py:3924] [0/0] Ignoring this choice.
Autotune Choices Stats:
{"num_choices": 22, "num_triton_choices": 20, "best_kernel": "triton_mm_98", "best_kernel_desc": "ACC_TYPE='tl.float32', ALLOW_TF32=False, BLOCK_K=64, BLOCK_M=64, BLOCK_N=64, EVEN_K=False, GROUP_M=8, USE_FAST_ACCUM=False, num_stages=3, num_warps=8", "best_time": 0.12992000579833984, "best_triton_pos": 0}
AUTOTUNE addmm(131072x192, 131072x96, 96x192)
strides: [0, 1], [96, 1], [1, 96]
dtypes: torch.float16, torch.float16, torch.float16
  triton_mm_98 0.1299 ms 100.0% ACC_TYPE='tl.float32', ALLOW_TF32=False, BLOCK_K=64, BLOCK_M=64, BLOCK_N=64, EVEN_K=False, GROUP_M=8, USE_FAST_ACCUM=False, num_stages=3, num_warps=8
  triton_mm_101 0.1300 ms 99.9% ACC_TYPE='tl.float32', ALLOW_TF32=False, BLOCK_K=32, BLOCK_M=64, BLOCK_N=128, EVEN_K=True, GROUP_M=8, USE_FAST_ACCUM=False, num_stages=4, num_warps=8
  triton_mm_105 0.1311 ms 99.1% ACC_TYPE='tl.float32', ALLOW_TF32=False, BLOCK_K=32, BLOCK_M=128, BLOCK_N=64, EVEN_K=True, GROUP_M=8, USE_FAST_ACCUM=False, num_stages=4, num_warps=8
  triton_mm_102 0.1321 ms 98.4% ACC_TYPE='tl.float32', ALLOW_TF32=False, BLOCK_K=64, BLOCK_M=64, BLOCK_N=128, EVEN_K=False, GROUP_M=8, USE_FAST_ACCUM=False, num_stages=3, num_warps=4
  triton_mm_104 0.1341 ms 96.9% ACC_TYPE='tl.float32', ALLOW_TF32=False, BLOCK_K=32, BLOCK_M=128, BLOCK_N=64, EVEN_K=True, GROUP_M=8, USE_FAST_ACCUM=False, num_stages=3, num_warps=4
  triton_mm_100 0.1352 ms 96.1% ACC_TYPE='tl.float32', ALLOW_TF32=False, BLOCK_K=32, BLOCK_M=64, BLOCK_N=128, EVEN_K=True, GROUP_M=8, USE_FAST_ACCUM=False, num_stages=3, num_warps=4
  triton_mm_107 0.1362 ms 95.4% ACC_TYPE='tl.float32', ALLOW_TF32=False, BLOCK_K=32, BLOCK_M=128, BLOCK_N=128, EVEN_K=True, GROUP_M=8, USE_FAST_ACCUM=False, num_stages=3, num_warps=4
  triton_mm_97 0.1372 ms 94.7% ACC_TYPE='tl.float32', ALLOW_TF32=False, BLOCK_K=32, BLOCK_M=64, BLOCK_N=64, EVEN_K=True, GROUP_M=8, USE_FAST_ACCUM=False, num_stages=2, num_warps=4
  triton_mm_108 0.1434 ms 90.6% ACC_TYPE='tl.float32', ALLOW_TF32=False, BLOCK_K=64, BLOCK_M=128, BLOCK_N=128, EVEN_K=False, GROUP_M=8, USE_FAST_ACCUM=False, num_stages=3, num_warps=4
  triton_mm_99 0.1495 ms 86.9% ACC_TYPE='tl.float32', ALLOW_TF32=False, BLOCK_K=128, BLOCK_M=64, BLOCK_N=64, EVEN_K=False, GROUP_M=8, USE_FAST_ACCUM=False, num_stages=5, num_warps=4
SingleProcess AUTOTUNE benchmarking takes 0.5028 seconds and 0.0001 seconds precompiling for 22 choices
E0714 15:40:39.976000 33276 site-packages/torch/_inductor/select_algorithm.py:3924] [0/0] Runtime error during autotuning: 
E0714 15:40:39.976000 33276 site-packages/torch/_inductor/select_algorithm.py:3924] [0/0] No valid triton configs. OutOfMemoryError: out of resource: triton_mm Required: 131072 Hardware limit:101376 Reducing block sizes or `num_stages` may help.. 
E0714 15:40:39.976000 33276 site-packages/torch/_inductor/select_algorithm.py:3924] [0/0] Ignoring this choice.
E0714 15:40:40.022000 33276 site-packages/torch/_inductor/select_algorithm.py:3924] [0/0] Runtime error during autotuning: 
E0714 15:40:40.022000 33276 site-packages/torch/_inductor/select_algorithm.py:3924] [0/0] No valid triton configs. OutOfMemoryError: out of resource: triton_mm Required: 147456 Hardware limit:101376 Reducing block sizes or `num_stages` may help.. 
E0714 15:40:40.022000 33276 site-packages/torch/_inductor/select_algorithm.py:3924] [0/0] Ignoring this choice.
E0714 15:40:40.102000 33276 site-packages/torch/_inductor/select_algorithm.py:3924] [0/0] Runtime error during autotuning: 
E0714 15:40:40.102000 33276 site-packages/torch/_inductor/select_algorithm.py:3924] [0/0] No valid triton configs. OutOfMemoryError: out of resource: triton_mm Required: 131072 Hardware limit:101376 Reducing block sizes or `num_stages` may help.. 
E0714 15:40:40.102000 33276 site-packages/torch/_inductor/select_algorithm.py:3924] [0/0] Ignoring this choice.
E0714 15:40:40.105000 33276 site-packages/torch/_inductor/select_algorithm.py:3924] [0/0] Runtime error during autotuning: 
E0714 15:40:40.105000 33276 site-packages/torch/_inductor/select_algorithm.py:3924] [0/0] No valid triton configs. OutOfMemoryError: out of resource: triton_mm Required: 196608 Hardware limit:101376 Reducing block sizes or `num_stages` may help.. 
E0714 15:40:40.105000 33276 site-packages/torch/_inductor/select_algorithm.py:3924] [0/0] Ignoring this choice.
Autotune Choices Stats:
{"num_choices": 22, "num_triton_choices": 20, "best_kernel": "triton_mm_281", "best_kernel_desc": "ACC_TYPE='tl.float32', ALLOW_TF32=False, BLOCK_K=32, BLOCK_M=64, BLOCK_N=128, EVEN_K=True, GROUP_M=8, USE_FAST_ACCUM=False, num_stages=4, num_warps=8", "best_time": 0.07449600100517273, "best_triton_pos": 0}
AUTOTUNE addmm(32768x384, 32768x192, 192x384)
strides: [0, 1], [192, 1], [1, 192]
dtypes: torch.float16, torch.float16, torch.float16
  triton_mm_281 0.0745 ms 100.0% ACC_TYPE='tl.float32', ALLOW_TF32=False, BLOCK_K=32, BLOCK_M=64, BLOCK_N=128, EVEN_K=True, GROUP_M=8, USE_FAST_ACCUM=False, num_stages=4, num_warps=8
  triton_mm_285 0.0748 ms 99.7% ACC_TYPE='tl.float32', ALLOW_TF32=False, BLOCK_K=32, BLOCK_M=128, BLOCK_N=64, EVEN_K=True, GROUP_M=8, USE_FAST_ACCUM=False, num_stages=4, num_warps=8
  triton_mm_280 0.0768 ms 97.0% ACC_TYPE='tl.float32', ALLOW_TF32=False, BLOCK_K=32, BLOCK_M=64, BLOCK_N=128, EVEN_K=True, GROUP_M=8, USE_FAST_ACCUM=False, num_stages=3, num_warps=4
  triton_mm_284 0.0778 ms 95.7% ACC_TYPE='tl.float32', ALLOW_TF32=False, BLOCK_K=32, BLOCK_M=128, BLOCK_N=64, EVEN_K=True, GROUP_M=8, USE_FAST_ACCUM=False, num_stages=3, num_warps=4
  triton_mm_278 0.0798 ms 93.3% ACC_TYPE='tl.float32', ALLOW_TF32=False, BLOCK_K=64, BLOCK_M=64, BLOCK_N=64, EVEN_K=True, GROUP_M=8, USE_FAST_ACCUM=False, num_stages=3, num_warps=8
  triton_mm_282 0.0799 ms 93.3% ACC_TYPE='tl.float32', ALLOW_TF32=False, BLOCK_K=64, BLOCK_M=64, BLOCK_N=128, EVEN_K=True, GROUP_M=8, USE_FAST_ACCUM=False, num_stages=3, num_warps=4
  bias_addmm 0.0819 ms 91.0% 
  triton_mm_288 0.0819 ms 90.9% ACC_TYPE='tl.float32', ALLOW_TF32=False, BLOCK_K=64, BLOCK_M=128, BLOCK_N=128, EVEN_K=True, GROUP_M=8, USE_FAST_ACCUM=False, num_stages=3, num_warps=4
  triton_mm_287 0.0860 ms 86.6% ACC_TYPE='tl.float32', ALLOW_TF32=False, BLOCK_K=32, BLOCK_M=128, BLOCK_N=128, EVEN_K=True, GROUP_M=8, USE_FAST_ACCUM=False, num_stages=3, num_warps=4
  triton_mm_277 0.0881 ms 84.6% ACC_TYPE='tl.float32', ALLOW_TF32=False, BLOCK_K=32, BLOCK_M=64, BLOCK_N=64, EVEN_K=True, GROUP_M=8, USE_FAST_ACCUM=False, num_stages=2, num_warps=4
SingleProcess AUTOTUNE benchmarking takes 0.3272 seconds and 0.0001 seconds precompiling for 22 choices
E0714 15:40:40.577000 33276 site-packages/torch/_inductor/select_algorithm.py:3924] [0/0] Runtime error during autotuning: 
E0714 15:40:40.577000 33276 site-packages/torch/_inductor/select_algorithm.py:3924] [0/0] No valid triton configs. OutOfMemoryError: out of resource: triton_mm Required: 131072 Hardware limit:101376 Reducing block sizes or `num_stages` may help.. 
E0714 15:40:40.577000 33276 site-packages/torch/_inductor/select_algorithm.py:3924] [0/0] Ignoring this choice.
E0714 15:40:40.618000 33276 site-packages/torch/_inductor/select_algorithm.py:3924] [0/0] Runtime error during autotuning: 
E0714 15:40:40.618000 33276 site-packages/torch/_inductor/select_algorithm.py:3924] [0/0] No valid triton configs. OutOfMemoryError: out of resource: triton_mm Required: 147456 Hardware limit:101376 Reducing block sizes or `num_stages` may help.. 
E0714 15:40:40.618000 33276 site-packages/torch/_inductor/select_algorithm.py:3924] [0/0] Ignoring this choice.
E0714 15:40:40.688000 33276 site-packages/torch/_inductor/select_algorithm.py:3924] [0/0] Runtime error during autotuning: 
E0714 15:40:40.688000 33276 site-packages/torch/_inductor/select_algorithm.py:3924] [0/0] No valid triton configs. OutOfMemoryError: out of resource: triton_mm Required: 131072 Hardware limit:101376 Reducing block sizes or `num_stages` may help.. 
E0714 15:40:40.688000 33276 site-packages/torch/_inductor/select_algorithm.py:3924] [0/0] Ignoring this choice.
E0714 15:40:40.691000 33276 site-packages/torch/_inductor/select_algorithm.py:3924] [0/0] Runtime error during autotuning: 
E0714 15:40:40.691000 33276 site-packages/torch/_inductor/select_algorithm.py:3924] [0/0] No valid triton configs. OutOfMemoryError: out of resource: triton_mm Required: 196608 Hardware limit:101376 Reducing block sizes or `num_stages` may help.. 
E0714 15:40:40.691000 33276 site-packages/torch/_inductor/select_algorithm.py:3924] [0/0] Ignoring this choice.
Autotune Choices Stats:
{"num_choices": 22, "num_triton_choices": 20, "best_kernel": "triton_mm_861", "best_kernel_desc": "ACC_TYPE='tl.float32', ALLOW_TF32=False, BLOCK_K=32, BLOCK_M=64, BLOCK_N=128, EVEN_K=True, GROUP_M=8, USE_FAST_ACCUM=False, num_stages=4, num_warps=8", "best_time": 0.060416001826524734, "best_triton_pos": 0}
AUTOTUNE addmm(8192x768, 8192x384, 384x768)
strides: [0, 1], [384, 1], [1, 384]
dtypes: torch.float16, torch.float16, torch.float16
  triton_mm_861 0.0604 ms 100.0% ACC_TYPE='tl.float32', ALLOW_TF32=False, BLOCK_K=32, BLOCK_M=64, BLOCK_N=128, EVEN_K=True, GROUP_M=8, USE_FAST_ACCUM=False, num_stages=4, num_warps=8
  triton_mm_867 0.0604 ms 100.0% ACC_TYPE='tl.float32', ALLOW_TF32=False, BLOCK_K=32, BLOCK_M=128, BLOCK_N=128, EVEN_K=True, GROUP_M=8, USE_FAST_ACCUM=False, num_stages=3, num_warps=4
  triton_mm_862 0.0614 ms 98.3% ACC_TYPE='tl.float32', ALLOW_TF32=False, BLOCK_K=64, BLOCK_M=64, BLOCK_N=128, EVEN_K=True, GROUP_M=8, USE_FAST_ACCUM=False, num_stages=3, num_warps=4
  triton_mm_865 0.0638 ms 94.6% ACC_TYPE='tl.float32', ALLOW_TF32=False, BLOCK_K=32, BLOCK_M=128, BLOCK_N=64, EVEN_K=True, GROUP_M=8, USE_FAST_ACCUM=False, num_stages=4, num_warps=8
  triton_mm_868 0.0645 ms 93.7% ACC_TYPE='tl.float32', ALLOW_TF32=False, BLOCK_K=64, BLOCK_M=128, BLOCK_N=128, EVEN_K=True, GROUP_M=8, USE_FAST_ACCUM=False, num_stages=3, num_warps=4
  triton_mm_860 0.0676 ms 89.4% ACC_TYPE='tl.float32', ALLOW_TF32=False, BLOCK_K=32, BLOCK_M=64, BLOCK_N=128, EVEN_K=True, GROUP_M=8, USE_FAST_ACCUM=False, num_stages=3, num_warps=4
  triton_mm_864 0.0676 ms 89.4% ACC_TYPE='tl.float32', ALLOW_TF32=False, BLOCK_K=32, BLOCK_M=128, BLOCK_N=64, EVEN_K=True, GROUP_M=8, USE_FAST_ACCUM=False, num_stages=3, num_warps=4
  triton_mm_858 0.0717 ms 84.3% ACC_TYPE='tl.float32', ALLOW_TF32=False, BLOCK_K=64, BLOCK_M=64, BLOCK_N=64, EVEN_K=True, GROUP_M=8, USE_FAST_ACCUM=False, num_stages=3, num_warps=8
  triton_mm_857 0.0799 ms 75.6% ACC_TYPE='tl.float32', ALLOW_TF32=False, BLOCK_K=32, BLOCK_M=64, BLOCK_N=64, EVEN_K=True, GROUP_M=8, USE_FAST_ACCUM=False, num_stages=2, num_warps=4
  triton_mm_866 0.0850 ms 71.1% ACC_TYPE='tl.float32', ALLOW_TF32=False, BLOCK_K=32, BLOCK_M=128, BLOCK_N=128, EVEN_K=True, GROUP_M=8, USE_FAST_ACCUM=False, num_stages=2, num_warps=8
SingleProcess AUTOTUNE benchmarking takes 0.2954 seconds and 0.0001 seconds precompiling for 22 choices
Autotune Choices Stats:
{"num_choices": 12, "num_triton_choices": 11, "best_kernel": "convolution", "best_time": 0.3317759931087494, "best_triton_pos": 1, "best_triton_time": 0.3399679958820343, "best_triton_kernel": "triton_convolution2d_7", "best_triton_kernel_desc": "ALLOW_TF32=False, BLOCK_K=16, BLOCK_M=128, BLOCK_N=128, GROUPS=1, KERNEL_H=7, KERNEL_W=7, PADDING_H=3, PADDING_W=3, STRIDE_H=4, STRIDE_W=4, UNROLL=False, num_stages=3, num_warps=8"}
AUTOTUNE convolution(2x3x1024x1024, 96x3x7x7)
strides: [3145728, 1, 3072, 3], [147, 1, 21, 3]
dtypes: torch.float16, torch.float16
  convolution 0.3318 ms 100.0% 
  triton_convolution2d_7 0.3400 ms 97.6% ALLOW_TF32=False, BLOCK_K=16, BLOCK_M=128, BLOCK_N=128, GROUPS=1, KERNEL_H=7, KERNEL_W=7, PADDING_H=3, PADDING_W=3, STRIDE_H=4, STRIDE_W=4, UNROLL=False, num_stages=3, num_warps=8
  triton_convolution2d_3 0.3420 ms 97.0% ALLOW_TF32=False, BLOCK_K=16, BLOCK_M=128, BLOCK_N=128, GROUPS=1, KERNEL_H=7, KERNEL_W=7, PADDING_H=3, PADDING_W=3, STRIDE_H=4, STRIDE_W=4, UNROLL=False, num_stages=2, num_warps=8
  triton_convolution2d_8 0.3471 ms 95.6% ALLOW_TF32=False, BLOCK_K=16, BLOCK_M=64, BLOCK_N=128, GROUPS=1, KERNEL_H=7, KERNEL_W=7, PADDING_H=3, PADDING_W=3, STRIDE_H=4, STRIDE_W=4, UNROLL=False, num_stages=4, num_warps=4
  triton_convolution2d_0 0.3840 ms 86.4% ALLOW_TF32=False, BLOCK_K=16, BLOCK_M=64, BLOCK_N=128, GROUPS=1, KERNEL_H=7, KERNEL_W=7, PADDING_H=3, PADDING_W=3, STRIDE_H=4, STRIDE_W=4, UNROLL=False, num_stages=2, num_warps=4
  triton_convolution2d_6 0.3973 ms 83.5% ALLOW_TF32=False, BLOCK_K=16, BLOCK_M=256, BLOCK_N=64, GROUPS=1, KERNEL_H=7, KERNEL_W=7, PADDING_H=3, PADDING_W=3, STRIDE_H=4, STRIDE_W=4, UNROLL=False, num_stages=2, num_warps=8
  triton_convolution2d_5 0.4086 ms 81.2% ALLOW_TF32=False, BLOCK_K=16, BLOCK_M=64, BLOCK_N=128, GROUPS=1, KERNEL_H=7, KERNEL_W=7, PADDING_H=3, PADDING_W=3, STRIDE_H=4, STRIDE_W=4, UNROLL=False, num_stages=2, num_warps=8
  triton_convolution2d_9 0.4086 ms 81.2% ALLOW_TF32=False, BLOCK_K=16, BLOCK_M=128, BLOCK_N=64, GROUPS=1, KERNEL_H=7, KERNEL_W=7, PADDING_H=3, PADDING_W=3, STRIDE_H=4, STRIDE_W=4, UNROLL=False, num_stages=4, num_warps=4
  triton_convolution2d_10 0.4700 ms 70.6% ALLOW_TF32=False, BLOCK_K=16, BLOCK_M=256, BLOCK_N=128, GROUPS=1, KERNEL_H=7, KERNEL_W=7, PADDING_H=3, PADDING_W=3, STRIDE_H=4, STRIDE_W=4, UNROLL=False, num_stages=2, num_warps=8
  triton_convolution2d_1 0.4721 ms 70.3% ALLOW_TF32=False, BLOCK_K=16, BLOCK_M=256, BLOCK_N=64, GROUPS=1, KERNEL_H=7, KERNEL_W=7, PADDING_H=3, PADDING_W=3, STRIDE_H=4, STRIDE_W=4, UNROLL=False, num_stages=2, num_warps=4
SingleProcess AUTOTUNE benchmarking takes 0.4245 seconds and 0.0002 seconds precompiling for 12 choices
E0714 15:40:43.073000 33276 site-packages/torch/_inductor/select_algorithm.py:3924] [0/0] Runtime error during autotuning: 
E0714 15:40:43.073000 33276 site-packages/torch/_inductor/select_algorithm.py:3924] [0/0] No valid triton configs. OutOfMemoryError: out of resource: triton_mm Required: 131072 Hardware limit:101376 Reducing block sizes or `num_stages` may help.. 
E0714 15:40:43.073000 33276 site-packages/torch/_inductor/select_algorithm.py:3924] [0/0] Ignoring this choice.
Autotune Choices Stats:
{"num_choices": 22, "num_triton_choices": 20, "best_kernel": "triton_mm_21", "best_kernel_desc": "ACC_TYPE='tl.float32', ALLOW_TF32=False, BLOCK_K=32, BLOCK_M=64, BLOCK_N=128, EVEN_K=True, GROUP_M=8, USE_FAST_ACCUM=False, num_stages=4, num_warps=8", "best_time": 0.1730560064315796, "best_triton_pos": 0}
AUTOTUNE addmm(131072x288, 131072x96, 96x288)
strides: [0, 1], [96, 1], [1, 96]
dtypes: torch.float16, torch.float16, torch.float16
  triton_mm_21 0.1731 ms 100.0% ACC_TYPE='tl.float32', ALLOW_TF32=False, BLOCK_K=32, BLOCK_M=64, BLOCK_N=128, EVEN_K=True, GROUP_M=8, USE_FAST_ACCUM=False, num_stages=4, num_warps=8
  triton_mm_25 0.1741 ms 99.4% ACC_TYPE='tl.float32', ALLOW_TF32=False, BLOCK_K=32, BLOCK_M=128, BLOCK_N=64, EVEN_K=True, GROUP_M=8, USE_FAST_ACCUM=False, num_stages=4, num_warps=8
  triton_mm_20 0.1780 ms 97.2% ACC_TYPE='tl.float32', ALLOW_TF32=False, BLOCK_K=32, BLOCK_M=64, BLOCK_N=128, EVEN_K=True, GROUP_M=8, USE_FAST_ACCUM=False, num_stages=3, num_warps=4
  triton_mm_17 0.1792 ms 96.6% ACC_TYPE='tl.float32', ALLOW_TF32=False, BLOCK_K=32, BLOCK_M=64, BLOCK_N=64, EVEN_K=True, GROUP_M=8, USE_FAST_ACCUM=False, num_stages=2, num_warps=4
  triton_mm_24 0.1792 ms 96.6% ACC_TYPE='tl.float32', ALLOW_TF32=False, BLOCK_K=32, BLOCK_M=128, BLOCK_N=64, EVEN_K=True, GROUP_M=8, USE_FAST_ACCUM=False, num_stages=3, num_warps=4
  triton_mm_27 0.1792 ms 96.6% ACC_TYPE='tl.float32', ALLOW_TF32=False, BLOCK_K=32, BLOCK_M=128, BLOCK_N=128, EVEN_K=True, GROUP_M=8, USE_FAST_ACCUM=False, num_stages=3, num_warps=4
  triton_mm_18 0.1853 ms 93.4% ACC_TYPE='tl.float32', ALLOW_TF32=False, BLOCK_K=64, BLOCK_M=64, BLOCK_N=64, EVEN_K=False, GROUP_M=8, USE_FAST_ACCUM=False, num_stages=3, num_warps=8
  bias_addmm 0.1925 ms 89.9% 
  triton_mm_22 0.1976 ms 87.6% ACC_TYPE='tl.float32', ALLOW_TF32=False, BLOCK_K=64, BLOCK_M=64, BLOCK_N=128, EVEN_K=False, GROUP_M=8, USE_FAST_ACCUM=False, num_stages=3, num_warps=4
  triton_mm_16 0.2079 ms 83.3% ACC_TYPE='tl.float32', ALLOW_TF32=False, BLOCK_K=16, BLOCK_M=64, BLOCK_N=64, EVEN_K=True, GROUP_M=8, USE_FAST_ACCUM=False, num_stages=2, num_warps=4
SingleProcess AUTOTUNE benchmarking takes 0.6512 seconds and 0.0002 seconds precompiling for 22 choices
E0714 15:40:43.463000 33276 site-packages/torch/_inductor/select_algorithm.py:3924] [0/0] Runtime error during autotuning: 
E0714 15:40:43.463000 33276 site-packages/torch/_inductor/select_algorithm.py:3924] [0/0] No valid triton configs. OutOfMemoryError: out of resource: triton_mm Required: 131072 Hardware limit:101376 Reducing block sizes or `num_stages` may help.. 
E0714 15:40:43.463000 33276 site-packages/torch/_inductor/select_algorithm.py:3924] [0/0] Ignoring this choice.
Autotune Choices Stats:
{"num_choices": 22, "num_triton_choices": 20, "best_kernel": "triton_mm_34", "best_kernel_desc": "ACC_TYPE='tl.float32', ALLOW_TF32=False, BLOCK_K=32, BLOCK_M=64, BLOCK_N=32, EVEN_K=True, GROUP_M=8, USE_FAST_ACCUM=False, num_stages=5, num_warps=8", "best_time": 0.08601599931716919, "best_triton_pos": 0}
AUTOTUNE addmm(131072x96, 131072x96, 96x96)
strides: [0, 1], [96, 1], [1, 96]
dtypes: torch.float16, torch.float16, torch.float16
  triton_mm_34 0.0860 ms 100.0% ACC_TYPE='tl.float32', ALLOW_TF32=False, BLOCK_K=32, BLOCK_M=64, BLOCK_N=32, EVEN_K=True, GROUP_M=8, USE_FAST_ACCUM=False, num_stages=5, num_warps=8
  triton_mm_32 0.0870 ms 98.8% ACC_TYPE='tl.float32', ALLOW_TF32=False, BLOCK_K=128, BLOCK_M=32, BLOCK_N=32, EVEN_K=False, GROUP_M=8, USE_FAST_ACCUM=False, num_stages=2, num_warps=4
  triton_mm_35 0.0881 ms 97.7% ACC_TYPE='tl.float32', ALLOW_TF32=False, BLOCK_K=128, BLOCK_M=64, BLOCK_N=32, EVEN_K=False, GROUP_M=8, USE_FAST_ACCUM=False, num_stages=5, num_warps=4
  triton_mm_45 0.0891 ms 96.6% ACC_TYPE='tl.float32', ALLOW_TF32=False, BLOCK_K=32, BLOCK_M=128, BLOCK_N=64, EVEN_K=True, GROUP_M=8, USE_FAST_ACCUM=False, num_stages=4, num_warps=8
  triton_mm_44 0.0911 ms 94.4% ACC_TYPE='tl.float32', ALLOW_TF32=False, BLOCK_K=32, BLOCK_M=128, BLOCK_N=64, EVEN_K=True, GROUP_M=8, USE_FAST_ACCUM=False, num_stages=3, num_warps=4
  triton_mm_48 0.0911 ms 94.4% ACC_TYPE='tl.float32', ALLOW_TF32=False, BLOCK_K=64, BLOCK_M=128, BLOCK_N=128, EVEN_K=False, GROUP_M=8, USE_FAST_ACCUM=False, num_stages=3, num_warps=4
  triton_mm_39 0.0922 ms 93.3% ACC_TYPE='tl.float32', ALLOW_TF32=False, BLOCK_K=128, BLOCK_M=64, BLOCK_N=64, EVEN_K=False, GROUP_M=8, USE_FAST_ACCUM=False, num_stages=5, num_warps=4
  triton_mm_41 0.0922 ms 93.3% ACC_TYPE='tl.float32', ALLOW_TF32=False, BLOCK_K=32, BLOCK_M=64, BLOCK_N=128, EVEN_K=True, GROUP_M=8, USE_FAST_ACCUM=False, num_stages=4, num_warps=8
  triton_mm_40 0.0932 ms 92.3% ACC_TYPE='tl.float32', ALLOW_TF32=False, BLOCK_K=32, BLOCK_M=64, BLOCK_N=128, EVEN_K=True, GROUP_M=8, USE_FAST_ACCUM=False, num_stages=3, num_warps=4
  triton_mm_42 0.0932 ms 92.3% ACC_TYPE='tl.float32', ALLOW_TF32=False, BLOCK_K=64, BLOCK_M=64, BLOCK_N=128, EVEN_K=False, GROUP_M=8, USE_FAST_ACCUM=False, num_stages=3, num_warps=4
SingleProcess AUTOTUNE benchmarking takes 0.3733 seconds and 0.0002 seconds precompiling for 22 choices
E0714 15:40:44.157000 33276 site-packages/torch/_inductor/select_algorithm.py:3924] [0/0] Runtime error during autotuning: 
E0714 15:40:44.157000 33276 site-packages/torch/_inductor/select_algorithm.py:3924] [0/0] No valid triton configs. OutOfMemoryError: out of resource: triton_mm Required: 131072 Hardware limit:101376 Reducing block sizes or `num_stages` may help.. 
E0714 15:40:44.157000 33276 site-packages/torch/_inductor/select_algorithm.py:3924] [0/0] Ignoring this choice.
Autotune Choices Stats:
{"num_choices": 22, "num_triton_choices": 20, "best_kernel": "triton_mm_61", "best_kernel_desc": "ACC_TYPE='tl.float32', ALLOW_TF32=False, BLOCK_K=32, BLOCK_M=64, BLOCK_N=128, EVEN_K=True, GROUP_M=8, USE_FAST_ACCUM=False, num_stages=4, num_warps=8", "best_time": 0.2170879989862442, "best_triton_pos": 0}
AUTOTUNE addmm(131072x384, 131072x96, 96x384)
strides: [0, 1], [96, 1], [1, 96]
dtypes: torch.float16, torch.float16, torch.float16
  triton_mm_61 0.2171 ms 100.0% ACC_TYPE='tl.float32', ALLOW_TF32=False, BLOCK_K=32, BLOCK_M=64, BLOCK_N=128, EVEN_K=True, GROUP_M=8, USE_FAST_ACCUM=False, num_stages=4, num_warps=8
  triton_mm_62 0.2181 ms 99.5% ACC_TYPE='tl.float32', ALLOW_TF32=False, BLOCK_K=64, BLOCK_M=64, BLOCK_N=128, EVEN_K=False, GROUP_M=8, USE_FAST_ACCUM=False, num_stages=3, num_warps=4
  triton_mm_65 0.2202 ms 98.6% ACC_TYPE='tl.float32', ALLOW_TF32=False, BLOCK_K=32, BLOCK_M=128, BLOCK_N=64, EVEN_K=True, GROUP_M=8, USE_FAST_ACCUM=False, num_stages=4, num_warps=8
  triton_mm_60 0.2222 ms 97.7% ACC_TYPE='tl.float32', ALLOW_TF32=False, BLOCK_K=32, BLOCK_M=64, BLOCK_N=128, EVEN_K=True, GROUP_M=8, USE_FAST_ACCUM=False, num_stages=3, num_warps=4
  triton_mm_67 0.2222 ms 97.7% ACC_TYPE='tl.float32', ALLOW_TF32=False, BLOCK_K=32, BLOCK_M=128, BLOCK_N=128, EVEN_K=True, GROUP_M=8, USE_FAST_ACCUM=False, num_stages=3, num_warps=4
  triton_mm_58 0.2232 ms 97.2% ACC_TYPE='tl.float32', ALLOW_TF32=False, BLOCK_K=64, BLOCK_M=64, BLOCK_N=64, EVEN_K=False, GROUP_M=8, USE_FAST_ACCUM=False, num_stages=3, num_warps=8
  triton_mm_64 0.2232 ms 97.2% ACC_TYPE='tl.float32', ALLOW_TF32=False, BLOCK_K=32, BLOCK_M=128, BLOCK_N=64, EVEN_K=True, GROUP_M=8, USE_FAST_ACCUM=False, num_stages=3, num_warps=4
  triton_mm_57 0.2253 ms 96.4% ACC_TYPE='tl.float32', ALLOW_TF32=False, BLOCK_K=32, BLOCK_M=64, BLOCK_N=64, EVEN_K=True, GROUP_M=8, USE_FAST_ACCUM=False, num_stages=2, num_warps=4
  triton_mm_70 0.2263 ms 95.9% ACC_TYPE='tl.float32', ALLOW_TF32=False, BLOCK_K=128, BLOCK_M=128, BLOCK_N=128, EVEN_K=False, GROUP_M=8, USE_FAST_ACCUM=False, num_stages=4, num_warps=8
  triton_mm_68 0.2284 ms 95.1% ACC_TYPE='tl.float32', ALLOW_TF32=False, BLOCK_K=64, BLOCK_M=128, BLOCK_N=128, EVEN_K=False, GROUP_M=8, USE_FAST_ACCUM=False, num_stages=3, num_warps=4
SingleProcess AUTOTUNE benchmarking takes 0.7104 seconds and 0.0002 seconds precompiling for 22 choices
E0714 15:40:44.533000 33276 site-packages/torch/_inductor/select_algorithm.py:3924] [0/0] Runtime error during autotuning: 
E0714 15:40:44.533000 33276 site-packages/torch/_inductor/select_algorithm.py:3924] [0/0] No valid triton configs. OutOfMemoryError: out of resource: triton_mm Required: 131072 Hardware limit:101376 Reducing block sizes or `num_stages` may help.. 
E0714 15:40:44.533000 33276 site-packages/torch/_inductor/select_algorithm.py:3924] [0/0] Ignoring this choice.
E0714 15:40:44.635000 33276 site-packages/torch/_inductor/select_algorithm.py:3924] [0/0] Runtime error during autotuning: 
E0714 15:40:44.635000 33276 site-packages/torch/_inductor/select_algorithm.py:3924] [0/0] No valid triton configs. OutOfMemoryError: out of resource: triton_mm Required: 147456 Hardware limit:101376 Reducing block sizes or `num_stages` may help.. 
E0714 15:40:44.635000 33276 site-packages/torch/_inductor/select_algorithm.py:3924] [0/0] Ignoring this choice.
E0714 15:40:44.811000 33276 site-packages/torch/_inductor/select_algorithm.py:3924] [0/0] Runtime error during autotuning: 
E0714 15:40:44.811000 33276 site-packages/torch/_inductor/select_algorithm.py:3924] [0/0] No valid triton configs. OutOfMemoryError: out of resource: triton_mm Required: 131072 Hardware limit:101376 Reducing block sizes or `num_stages` may help.. 
E0714 15:40:44.811000 33276 site-packages/torch/_inductor/select_algorithm.py:3924] [0/0] Ignoring this choice.
E0714 15:40:44.813000 33276 site-packages/torch/_inductor/select_algorithm.py:3924] [0/0] Runtime error during autotuning: 
E0714 15:40:44.813000 33276 site-packages/torch/_inductor/select_algorithm.py:3924] [0/0] No valid triton configs. OutOfMemoryError: out of resource: triton_mm Required: 196608 Hardware limit:101376 Reducing block sizes or `num_stages` may help.. 
E0714 15:40:44.813000 33276 site-packages/torch/_inductor/select_algorithm.py:3924] [0/0] Ignoring this choice.
Autotune Choices Stats:
{"num_choices": 22, "num_triton_choices": 20, "best_kernel": "triton_mm_78", "best_kernel_desc": "ACC_TYPE='tl.float32', ALLOW_TF32=False, BLOCK_K=64, BLOCK_M=64, BLOCK_N=64, EVEN_K=True, GROUP_M=8, USE_FAST_ACCUM=False, num_stages=3, num_warps=8", "best_time": 0.2181120067834854, "best_triton_pos": 0}
AUTOTUNE addmm(131072x96, 131072x384, 384x96)
strides: [0, 1], [384, 1], [1, 384]
dtypes: torch.float16, torch.float16, torch.float16
  triton_mm_78 0.2181 ms 100.0% ACC_TYPE='tl.float32', ALLOW_TF32=False, BLOCK_K=64, BLOCK_M=64, BLOCK_N=64, EVEN_K=True, GROUP_M=8, USE_FAST_ACCUM=False, num_stages=3, num_warps=8
  triton_mm_82 0.2202 ms 99.1% ACC_TYPE='tl.float32', ALLOW_TF32=False, BLOCK_K=64, BLOCK_M=64, BLOCK_N=128, EVEN_K=True, GROUP_M=8, USE_FAST_ACCUM=False, num_stages=3, num_warps=4
  triton_mm_88 0.2232 ms 97.7% ACC_TYPE='tl.float32', ALLOW_TF32=False, BLOCK_K=64, BLOCK_M=128, BLOCK_N=128, EVEN_K=True, GROUP_M=8, USE_FAST_ACCUM=False, num_stages=3, num_warps=4
  bias_addmm 0.2334 ms 93.4% 
  triton_mm_74 0.2376 ms 91.8% ACC_TYPE='tl.float32', ALLOW_TF32=False, BLOCK_K=32, BLOCK_M=64, BLOCK_N=32, EVEN_K=True, GROUP_M=8, USE_FAST_ACCUM=False, num_stages=5, num_warps=8
  triton_mm_81 0.2406 ms 90.6% ACC_TYPE='tl.float32', ALLOW_TF32=False, BLOCK_K=32, BLOCK_M=64, BLOCK_N=128, EVEN_K=True, GROUP_M=8, USE_FAST_ACCUM=False, num_stages=4, num_warps=8
  triton_mm_85 0.2437 ms 89.5% ACC_TYPE='tl.float32', ALLOW_TF32=False, BLOCK_K=32, BLOCK_M=128, BLOCK_N=64, EVEN_K=True, GROUP_M=8, USE_FAST_ACCUM=False, num_stages=4, num_warps=8
  triton_mm_80 0.2447 ms 89.1% ACC_TYPE='tl.float32', ALLOW_TF32=False, BLOCK_K=32, BLOCK_M=64, BLOCK_N=128, EVEN_K=True, GROUP_M=8, USE_FAST_ACCUM=False, num_stages=3, num_warps=4
  triton_mm_84 0.2478 ms 88.0% ACC_TYPE='tl.float32', ALLOW_TF32=False, BLOCK_K=32, BLOCK_M=128, BLOCK_N=64, EVEN_K=True, GROUP_M=8, USE_FAST_ACCUM=False, num_stages=3, num_warps=4
  triton_mm_87 0.2601 ms 83.9% ACC_TYPE='tl.float32', ALLOW_TF32=False, BLOCK_K=32, BLOCK_M=128, BLOCK_N=128, EVEN_K=True, GROUP_M=8, USE_FAST_ACCUM=False, num_stages=3, num_warps=4
SingleProcess AUTOTUNE benchmarking takes 0.6232 seconds and 0.0002 seconds precompiling for 22 choices
E0714 15:40:45.524000 33276 site-packages/torch/_inductor/select_algorithm.py:3924] [0/0] Runtime error during autotuning: 
E0714 15:40:45.524000 33276 site-packages/torch/_inductor/select_algorithm.py:3924] [0/0] No valid triton configs. OutOfMemoryError: out of resource: triton_mm Required: 131072 Hardware limit:101376 Reducing block sizes or `num_stages` may help.. 
E0714 15:40:45.524000 33276 site-packages/torch/_inductor/select_algorithm.py:3924] [0/0] Ignoring this choice.
Autotune Choices Stats:
{"num_choices": 22, "num_triton_choices": 20, "best_kernel": "triton_mm_121", "best_kernel_desc": "ACC_TYPE='tl.float32', ALLOW_TF32=False, BLOCK_K=32, BLOCK_M=64, BLOCK_N=128, EVEN_K=True, GROUP_M=8, USE_FAST_ACCUM=False, num_stages=4, num_warps=8", "best_time": 0.304064005613327, "best_triton_pos": 0}
AUTOTUNE addmm(131072x576, 131072x96, 96x576)
strides: [0, 1], [96, 1], [1, 96]
dtypes: torch.float16, torch.float16, torch.float16
  triton_mm_121 0.3041 ms 100.0% ACC_TYPE='tl.float32', ALLOW_TF32=False, BLOCK_K=32, BLOCK_M=64, BLOCK_N=128, EVEN_K=True, GROUP_M=8, USE_FAST_ACCUM=False, num_stages=4, num_warps=8
  triton_mm_120 0.3113 ms 97.7% ACC_TYPE='tl.float32', ALLOW_TF32=False, BLOCK_K=32, BLOCK_M=64, BLOCK_N=128, EVEN_K=True, GROUP_M=8, USE_FAST_ACCUM=False, num_stages=3, num_warps=4
  triton_mm_125 0.3113 ms 97.7% ACC_TYPE='tl.float32', ALLOW_TF32=False, BLOCK_K=32, BLOCK_M=128, BLOCK_N=64, EVEN_K=True, GROUP_M=8, USE_FAST_ACCUM=False, num_stages=4, num_warps=8
  triton_mm_117 0.3133 ms 97.0% ACC_TYPE='tl.float32', ALLOW_TF32=False, BLOCK_K=32, BLOCK_M=64, BLOCK_N=64, EVEN_K=True, GROUP_M=8, USE_FAST_ACCUM=False, num_stages=2, num_warps=4
  triton_mm_127 0.3144 ms 96.7% ACC_TYPE='tl.float32', ALLOW_TF32=False, BLOCK_K=32, BLOCK_M=128, BLOCK_N=128, EVEN_K=True, GROUP_M=8, USE_FAST_ACCUM=False, num_stages=3, num_warps=4
  triton_mm_124 0.3154 ms 96.4% ACC_TYPE='tl.float32', ALLOW_TF32=False, BLOCK_K=32, BLOCK_M=128, BLOCK_N=64, EVEN_K=True, GROUP_M=8, USE_FAST_ACCUM=False, num_stages=3, num_warps=4
  triton_mm_122 0.3328 ms 91.4% ACC_TYPE='tl.float32', ALLOW_TF32=False, BLOCK_K=64, BLOCK_M=64, BLOCK_N=128, EVEN_K=False, GROUP_M=8, USE_FAST_ACCUM=False, num_stages=3, num_warps=4
  triton_mm_118 0.3359 ms 90.5% ACC_TYPE='tl.float32', ALLOW_TF32=False, BLOCK_K=64, BLOCK_M=64, BLOCK_N=64, EVEN_K=False, GROUP_M=8, USE_FAST_ACCUM=False, num_stages=3, num_warps=8
  triton_mm_130 0.3471 ms 87.6% ACC_TYPE='tl.float32', ALLOW_TF32=False, BLOCK_K=128, BLOCK_M=128, BLOCK_N=128, EVEN_K=False, GROUP_M=8, USE_FAST_ACCUM=False, num_stages=4, num_warps=8
  triton_mm_119 0.3564 ms 85.3% ACC_TYPE='tl.float32', ALLOW_TF32=False, BLOCK_K=128, BLOCK_M=64, BLOCK_N=64, EVEN_K=False, GROUP_M=8, USE_FAST_ACCUM=False, num_stages=5, num_warps=4
SingleProcess AUTOTUNE benchmarking takes 0.7446 seconds and 0.0002 seconds precompiling for 22 choices
E0714 15:40:45.698000 33276 site-packages/torch/_inductor/select_algorithm.py:3924] [0/0] Runtime error during autotuning: 
E0714 15:40:45.698000 33276 site-packages/torch/_inductor/select_algorithm.py:3924] [0/0] No valid triton configs. OutOfMemoryError: out of resource: triton_mm Required: 131072 Hardware limit:101376 Reducing block sizes or `num_stages` may help.. 
E0714 15:40:45.698000 33276 site-packages/torch/_inductor/select_algorithm.py:3924] [0/0] Ignoring this choice.
E0714 15:40:45.735000 33276 site-packages/torch/_inductor/select_algorithm.py:3924] [0/0] Runtime error during autotuning: 
E0714 15:40:45.735000 33276 site-packages/torch/_inductor/select_algorithm.py:3924] [0/0] No valid triton configs. OutOfMemoryError: out of resource: triton_mm Required: 147456 Hardware limit:101376 Reducing block sizes or `num_stages` may help.. 
E0714 15:40:45.735000 33276 site-packages/torch/_inductor/select_algorithm.py:3924] [0/0] Ignoring this choice.
E0714 15:40:45.796000 33276 site-packages/torch/_inductor/select_algorithm.py:3924] [0/0] Runtime error during autotuning: 
E0714 15:40:45.796000 33276 site-packages/torch/_inductor/select_algorithm.py:3924] [0/0] No valid triton configs. OutOfMemoryError: out of resource: triton_mm Required: 131072 Hardware limit:101376 Reducing block sizes or `num_stages` may help.. 
E0714 15:40:45.796000 33276 site-packages/torch/_inductor/select_algorithm.py:3924] [0/0] Ignoring this choice.
E0714 15:40:45.798000 33276 site-packages/torch/_inductor/select_algorithm.py:3924] [0/0] Runtime error during autotuning: 
E0714 15:40:45.798000 33276 site-packages/torch/_inductor/select_algorithm.py:3924] [0/0] No valid triton configs. OutOfMemoryError: out of resource: triton_mm Required: 196608 Hardware limit:101376 Reducing block sizes or `num_stages` may help.. 
E0714 15:40:45.798000 33276 site-packages/torch/_inductor/select_algorithm.py:3924] [0/0] Ignoring this choice.
Autotune Choices Stats:
{"num_choices": 22, "num_triton_choices": 20, "best_kernel": "triton_mm_138", "best_kernel_desc": "ACC_TYPE='tl.float32', ALLOW_TF32=False, BLOCK_K=64, BLOCK_M=64, BLOCK_N=64, EVEN_K=True, GROUP_M=8, USE_FAST_ACCUM=False, num_stages=3, num_warps=8", "best_time": 0.04710400104522705, "best_triton_pos": 0}
AUTOTUNE addmm(32768x192, 32768x192, 192x192)
strides: [0, 1], [192, 1], [1, 192]
dtypes: torch.float16, torch.float16, torch.float16
  triton_mm_138 0.0471 ms 100.0% ACC_TYPE='tl.float32', ALLOW_TF32=False, BLOCK_K=64, BLOCK_M=64, BLOCK_N=64, EVEN_K=True, GROUP_M=8, USE_FAST_ACCUM=False, num_stages=3, num_warps=8
  triton_mm_144 0.0500 ms 94.1% ACC_TYPE='tl.float32', ALLOW_TF32=False, BLOCK_K=32, BLOCK_M=128, BLOCK_N=64, EVEN_K=True, GROUP_M=8, USE_FAST_ACCUM=False, num_stages=3, num_warps=4
  triton_mm_141 0.0502 ms 93.9% ACC_TYPE='tl.float32', ALLOW_TF32=False, BLOCK_K=32, BLOCK_M=64, BLOCK_N=128, EVEN_K=True, GROUP_M=8, USE_FAST_ACCUM=False, num_stages=4, num_warps=8
  triton_mm_142 0.0502 ms 93.9% ACC_TYPE='tl.float32', ALLOW_TF32=False, BLOCK_K=64, BLOCK_M=64, BLOCK_N=128, EVEN_K=True, GROUP_M=8, USE_FAST_ACCUM=False, num_stages=3, num_warps=4
  triton_mm_145 0.0502 ms 93.9% ACC_TYPE='tl.float32', ALLOW_TF32=False, BLOCK_K=32, BLOCK_M=128, BLOCK_N=64, EVEN_K=True, GROUP_M=8, USE_FAST_ACCUM=False, num_stages=4, num_warps=8
  triton_mm_140 0.0512 ms 92.0% ACC_TYPE='tl.float32', ALLOW_TF32=False, BLOCK_K=32, BLOCK_M=64, BLOCK_N=128, EVEN_K=True, GROUP_M=8, USE_FAST_ACCUM=False, num_stages=3, num_warps=4
  triton_mm_137 0.0522 ms 90.2% ACC_TYPE='tl.float32', ALLOW_TF32=False, BLOCK_K=32, BLOCK_M=64, BLOCK_N=64, EVEN_K=True, GROUP_M=8, USE_FAST_ACCUM=False, num_stages=2, num_warps=4
  triton_mm_147 0.0532 ms 88.6% ACC_TYPE='tl.float32', ALLOW_TF32=False, BLOCK_K=32, BLOCK_M=128, BLOCK_N=128, EVEN_K=True, GROUP_M=8, USE_FAST_ACCUM=False, num_stages=3, num_warps=4
  triton_mm_148 0.0543 ms 86.8% ACC_TYPE='tl.float32', ALLOW_TF32=False, BLOCK_K=64, BLOCK_M=128, BLOCK_N=128, EVEN_K=True, GROUP_M=8, USE_FAST_ACCUM=False, num_stages=3, num_warps=4
  triton_mm_133 0.0604 ms 78.0% ACC_TYPE='tl.float32', ALLOW_TF32=False, BLOCK_K=32, BLOCK_M=32, BLOCK_N=64, EVEN_K=True, GROUP_M=8, USE_FAST_ACCUM=False, num_stages=5, num_warps=8
SingleProcess AUTOTUNE benchmarking takes 0.2393 seconds and 0.0002 seconds precompiling for 22 choices
E0714 15:40:46.104000 33276 site-packages/torch/_inductor/select_algorithm.py:3924] [0/0] Runtime error during autotuning: 
E0714 15:40:46.104000 33276 site-packages/torch/_inductor/select_algorithm.py:3924] [0/0] No valid triton configs. OutOfMemoryError: out of resource: triton_mm Required: 131072 Hardware limit:101376 Reducing block sizes or `num_stages` may help.. 
E0714 15:40:46.104000 33276 site-packages/torch/_inductor/select_algorithm.py:3924] [0/0] Ignoring this choice.
E0714 15:40:46.174000 33276 site-packages/torch/_inductor/select_algorithm.py:3924] [0/0] Runtime error during autotuning: 
E0714 15:40:46.174000 33276 site-packages/torch/_inductor/select_algorithm.py:3924] [0/0] No valid triton configs. OutOfMemoryError: out of resource: triton_mm Required: 147456 Hardware limit:101376 Reducing block sizes or `num_stages` may help.. 
E0714 15:40:46.174000 33276 site-packages/torch/_inductor/select_algorithm.py:3924] [0/0] Ignoring this choice.
E0714 15:40:46.295000 33276 site-packages/torch/_inductor/select_algorithm.py:3924] [0/0] Runtime error during autotuning: 
E0714 15:40:46.295000 33276 site-packages/torch/_inductor/select_algorithm.py:3924] [0/0] No valid triton configs. OutOfMemoryError: out of resource: triton_mm Required: 131072 Hardware limit:101376 Reducing block sizes or `num_stages` may help.. 
E0714 15:40:46.295000 33276 site-packages/torch/_inductor/select_algorithm.py:3924] [0/0] Ignoring this choice.
E0714 15:40:46.298000 33276 site-packages/torch/_inductor/select_algorithm.py:3924] [0/0] Runtime error during autotuning: 
E0714 15:40:46.298000 33276 site-packages/torch/_inductor/select_algorithm.py:3924] [0/0] No valid triton configs. OutOfMemoryError: out of resource: triton_mm Required: 196608 Hardware limit:101376 Reducing block sizes or `num_stages` may help.. 
E0714 15:40:46.298000 33276 site-packages/torch/_inductor/select_algorithm.py:3924] [0/0] Ignoring this choice.
Autotune Choices Stats:
{"num_choices": 22, "num_triton_choices": 20, "best_kernel": "bias_addmm", "best_time": 0.12377600371837616, "best_triton_pos": 1, "best_triton_time": 0.12595200538635254, "best_triton_kernel": "triton_mm_164", "best_triton_kernel_desc": "ACC_TYPE='tl.float32', ALLOW_TF32=False, BLOCK_K=32, BLOCK_M=128, BLOCK_N=64, EVEN_K=True, GROUP_M=8, USE_FAST_ACCUM=False, num_stages=3, num_warps=4"}
AUTOTUNE addmm(32768x768, 32768x192, 192x768)
strides: [0, 1], [192, 1], [1, 192]
dtypes: torch.float16, torch.float16, torch.float16
  bias_addmm 0.1238 ms 100.0% 
  triton_mm_164 0.1260 ms 98.3% ACC_TYPE='tl.float32', ALLOW_TF32=False, BLOCK_K=32, BLOCK_M=128, BLOCK_N=64, EVEN_K=True, GROUP_M=8, USE_FAST_ACCUM=False, num_stages=3, num_warps=4
  triton_mm_160 0.1321 ms 93.7% ACC_TYPE='tl.float32', ALLOW_TF32=False, BLOCK_K=32, BLOCK_M=64, BLOCK_N=128, EVEN_K=True, GROUP_M=8, USE_FAST_ACCUM=False, num_stages=3, num_warps=4
  triton_mm_161 0.1321 ms 93.7% ACC_TYPE='tl.float32', ALLOW_TF32=False, BLOCK_K=32, BLOCK_M=64, BLOCK_N=128, EVEN_K=True, GROUP_M=8, USE_FAST_ACCUM=False, num_stages=4, num_warps=8
  triton_mm_165 0.1321 ms 93.7% ACC_TYPE='tl.float32', ALLOW_TF32=False, BLOCK_K=32, BLOCK_M=128, BLOCK_N=64, EVEN_K=True, GROUP_M=8, USE_FAST_ACCUM=False, num_stages=4, num_warps=8
  triton_mm_157 0.1483 ms 83.5% ACC_TYPE='tl.float32', ALLOW_TF32=False, BLOCK_K=32, BLOCK_M=64, BLOCK_N=64, EVEN_K=True, GROUP_M=8, USE_FAST_ACCUM=False, num_stages=2, num_warps=4
  triton_mm_167 0.1516 ms 81.7% ACC_TYPE='tl.float32', ALLOW_TF32=False, BLOCK_K=32, BLOCK_M=128, BLOCK_N=128, EVEN_K=True, GROUP_M=8, USE_FAST_ACCUM=False, num_stages=3, num_warps=4
  triton_mm_168 0.1526 ms 81.1% ACC_TYPE='tl.float32', ALLOW_TF32=False, BLOCK_K=64, BLOCK_M=128, BLOCK_N=128, EVEN_K=True, GROUP_M=8, USE_FAST_ACCUM=False, num_stages=3, num_warps=4
  triton_mm_162 0.1546 ms 80.0% ACC_TYPE='tl.float32', ALLOW_TF32=False, BLOCK_K=64, BLOCK_M=64, BLOCK_N=128, EVEN_K=True, GROUP_M=8, USE_FAST_ACCUM=False, num_stages=3, num_warps=4
  triton_mm_158 0.1597 ms 77.5% ACC_TYPE='tl.float32', ALLOW_TF32=False, BLOCK_K=64, BLOCK_M=64, BLOCK_N=64, EVEN_K=True, GROUP_M=8, USE_FAST_ACCUM=False, num_stages=3, num_warps=8
SingleProcess AUTOTUNE benchmarking takes 0.4995 seconds and 0.0001 seconds precompiling for 22 choices
E0714 15:40:46.594000 33276 site-packages/torch/_inductor/select_algorithm.py:3924] [0/0] Runtime error during autotuning: 
E0714 15:40:46.594000 33276 site-packages/torch/_inductor/select_algorithm.py:3924] [0/0] No valid triton configs. OutOfMemoryError: out of resource: triton_mm Required: 131072 Hardware limit:101376 Reducing block sizes or `num_stages` may help.. 
E0714 15:40:46.594000 33276 site-packages/torch/_inductor/select_algorithm.py:3924] [0/0] Ignoring this choice.
E0714 15:40:46.671000 33276 site-packages/torch/_inductor/select_algorithm.py:3924] [0/0] Runtime error during autotuning: 
E0714 15:40:46.671000 33276 site-packages/torch/_inductor/select_algorithm.py:3924] [0/0] No valid triton configs. OutOfMemoryError: out of resource: triton_mm Required: 147456 Hardware limit:101376 Reducing block sizes or `num_stages` may help.. 
E0714 15:40:46.671000 33276 site-packages/torch/_inductor/select_algorithm.py:3924] [0/0] Ignoring this choice.
E0714 15:40:46.797000 33276 site-packages/torch/_inductor/select_algorithm.py:3924] [0/0] Runtime error during autotuning: 
E0714 15:40:46.797000 33276 site-packages/torch/_inductor/select_algorithm.py:3924] [0/0] No valid triton configs. OutOfMemoryError: out of resource: triton_mm Required: 131072 Hardware limit:101376 Reducing block sizes or `num_stages` may help.. 
E0714 15:40:46.797000 33276 site-packages/torch/_inductor/select_algorithm.py:3924] [0/0] Ignoring this choice.
E0714 15:40:46.799000 33276 site-packages/torch/_inductor/select_algorithm.py:3924] [0/0] Runtime error during autotuning: 
E0714 15:40:46.799000 33276 site-packages/torch/_inductor/select_algorithm.py:3924] [0/0] No valid triton configs. OutOfMemoryError: out of resource: triton_mm Required: 196608 Hardware limit:101376 Reducing block sizes or `num_stages` may help.. 
E0714 15:40:46.799000 33276 site-packages/torch/_inductor/select_algorithm.py:3924] [0/0] Ignoring this choice.
Autotune Choices Stats:
{"num_choices": 22, "num_triton_choices": 20, "best_kernel": "triton_mm_185", "best_kernel_desc": "ACC_TYPE='tl.float32', ALLOW_TF32=False, BLOCK_K=32, BLOCK_M=128, BLOCK_N=64, EVEN_K=True, GROUP_M=8, USE_FAST_ACCUM=False, num_stages=4, num_warps=8", "best_time": 0.13619199395179749, "best_triton_pos": 0}
AUTOTUNE addmm(32768x192, 32768x768, 768x192)
strides: [0, 1], [768, 1], [1, 768]
dtypes: torch.float16, torch.float16, torch.float16
  triton_mm_185 0.1362 ms 100.0% ACC_TYPE='tl.float32', ALLOW_TF32=False, BLOCK_K=32, BLOCK_M=128, BLOCK_N=64, EVEN_K=True, GROUP_M=8, USE_FAST_ACCUM=False, num_stages=4, num_warps=8
  triton_mm_178 0.1393 ms 97.8% ACC_TYPE='tl.float32', ALLOW_TF32=False, BLOCK_K=64, BLOCK_M=64, BLOCK_N=64, EVEN_K=True, GROUP_M=8, USE_FAST_ACCUM=False, num_stages=3, num_warps=8
  triton_mm_184 0.1485 ms 91.7% ACC_TYPE='tl.float32', ALLOW_TF32=False, BLOCK_K=32, BLOCK_M=128, BLOCK_N=64, EVEN_K=True, GROUP_M=8, USE_FAST_ACCUM=False, num_stages=3, num_warps=4
  triton_mm_180 0.1495 ms 91.1% ACC_TYPE='tl.float32', ALLOW_TF32=False, BLOCK_K=32, BLOCK_M=64, BLOCK_N=128, EVEN_K=True, GROUP_M=8, USE_FAST_ACCUM=False, num_stages=3, num_warps=4
  triton_mm_181 0.1495 ms 91.1% ACC_TYPE='tl.float32', ALLOW_TF32=False, BLOCK_K=32, BLOCK_M=64, BLOCK_N=128, EVEN_K=True, GROUP_M=8, USE_FAST_ACCUM=False, num_stages=4, num_warps=8
  triton_mm_188 0.1526 ms 89.3% ACC_TYPE='tl.float32', ALLOW_TF32=False, BLOCK_K=64, BLOCK_M=128, BLOCK_N=128, EVEN_K=True, GROUP_M=8, USE_FAST_ACCUM=False, num_stages=3, num_warps=4
  bias_addmm 0.1556 ms 87.5% 
  triton_mm_187 0.1587 ms 85.8% ACC_TYPE='tl.float32', ALLOW_TF32=False, BLOCK_K=32, BLOCK_M=128, BLOCK_N=128, EVEN_K=True, GROUP_M=8, USE_FAST_ACCUM=False, num_stages=3, num_warps=4
  triton_mm_177 0.1597 ms 85.3% ACC_TYPE='tl.float32', ALLOW_TF32=False, BLOCK_K=32, BLOCK_M=64, BLOCK_N=64, EVEN_K=True, GROUP_M=8, USE_FAST_ACCUM=False, num_stages=2, num_warps=4
  triton_mm_182 0.1608 ms 84.7% ACC_TYPE='tl.float32', ALLOW_TF32=False, BLOCK_K=64, BLOCK_M=64, BLOCK_N=128, EVEN_K=True, GROUP_M=8, USE_FAST_ACCUM=False, num_stages=3, num_warps=4
SingleProcess AUTOTUNE benchmarking takes 0.5004 seconds and 0.0002 seconds precompiling for 22 choices
E0714 15:40:47.064000 33276 site-packages/torch/_inductor/select_algorithm.py:3924] [0/0] Runtime error during autotuning: 
E0714 15:40:47.064000 33276 site-packages/torch/_inductor/select_algorithm.py:3924] [0/0] No valid triton configs. OutOfMemoryError: out of resource: triton_mm Required: 131072 Hardware limit:101376 Reducing block sizes or `num_stages` may help.. 
E0714 15:40:47.064000 33276 site-packages/torch/_inductor/select_algorithm.py:3924] [0/0] Ignoring this choice.
E0714 15:40:47.123000 33276 site-packages/torch/_inductor/select_algorithm.py:3924] [0/0] Runtime error during autotuning: 
E0714 15:40:47.123000 33276 site-packages/torch/_inductor/select_algorithm.py:3924] [0/0] No valid triton configs. OutOfMemoryError: out of resource: triton_mm Required: 147456 Hardware limit:101376 Reducing block sizes or `num_stages` may help.. 
E0714 15:40:47.123000 33276 site-packages/torch/_inductor/select_algorithm.py:3924] [0/0] Ignoring this choice.
E0714 15:40:47.225000 33276 site-packages/torch/_inductor/select_algorithm.py:3924] [0/0] Runtime error during autotuning: 
E0714 15:40:47.225000 33276 site-packages/torch/_inductor/select_algorithm.py:3924] [0/0] No valid triton configs. OutOfMemoryError: out of resource: triton_mm Required: 131072 Hardware limit:101376 Reducing block sizes or `num_stages` may help.. 
E0714 15:40:47.225000 33276 site-packages/torch/_inductor/select_algorithm.py:3924] [0/0] Ignoring this choice.
E0714 15:40:47.227000 33276 site-packages/torch/_inductor/select_algorithm.py:3924] [0/0] Runtime error during autotuning: 
E0714 15:40:47.227000 33276 site-packages/torch/_inductor/select_algorithm.py:3924] [0/0] No valid triton configs. OutOfMemoryError: out of resource: triton_mm Required: 196608 Hardware limit:101376 Reducing block sizes or `num_stages` may help.. 
E0714 15:40:47.227000 33276 site-packages/torch/_inductor/select_algorithm.py:3924] [0/0] Ignoring this choice.
Autotune Choices Stats:
{"num_choices": 22, "num_triton_choices": 20, "best_kernel": "bias_addmm", "best_time": 0.1013759970664978, "best_triton_pos": 1, "best_triton_time": 0.1013759970664978, "best_triton_kernel": "triton_mm_205", "best_triton_kernel_desc": "ACC_TYPE='tl.float32', ALLOW_TF32=False, BLOCK_K=32, BLOCK_M=128, BLOCK_N=64, EVEN_K=True, GROUP_M=8, USE_FAST_ACCUM=False, num_stages=4, num_warps=8"}
AUTOTUNE addmm(32768x576, 32768x192, 192x576)
strides: [0, 1], [192, 1], [1, 192]
dtypes: torch.float16, torch.float16, torch.float16
  bias_addmm 0.1014 ms 100.0% 
  triton_mm_205 0.1014 ms 100.0% ACC_TYPE='tl.float32', ALLOW_TF32=False, BLOCK_K=32, BLOCK_M=128, BLOCK_N=64, EVEN_K=True, GROUP_M=8, USE_FAST_ACCUM=False, num_stages=4, num_warps=8
  triton_mm_200 0.1044 ms 97.1% ACC_TYPE='tl.float32', ALLOW_TF32=False, BLOCK_K=32, BLOCK_M=64, BLOCK_N=128, EVEN_K=True, GROUP_M=8, USE_FAST_ACCUM=False, num_stages=3, num_warps=4
  triton_mm_204 0.1053 ms 96.2% ACC_TYPE='tl.float32', ALLOW_TF32=False, BLOCK_K=32, BLOCK_M=128, BLOCK_N=64, EVEN_K=True, GROUP_M=8, USE_FAST_ACCUM=False, num_stages=3, num_warps=4
  triton_mm_201 0.1062 ms 95.5% ACC_TYPE='tl.float32', ALLOW_TF32=False, BLOCK_K=32, BLOCK_M=64, BLOCK_N=128, EVEN_K=True, GROUP_M=8, USE_FAST_ACCUM=False, num_stages=4, num_warps=8
  triton_mm_198 0.1178 ms 86.1% ACC_TYPE='tl.float32', ALLOW_TF32=False, BLOCK_K=64, BLOCK_M=64, BLOCK_N=64, EVEN_K=True, GROUP_M=8, USE_FAST_ACCUM=False, num_stages=3, num_warps=8
  triton_mm_197 0.1188 ms 85.3% ACC_TYPE='tl.float32', ALLOW_TF32=False, BLOCK_K=32, BLOCK_M=64, BLOCK_N=64, EVEN_K=True, GROUP_M=8, USE_FAST_ACCUM=False, num_stages=2, num_warps=4
  triton_mm_207 0.1198 ms 84.6% ACC_TYPE='tl.float32', ALLOW_TF32=False, BLOCK_K=32, BLOCK_M=128, BLOCK_N=128, EVEN_K=True, GROUP_M=8, USE_FAST_ACCUM=False, num_stages=3, num_warps=4
  triton_mm_202 0.1280 ms 79.2% ACC_TYPE='tl.float32', ALLOW_TF32=False, BLOCK_K=64, BLOCK_M=64, BLOCK_N=128, EVEN_K=True, GROUP_M=8, USE_FAST_ACCUM=False, num_stages=3, num_warps=4
  triton_mm_208 0.1280 ms 79.2% ACC_TYPE='tl.float32', ALLOW_TF32=False, BLOCK_K=64, BLOCK_M=128, BLOCK_N=128, EVEN_K=True, GROUP_M=8, USE_FAST_ACCUM=False, num_stages=3, num_warps=4
SingleProcess AUTOTUNE benchmarking takes 0.4279 seconds and 0.0001 seconds precompiling for 22 choices
E0714 15:40:47.570000 33276 site-packages/torch/_inductor/select_algorithm.py:3924] [0/0] Runtime error during autotuning: 
E0714 15:40:47.570000 33276 site-packages/torch/_inductor/select_algorithm.py:3924] [0/0] No valid triton configs. OutOfMemoryError: out of resource: triton_mm Required: 131072 Hardware limit:101376 Reducing block sizes or `num_stages` may help.. 
E0714 15:40:47.570000 33276 site-packages/torch/_inductor/select_algorithm.py:3924] [0/0] Ignoring this choice.
E0714 15:40:47.663000 33276 site-packages/torch/_inductor/select_algorithm.py:3924] [0/0] Runtime error during autotuning: 
E0714 15:40:47.663000 33276 site-packages/torch/_inductor/select_algorithm.py:3924] [0/0] No valid triton configs. OutOfMemoryError: out of resource: triton_mm Required: 147456 Hardware limit:101376 Reducing block sizes or `num_stages` may help.. 
E0714 15:40:47.663000 33276 site-packages/torch/_inductor/select_algorithm.py:3924] [0/0] Ignoring this choice.
E0714 15:40:47.824000 33276 site-packages/torch/_inductor/select_algorithm.py:3924] [0/0] Runtime error during autotuning: 
E0714 15:40:47.824000 33276 site-packages/torch/_inductor/select_algorithm.py:3924] [0/0] No valid triton configs. OutOfMemoryError: out of resource: triton_mm Required: 131072 Hardware limit:101376 Reducing block sizes or `num_stages` may help.. 
E0714 15:40:47.824000 33276 site-packages/torch/_inductor/select_algorithm.py:3924] [0/0] Ignoring this choice.
E0714 15:40:47.826000 33276 site-packages/torch/_inductor/select_algorithm.py:3924] [0/0] Runtime error during autotuning: 
E0714 15:40:47.826000 33276 site-packages/torch/_inductor/select_algorithm.py:3924] [0/0] No valid triton configs. OutOfMemoryError: out of resource: triton_mm Required: 196608 Hardware limit:101376 Reducing block sizes or `num_stages` may help.. 
E0714 15:40:47.826000 33276 site-packages/torch/_inductor/select_algorithm.py:3924] [0/0] Ignoring this choice.
Autotune Choices Stats:
{"num_choices": 22, "num_triton_choices": 20, "best_kernel": "bias_addmm", "best_time": 0.16998399794101715, "best_triton_pos": 1, "best_triton_time": 0.18329599499702454, "best_triton_kernel": "triton_mm_300", "best_triton_kernel_desc": "ACC_TYPE='tl.float32', ALLOW_TF32=False, BLOCK_K=32, BLOCK_M=64, BLOCK_N=128, EVEN_K=True, GROUP_M=8, USE_FAST_ACCUM=False, num_stages=3, num_warps=4"}
AUTOTUNE addmm(32768x1152, 32768x192, 192x1152)
strides: [0, 1], [192, 1], [1, 192]
dtypes: torch.float16, torch.float16, torch.float16
  bias_addmm 0.1700 ms 100.0% 
  triton_mm_300 0.1833 ms 92.7% ACC_TYPE='tl.float32', ALLOW_TF32=False, BLOCK_K=32, BLOCK_M=64, BLOCK_N=128, EVEN_K=True, GROUP_M=8, USE_FAST_ACCUM=False, num_stages=3, num_warps=4
  triton_mm_304 0.1853 ms 91.7% ACC_TYPE='tl.float32', ALLOW_TF32=False, BLOCK_K=32, BLOCK_M=128, BLOCK_N=64, EVEN_K=True, GROUP_M=8, USE_FAST_ACCUM=False, num_stages=3, num_warps=4
  triton_mm_305 0.1923 ms 88.4% ACC_TYPE='tl.float32', ALLOW_TF32=False, BLOCK_K=32, BLOCK_M=128, BLOCK_N=64, EVEN_K=True, GROUP_M=8, USE_FAST_ACCUM=False, num_stages=4, num_warps=8
  triton_mm_301 0.1986 ms 85.6% ACC_TYPE='tl.float32', ALLOW_TF32=False, BLOCK_K=32, BLOCK_M=64, BLOCK_N=128, EVEN_K=True, GROUP_M=8, USE_FAST_ACCUM=False, num_stages=4, num_warps=8
  triton_mm_307 0.2028 ms 83.8% ACC_TYPE='tl.float32', ALLOW_TF32=False, BLOCK_K=32, BLOCK_M=128, BLOCK_N=128, EVEN_K=True, GROUP_M=8, USE_FAST_ACCUM=False, num_stages=3, num_warps=4
  triton_mm_297 0.2109 ms 80.6% ACC_TYPE='tl.float32', ALLOW_TF32=False, BLOCK_K=32, BLOCK_M=64, BLOCK_N=64, EVEN_K=True, GROUP_M=8, USE_FAST_ACCUM=False, num_stages=2, num_warps=4
  triton_mm_308 0.2314 ms 73.5% ACC_TYPE='tl.float32', ALLOW_TF32=False, BLOCK_K=64, BLOCK_M=128, BLOCK_N=128, EVEN_K=True, GROUP_M=8, USE_FAST_ACCUM=False, num_stages=3, num_warps=4
  triton_mm_302 0.2365 ms 71.9% ACC_TYPE='tl.float32', ALLOW_TF32=False, BLOCK_K=64, BLOCK_M=64, BLOCK_N=128, EVEN_K=True, GROUP_M=8, USE_FAST_ACCUM=False, num_stages=3, num_warps=4
  triton_mm_298 0.2478 ms 68.6% ACC_TYPE='tl.float32', ALLOW_TF32=False, BLOCK_K=64, BLOCK_M=64, BLOCK_N=64, EVEN_K=True, GROUP_M=8, USE_FAST_ACCUM=False, num_stages=3, num_warps=8
SingleProcess AUTOTUNE benchmarking takes 0.5975 seconds and 0.0001 seconds precompiling for 22 choices
E0714 15:40:47.947000 33276 site-packages/torch/_inductor/select_algorithm.py:3924] [0/0] Runtime error during autotuning: 
E0714 15:40:47.947000 33276 site-packages/torch/_inductor/select_algorithm.py:3924] [0/0] No valid triton configs. OutOfMemoryError: out of resource: triton_mm Required: 131072 Hardware limit:101376 Reducing block sizes or `num_stages` may help.. 
E0714 15:40:47.947000 33276 site-packages/torch/_inductor/select_algorithm.py:3924] [0/0] Ignoring this choice.
E0714 15:40:47.978000 33276 site-packages/torch/_inductor/select_algorithm.py:3924] [0/0] Runtime error during autotuning: 
E0714 15:40:47.978000 33276 site-packages/torch/_inductor/select_algorithm.py:3924] [0/0] No valid triton configs. OutOfMemoryError: out of resource: triton_mm Required: 147456 Hardware limit:101376 Reducing block sizes or `num_stages` may help.. 
E0714 15:40:47.978000 33276 site-packages/torch/_inductor/select_algorithm.py:3924] [0/0] Ignoring this choice.
E0714 15:40:48.030000 33276 site-packages/torch/_inductor/select_algorithm.py:3924] [0/0] Runtime error during autotuning: 
E0714 15:40:48.030000 33276 site-packages/torch/_inductor/select_algorithm.py:3924] [0/0] No valid triton configs. OutOfMemoryError: out of resource: triton_mm Required: 131072 Hardware limit:101376 Reducing block sizes or `num_stages` may help.. 
E0714 15:40:48.030000 33276 site-packages/torch/_inductor/select_algorithm.py:3924] [0/0] Ignoring this choice.
E0714 15:40:48.032000 33276 site-packages/torch/_inductor/select_algorithm.py:3924] [0/0] Runtime error during autotuning: 
E0714 15:40:48.032000 33276 site-packages/torch/_inductor/select_algorithm.py:3924] [0/0] No valid triton configs. OutOfMemoryError: out of resource: triton_mm Required: 196608 Hardware limit:101376 Reducing block sizes or `num_stages` may help.. 
E0714 15:40:48.032000 33276 site-packages/torch/_inductor/select_algorithm.py:3924] [0/0] Ignoring this choice.
Autotune Choices Stats:
{"num_choices": 22, "num_triton_choices": 20, "best_kernel": "triton_mm_320", "best_kernel_desc": "ACC_TYPE='tl.float32', ALLOW_TF32=False, BLOCK_K=32, BLOCK_M=64, BLOCK_N=128, EVEN_K=True, GROUP_M=8, USE_FAST_ACCUM=False, num_stages=3, num_warps=4", "best_time": 0.03276799991726875, "best_triton_pos": 0}
AUTOTUNE addmm(8192x384, 8192x384, 384x384)
strides: [0, 1], [384, 1], [1, 384]
dtypes: torch.float16, torch.float16, torch.float16
  triton_mm_320 0.0328 ms 100.0% ACC_TYPE='tl.float32', ALLOW_TF32=False, BLOCK_K=32, BLOCK_M=64, BLOCK_N=128, EVEN_K=True, GROUP_M=8, USE_FAST_ACCUM=False, num_stages=3, num_warps=4
  triton_mm_324 0.0338 ms 97.0% ACC_TYPE='tl.float32', ALLOW_TF32=False, BLOCK_K=32, BLOCK_M=128, BLOCK_N=64, EVEN_K=True, GROUP_M=8, USE_FAST_ACCUM=False, num_stages=3, num_warps=4
  triton_mm_327 0.0338 ms 97.0% ACC_TYPE='tl.float32', ALLOW_TF32=False, BLOCK_K=32, BLOCK_M=128, BLOCK_N=128, EVEN_K=True, GROUP_M=8, USE_FAST_ACCUM=False, num_stages=3, num_warps=4
  triton_mm_322 0.0348 ms 94.1% ACC_TYPE='tl.float32', ALLOW_TF32=False, BLOCK_K=64, BLOCK_M=64, BLOCK_N=128, EVEN_K=True, GROUP_M=8, USE_FAST_ACCUM=False, num_stages=3, num_warps=4
  triton_mm_321 0.0368 ms 89.0% ACC_TYPE='tl.float32', ALLOW_TF32=False, BLOCK_K=32, BLOCK_M=64, BLOCK_N=128, EVEN_K=True, GROUP_M=8, USE_FAST_ACCUM=False, num_stages=4, num_warps=8
  triton_mm_325 0.0369 ms 88.9% ACC_TYPE='tl.float32', ALLOW_TF32=False, BLOCK_K=32, BLOCK_M=128, BLOCK_N=64, EVEN_K=True, GROUP_M=8, USE_FAST_ACCUM=False, num_stages=4, num_warps=8
  triton_mm_318 0.0389 ms 84.2% ACC_TYPE='tl.float32', ALLOW_TF32=False, BLOCK_K=64, BLOCK_M=64, BLOCK_N=64, EVEN_K=True, GROUP_M=8, USE_FAST_ACCUM=False, num_stages=3, num_warps=8
  triton_mm_328 0.0389 ms 84.2% ACC_TYPE='tl.float32', ALLOW_TF32=False, BLOCK_K=64, BLOCK_M=128, BLOCK_N=128, EVEN_K=True, GROUP_M=8, USE_FAST_ACCUM=False, num_stages=3, num_warps=4
  triton_mm_317 0.0399 ms 82.1% ACC_TYPE='tl.float32', ALLOW_TF32=False, BLOCK_K=32, BLOCK_M=64, BLOCK_N=64, EVEN_K=True, GROUP_M=8, USE_FAST_ACCUM=False, num_stages=2, num_warps=4
  triton_mm_326 0.0502 ms 65.3% ACC_TYPE='tl.float32', ALLOW_TF32=False, BLOCK_K=32, BLOCK_M=128, BLOCK_N=128, EVEN_K=True, GROUP_M=8, USE_FAST_ACCUM=False, num_stages=2, num_warps=8
SingleProcess AUTOTUNE benchmarking takes 0.2051 seconds and 0.0001 seconds precompiling for 22 choices
E0714 15:40:48.309000 33276 site-packages/torch/_inductor/select_algorithm.py:3924] [0/0] Runtime error during autotuning: 
E0714 15:40:48.309000 33276 site-packages/torch/_inductor/select_algorithm.py:3924] [0/0] No valid triton configs. OutOfMemoryError: out of resource: triton_mm Required: 131072 Hardware limit:101376 Reducing block sizes or `num_stages` may help.. 
E0714 15:40:48.309000 33276 site-packages/torch/_inductor/select_algorithm.py:3924] [0/0] Ignoring this choice.
E0714 15:40:48.369000 33276 site-packages/torch/_inductor/select_algorithm.py:3924] [0/0] Runtime error during autotuning: 
E0714 15:40:48.369000 33276 site-packages/torch/_inductor/select_algorithm.py:3924] [0/0] No valid triton configs. OutOfMemoryError: out of resource: triton_mm Required: 147456 Hardware limit:101376 Reducing block sizes or `num_stages` may help.. 
E0714 15:40:48.369000 33276 site-packages/torch/_inductor/select_algorithm.py:3924] [0/0] Ignoring this choice.
E0714 15:40:48.475000 33276 site-packages/torch/_inductor/select_algorithm.py:3924] [0/0] Runtime error during autotuning: 
E0714 15:40:48.475000 33276 site-packages/torch/_inductor/select_algorithm.py:3924] [0/0] No valid triton configs. OutOfMemoryError: out of resource: triton_mm Required: 131072 Hardware limit:101376 Reducing block sizes or `num_stages` may help.. 
E0714 15:40:48.475000 33276 site-packages/torch/_inductor/select_algorithm.py:3924] [0/0] Ignoring this choice.
E0714 15:40:48.478000 33276 site-packages/torch/_inductor/select_algorithm.py:3924] [0/0] Runtime error during autotuning: 
E0714 15:40:48.478000 33276 site-packages/torch/_inductor/select_algorithm.py:3924] [0/0] No valid triton configs. OutOfMemoryError: out of resource: triton_mm Required: 196608 Hardware limit:101376 Reducing block sizes or `num_stages` may help.. 
E0714 15:40:48.478000 33276 site-packages/torch/_inductor/select_algorithm.py:3924] [0/0] Ignoring this choice.
Autotune Choices Stats:
{"num_choices": 22, "num_triton_choices": 20, "best_kernel": "bias_addmm", "best_time": 0.10751999914646149, "best_triton_pos": 1, "best_triton_time": 0.11468800157308578, "best_triton_kernel": "triton_mm_341", "best_triton_kernel_desc": "ACC_TYPE='tl.float32', ALLOW_TF32=False, BLOCK_K=32, BLOCK_M=64, BLOCK_N=128, EVEN_K=True, GROUP_M=8, USE_FAST_ACCUM=False, num_stages=4, num_warps=8"}
AUTOTUNE addmm(8192x1536, 8192x384, 384x1536)
strides: [0, 1], [384, 1], [1, 384]
dtypes: torch.float16, torch.float16, torch.float16
  bias_addmm 0.1075 ms 100.0% 
  triton_mm_341 0.1147 ms 93.7% ACC_TYPE='tl.float32', ALLOW_TF32=False, BLOCK_K=32, BLOCK_M=64, BLOCK_N=128, EVEN_K=True, GROUP_M=8, USE_FAST_ACCUM=False, num_stages=4, num_warps=8
  triton_mm_347 0.1178 ms 91.3% ACC_TYPE='tl.float32', ALLOW_TF32=False, BLOCK_K=32, BLOCK_M=128, BLOCK_N=128, EVEN_K=True, GROUP_M=8, USE_FAST_ACCUM=False, num_stages=3, num_warps=4
  triton_mm_340 0.1190 ms 90.3% ACC_TYPE='tl.float32', ALLOW_TF32=False, BLOCK_K=32, BLOCK_M=64, BLOCK_N=128, EVEN_K=True, GROUP_M=8, USE_FAST_ACCUM=False, num_stages=3, num_warps=4
  triton_mm_345 0.1198 ms 89.7% ACC_TYPE='tl.float32', ALLOW_TF32=False, BLOCK_K=32, BLOCK_M=128, BLOCK_N=64, EVEN_K=True, GROUP_M=8, USE_FAST_ACCUM=False, num_stages=4, num_warps=8
  triton_mm_344 0.1219 ms 88.2% ACC_TYPE='tl.float32', ALLOW_TF32=False, BLOCK_K=32, BLOCK_M=128, BLOCK_N=64, EVEN_K=True, GROUP_M=8, USE_FAST_ACCUM=False, num_stages=3, num_warps=4
  triton_mm_342 0.1239 ms 86.8% ACC_TYPE='tl.float32', ALLOW_TF32=False, BLOCK_K=64, BLOCK_M=64, BLOCK_N=128, EVEN_K=True, GROUP_M=8, USE_FAST_ACCUM=False, num_stages=3, num_warps=4
  triton_mm_348 0.1239 ms 86.8% ACC_TYPE='tl.float32', ALLOW_TF32=False, BLOCK_K=64, BLOCK_M=128, BLOCK_N=128, EVEN_K=True, GROUP_M=8, USE_FAST_ACCUM=False, num_stages=3, num_warps=4
  triton_mm_338 0.1444 ms 74.5% ACC_TYPE='tl.float32', ALLOW_TF32=False, BLOCK_K=64, BLOCK_M=64, BLOCK_N=64, EVEN_K=True, GROUP_M=8, USE_FAST_ACCUM=False, num_stages=3, num_warps=8
  triton_mm_337 0.1464 ms 73.4% ACC_TYPE='tl.float32', ALLOW_TF32=False, BLOCK_K=32, BLOCK_M=64, BLOCK_N=64, EVEN_K=True, GROUP_M=8, USE_FAST_ACCUM=False, num_stages=2, num_warps=4
SingleProcess AUTOTUNE benchmarking takes 0.4453 seconds and 0.0001 seconds precompiling for 22 choices
E0714 15:40:48.769000 33276 site-packages/torch/_inductor/select_algorithm.py:3924] [0/0] Runtime error during autotuning: 
E0714 15:40:48.769000 33276 site-packages/torch/_inductor/select_algorithm.py:3924] [0/0] No valid triton configs. OutOfMemoryError: out of resource: triton_mm Required: 131072 Hardware limit:101376 Reducing block sizes or `num_stages` may help.. 
E0714 15:40:48.769000 33276 site-packages/torch/_inductor/select_algorithm.py:3924] [0/0] Ignoring this choice.
E0714 15:40:48.833000 33276 site-packages/torch/_inductor/select_algorithm.py:3924] [0/0] Runtime error during autotuning: 
E0714 15:40:48.833000 33276 site-packages/torch/_inductor/select_algorithm.py:3924] [0/0] No valid triton configs. OutOfMemoryError: out of resource: triton_mm Required: 147456 Hardware limit:101376 Reducing block sizes or `num_stages` may help.. 
E0714 15:40:48.833000 33276 site-packages/torch/_inductor/select_algorithm.py:3924] [0/0] Ignoring this choice.
E0714 15:40:48.930000 33276 site-packages/torch/_inductor/select_algorithm.py:3924] [0/0] Runtime error during autotuning: 
E0714 15:40:48.930000 33276 site-packages/torch/_inductor/select_algorithm.py:3924] [0/0] No valid triton configs. OutOfMemoryError: out of resource: triton_mm Required: 131072 Hardware limit:101376 Reducing block sizes or `num_stages` may help.. 
E0714 15:40:48.930000 33276 site-packages/torch/_inductor/select_algorithm.py:3924] [0/0] Ignoring this choice.
E0714 15:40:48.933000 33276 site-packages/torch/_inductor/select_algorithm.py:3924] [0/0] Runtime error during autotuning: 
E0714 15:40:48.933000 33276 site-packages/torch/_inductor/select_algorithm.py:3924] [0/0] No valid triton configs. OutOfMemoryError: out of resource: triton_mm Required: 196608 Hardware limit:101376 Reducing block sizes or `num_stages` may help.. 
E0714 15:40:48.933000 33276 site-packages/torch/_inductor/select_algorithm.py:3924] [0/0] Ignoring this choice.
Autotune Choices Stats:
{"num_choices": 22, "num_triton_choices": 20, "best_kernel": "triton_mm_364", "best_kernel_desc": "ACC_TYPE='tl.float32', ALLOW_TF32=False, BLOCK_K=32, BLOCK_M=128, BLOCK_N=64, EVEN_K=True, GROUP_M=8, USE_FAST_ACCUM=False, num_stages=3, num_warps=4", "best_time": 0.1085439994931221, "best_triton_pos": 0}
AUTOTUNE addmm(8192x384, 8192x1536, 1536x384)
strides: [0, 1], [1536, 1], [1, 1536]
dtypes: torch.float16, torch.float16, torch.float16
  triton_mm_364 0.1085 ms 100.0% ACC_TYPE='tl.float32', ALLOW_TF32=False, BLOCK_K=32, BLOCK_M=128, BLOCK_N=64, EVEN_K=True, GROUP_M=8, USE_FAST_ACCUM=False, num_stages=3, num_warps=4
  triton_mm_365 0.1106 ms 98.2% ACC_TYPE='tl.float32', ALLOW_TF32=False, BLOCK_K=32, BLOCK_M=128, BLOCK_N=64, EVEN_K=True, GROUP_M=8, USE_FAST_ACCUM=False, num_stages=4, num_warps=8
  triton_mm_367 0.1106 ms 98.1% ACC_TYPE='tl.float32', ALLOW_TF32=False, BLOCK_K=32, BLOCK_M=128, BLOCK_N=128, EVEN_K=True, GROUP_M=8, USE_FAST_ACCUM=False, num_stages=3, num_warps=4
  triton_mm_368 0.1165 ms 93.2% ACC_TYPE='tl.float32', ALLOW_TF32=False, BLOCK_K=64, BLOCK_M=128, BLOCK_N=128, EVEN_K=True, GROUP_M=8, USE_FAST_ACCUM=False, num_stages=3, num_warps=4
  triton_mm_361 0.1167 ms 93.0% ACC_TYPE='tl.float32', ALLOW_TF32=False, BLOCK_K=32, BLOCK_M=64, BLOCK_N=128, EVEN_K=True, GROUP_M=8, USE_FAST_ACCUM=False, num_stages=4, num_warps=8
  triton_mm_362 0.1219 ms 89.1% ACC_TYPE='tl.float32', ALLOW_TF32=False, BLOCK_K=64, BLOCK_M=64, BLOCK_N=128, EVEN_K=True, GROUP_M=8, USE_FAST_ACCUM=False, num_stages=3, num_warps=4
  triton_mm_360 0.1232 ms 88.1% ACC_TYPE='tl.float32', ALLOW_TF32=False, BLOCK_K=32, BLOCK_M=64, BLOCK_N=128, EVEN_K=True, GROUP_M=8, USE_FAST_ACCUM=False, num_stages=3, num_warps=4
  bias_addmm 0.1290 ms 84.1% 
  triton_mm_366 0.1372 ms 79.1% ACC_TYPE='tl.float32', ALLOW_TF32=False, BLOCK_K=32, BLOCK_M=128, BLOCK_N=128, EVEN_K=True, GROUP_M=8, USE_FAST_ACCUM=False, num_stages=2, num_warps=8
  triton_mm_358 0.1464 ms 74.1% ACC_TYPE='tl.float32', ALLOW_TF32=False, BLOCK_K=64, BLOCK_M=64, BLOCK_N=64, EVEN_K=True, GROUP_M=8, USE_FAST_ACCUM=False, num_stages=3, num_warps=8
SingleProcess AUTOTUNE benchmarking takes 0.4545 seconds and 0.0001 seconds precompiling for 22 choices
E0714 15:40:49.198000 33276 site-packages/torch/_inductor/select_algorithm.py:3924] [0/0] Runtime error during autotuning: 
E0714 15:40:49.198000 33276 site-packages/torch/_inductor/select_algorithm.py:3924] [0/0] No valid triton configs. OutOfMemoryError: out of resource: triton_mm Required: 131072 Hardware limit:101376 Reducing block sizes or `num_stages` may help.. 
E0714 15:40:49.198000 33276 site-packages/torch/_inductor/select_algorithm.py:3924] [0/0] Ignoring this choice.
E0714 15:40:49.253000 33276 site-packages/torch/_inductor/select_algorithm.py:3924] [0/0] Runtime error during autotuning: 
E0714 15:40:49.253000 33276 site-packages/torch/_inductor/select_algorithm.py:3924] [0/0] No valid triton configs. OutOfMemoryError: out of resource: triton_mm Required: 147456 Hardware limit:101376 Reducing block sizes or `num_stages` may help.. 
E0714 15:40:49.253000 33276 site-packages/torch/_inductor/select_algorithm.py:3924] [0/0] Ignoring this choice.
E0714 15:40:49.351000 33276 site-packages/torch/_inductor/select_algorithm.py:3924] [0/0] Runtime error during autotuning: 
E0714 15:40:49.351000 33276 site-packages/torch/_inductor/select_algorithm.py:3924] [0/0] No valid triton configs. OutOfMemoryError: out of resource: triton_mm Required: 131072 Hardware limit:101376 Reducing block sizes or `num_stages` may help.. 
E0714 15:40:49.351000 33276 site-packages/torch/_inductor/select_algorithm.py:3924] [0/0] Ignoring this choice.
E0714 15:40:49.353000 33276 site-packages/torch/_inductor/select_algorithm.py:3924] [0/0] Runtime error during autotuning: 
E0714 15:40:49.353000 33276 site-packages/torch/_inductor/select_algorithm.py:3924] [0/0] No valid triton configs. OutOfMemoryError: out of resource: triton_mm Required: 196608 Hardware limit:101376 Reducing block sizes or `num_stages` may help.. 
E0714 15:40:49.353000 33276 site-packages/torch/_inductor/select_algorithm.py:3924] [0/0] Ignoring this choice.
Autotune Choices Stats:
{"num_choices": 22, "num_triton_choices": 20, "best_kernel": "triton_mm_380", "best_kernel_desc": "ACC_TYPE='tl.float32', ALLOW_TF32=False, BLOCK_K=32, BLOCK_M=64, BLOCK_N=128, EVEN_K=True, GROUP_M=8, USE_FAST_ACCUM=False, num_stages=3, num_warps=4", "best_time": 0.09955199807882309, "best_triton_pos": 0}
AUTOTUNE addmm(9800x1152, 9800x384, 384x1152)
strides: [0, 1], [384, 1], [1, 384]
dtypes: torch.float16, torch.float16, torch.float16
  triton_mm_380 0.0996 ms 100.0% ACC_TYPE='tl.float32', ALLOW_TF32=False, BLOCK_K=32, BLOCK_M=64, BLOCK_N=128, EVEN_K=True, GROUP_M=8, USE_FAST_ACCUM=False, num_stages=3, num_warps=4
  triton_mm_381 0.1055 ms 94.4% ACC_TYPE='tl.float32', ALLOW_TF32=False, BLOCK_K=32, BLOCK_M=64, BLOCK_N=128, EVEN_K=True, GROUP_M=8, USE_FAST_ACCUM=False, num_stages=4, num_warps=8
  triton_mm_385 0.1065 ms 93.5% ACC_TYPE='tl.float32', ALLOW_TF32=False, BLOCK_K=32, BLOCK_M=128, BLOCK_N=64, EVEN_K=True, GROUP_M=8, USE_FAST_ACCUM=False, num_stages=4, num_warps=8
  triton_mm_384 0.1096 ms 90.9% ACC_TYPE='tl.float32', ALLOW_TF32=False, BLOCK_K=32, BLOCK_M=128, BLOCK_N=64, EVEN_K=True, GROUP_M=8, USE_FAST_ACCUM=False, num_stages=3, num_warps=4
  triton_mm_382 0.1106 ms 90.0% ACC_TYPE='tl.float32', ALLOW_TF32=False, BLOCK_K=64, BLOCK_M=64, BLOCK_N=128, EVEN_K=True, GROUP_M=8, USE_FAST_ACCUM=False, num_stages=3, num_warps=4
  triton_mm_388 0.1109 ms 89.8% ACC_TYPE='tl.float32', ALLOW_TF32=False, BLOCK_K=64, BLOCK_M=128, BLOCK_N=128, EVEN_K=True, GROUP_M=8, USE_FAST_ACCUM=False, num_stages=3, num_warps=4
  triton_mm_387 0.1116 ms 89.2% ACC_TYPE='tl.float32', ALLOW_TF32=False, BLOCK_K=32, BLOCK_M=128, BLOCK_N=128, EVEN_K=True, GROUP_M=8, USE_FAST_ACCUM=False, num_stages=3, num_warps=4
  bias_addmm 0.1260 ms 79.0% 
  triton_mm_377 0.1308 ms 76.1% ACC_TYPE='tl.float32', ALLOW_TF32=False, BLOCK_K=32, BLOCK_M=64, BLOCK_N=64, EVEN_K=True, GROUP_M=8, USE_FAST_ACCUM=False, num_stages=2, num_warps=4
  triton_mm_378 0.1321 ms 75.4% ACC_TYPE='tl.float32', ALLOW_TF32=False, BLOCK_K=64, BLOCK_M=64, BLOCK_N=64, EVEN_K=True, GROUP_M=8, USE_FAST_ACCUM=False, num_stages=3, num_warps=8
SingleProcess AUTOTUNE benchmarking takes 0.4205 seconds and 0.0001 seconds precompiling for 22 choices
E0714 15:40:49.481000 33276 site-packages/torch/_inductor/select_algorithm.py:3924] [0/0] Runtime error during autotuning: 
E0714 15:40:49.481000 33276 site-packages/torch/_inductor/select_algorithm.py:3924] [0/0] No valid triton configs. OutOfMemoryError: out of resource: triton_mm Required: 131072 Hardware limit:101376 Reducing block sizes or `num_stages` may help.. 
E0714 15:40:49.481000 33276 site-packages/torch/_inductor/select_algorithm.py:3924] [0/0] Ignoring this choice.
E0714 15:40:49.513000 33276 site-packages/torch/_inductor/select_algorithm.py:3924] [0/0] Runtime error during autotuning: 
E0714 15:40:49.513000 33276 site-packages/torch/_inductor/select_algorithm.py:3924] [0/0] No valid triton configs. OutOfMemoryError: out of resource: triton_mm Required: 147456 Hardware limit:101376 Reducing block sizes or `num_stages` may help.. 
E0714 15:40:49.513000 33276 site-packages/torch/_inductor/select_algorithm.py:3924] [0/0] Ignoring this choice.
E0714 15:40:49.567000 33276 site-packages/torch/_inductor/select_algorithm.py:3924] [0/0] Runtime error during autotuning: 
E0714 15:40:49.567000 33276 site-packages/torch/_inductor/select_algorithm.py:3924] [0/0] No valid triton configs. OutOfMemoryError: out of resource: triton_mm Required: 131072 Hardware limit:101376 Reducing block sizes or `num_stages` may help.. 
E0714 15:40:49.567000 33276 site-packages/torch/_inductor/select_algorithm.py:3924] [0/0] Ignoring this choice.
E0714 15:40:49.570000 33276 site-packages/torch/_inductor/select_algorithm.py:3924] [0/0] Runtime error during autotuning: 
E0714 15:40:49.570000 33276 site-packages/torch/_inductor/select_algorithm.py:3924] [0/0] No valid triton configs. OutOfMemoryError: out of resource: triton_mm Required: 196608 Hardware limit:101376 Reducing block sizes or `num_stages` may help.. 
E0714 15:40:49.570000 33276 site-packages/torch/_inductor/select_algorithm.py:3924] [0/0] Ignoring this choice.
Autotune Choices Stats:
{"num_choices": 22, "num_triton_choices": 20, "best_kernel": "triton_mm_407", "best_kernel_desc": "ACC_TYPE='tl.float32', ALLOW_TF32=False, BLOCK_K=32, BLOCK_M=128, BLOCK_N=128, EVEN_K=True, GROUP_M=8, USE_FAST_ACCUM=False, num_stages=3, num_warps=4", "best_time": 0.03686400130391121, "best_triton_pos": 0}
AUTOTUNE addmm(9800x384, 9800x384, 384x384)
strides: [0, 1], [384, 1], [1, 384]
dtypes: torch.float16, torch.float16, torch.float16
  triton_mm_407 0.0369 ms 100.0% ACC_TYPE='tl.float32', ALLOW_TF32=False, BLOCK_K=32, BLOCK_M=128, BLOCK_N=128, EVEN_K=True, GROUP_M=8, USE_FAST_ACCUM=False, num_stages=3, num_warps=4
  triton_mm_404 0.0379 ms 97.3% ACC_TYPE='tl.float32', ALLOW_TF32=False, BLOCK_K=32, BLOCK_M=128, BLOCK_N=64, EVEN_K=True, GROUP_M=8, USE_FAST_ACCUM=False, num_stages=3, num_warps=4
  triton_mm_400 0.0389 ms 94.7% ACC_TYPE='tl.float32', ALLOW_TF32=False, BLOCK_K=32, BLOCK_M=64, BLOCK_N=128, EVEN_K=True, GROUP_M=8, USE_FAST_ACCUM=False, num_stages=3, num_warps=4
  triton_mm_402 0.0399 ms 92.5% ACC_TYPE='tl.float32', ALLOW_TF32=False, BLOCK_K=64, BLOCK_M=64, BLOCK_N=128, EVEN_K=True, GROUP_M=8, USE_FAST_ACCUM=False, num_stages=3, num_warps=4
  triton_mm_408 0.0399 ms 92.3% ACC_TYPE='tl.float32', ALLOW_TF32=False, BLOCK_K=64, BLOCK_M=128, BLOCK_N=128, EVEN_K=True, GROUP_M=8, USE_FAST_ACCUM=False, num_stages=3, num_warps=4
  triton_mm_405 0.0410 ms 90.0% ACC_TYPE='tl.float32', ALLOW_TF32=False, BLOCK_K=32, BLOCK_M=128, BLOCK_N=64, EVEN_K=True, GROUP_M=8, USE_FAST_ACCUM=False, num_stages=4, num_warps=8
  triton_mm_401 0.0420 ms 87.8% ACC_TYPE='tl.float32', ALLOW_TF32=False, BLOCK_K=32, BLOCK_M=64, BLOCK_N=128, EVEN_K=True, GROUP_M=8, USE_FAST_ACCUM=False, num_stages=4, num_warps=8
  triton_mm_398 0.0451 ms 81.8% ACC_TYPE='tl.float32', ALLOW_TF32=False, BLOCK_K=64, BLOCK_M=64, BLOCK_N=64, EVEN_K=True, GROUP_M=8, USE_FAST_ACCUM=False, num_stages=3, num_warps=8
  triton_mm_397 0.0471 ms 78.3% ACC_TYPE='tl.float32', ALLOW_TF32=False, BLOCK_K=32, BLOCK_M=64, BLOCK_N=64, EVEN_K=True, GROUP_M=8, USE_FAST_ACCUM=False, num_stages=2, num_warps=4
  triton_mm_406 0.0522 ms 70.6% ACC_TYPE='tl.float32', ALLOW_TF32=False, BLOCK_K=32, BLOCK_M=128, BLOCK_N=128, EVEN_K=True, GROUP_M=8, USE_FAST_ACCUM=False, num_stages=2, num_warps=8
SingleProcess AUTOTUNE benchmarking takes 0.2161 seconds and 0.0001 seconds precompiling for 22 choices
E0714 15:40:49.800000 33276 site-packages/torch/_inductor/select_algorithm.py:3924] [0/0] Runtime error during autotuning: 
E0714 15:40:49.800000 33276 site-packages/torch/_inductor/select_algorithm.py:3924] [0/0] No valid triton configs. OutOfMemoryError: out of resource: triton_mm Required: 131072 Hardware limit:101376 Reducing block sizes or `num_stages` may help.. 
E0714 15:40:49.800000 33276 site-packages/torch/_inductor/select_algorithm.py:3924] [0/0] Ignoring this choice.
E0714 15:40:49.850000 33276 site-packages/torch/_inductor/select_algorithm.py:3924] [0/0] Runtime error during autotuning: 
E0714 15:40:49.850000 33276 site-packages/torch/_inductor/select_algorithm.py:3924] [0/0] No valid triton configs. OutOfMemoryError: out of resource: triton_mm Required: 147456 Hardware limit:101376 Reducing block sizes or `num_stages` may help.. 
E0714 15:40:49.850000 33276 site-packages/torch/_inductor/select_algorithm.py:3924] [0/0] Ignoring this choice.
E0714 15:40:49.935000 33276 site-packages/torch/_inductor/select_algorithm.py:3924] [0/0] Runtime error during autotuning: 
E0714 15:40:49.935000 33276 site-packages/torch/_inductor/select_algorithm.py:3924] [0/0] No valid triton configs. OutOfMemoryError: out of resource: triton_mm Required: 131072 Hardware limit:101376 Reducing block sizes or `num_stages` may help.. 
E0714 15:40:49.935000 33276 site-packages/torch/_inductor/select_algorithm.py:3924] [0/0] Ignoring this choice.
E0714 15:40:49.937000 33276 site-packages/torch/_inductor/select_algorithm.py:3924] [0/0] Runtime error during autotuning: 
E0714 15:40:49.937000 33276 site-packages/torch/_inductor/select_algorithm.py:3924] [0/0] No valid triton configs. OutOfMemoryError: out of resource: triton_mm Required: 196608 Hardware limit:101376 Reducing block sizes or `num_stages` may help.. 
E0714 15:40:49.937000 33276 site-packages/torch/_inductor/select_algorithm.py:3924] [0/0] Ignoring this choice.
Autotune Choices Stats:
{"num_choices": 22, "num_triton_choices": 20, "best_kernel": "bias_addmm", "best_time": 0.0798719972372055, "best_triton_pos": 1, "best_triton_time": 0.08601599931716919, "best_triton_kernel": "triton_mm_461", "best_triton_kernel_desc": "ACC_TYPE='tl.float32', ALLOW_TF32=False, BLOCK_K=32, BLOCK_M=64, BLOCK_N=128, EVEN_K=True, GROUP_M=8, USE_FAST_ACCUM=False, num_stages=4, num_warps=8"}
AUTOTUNE addmm(8192x1152, 8192x384, 384x1152)
strides: [0, 1], [384, 1], [1, 384]
dtypes: torch.float16, torch.float16, torch.float16
  bias_addmm 0.0799 ms 100.0% 
  triton_mm_461 0.0860 ms 92.9% ACC_TYPE='tl.float32', ALLOW_TF32=False, BLOCK_K=32, BLOCK_M=64, BLOCK_N=128, EVEN_K=True, GROUP_M=8, USE_FAST_ACCUM=False, num_stages=4, num_warps=8
  triton_mm_465 0.0881 ms 90.7% ACC_TYPE='tl.float32', ALLOW_TF32=False, BLOCK_K=32, BLOCK_M=128, BLOCK_N=64, EVEN_K=True, GROUP_M=8, USE_FAST_ACCUM=False, num_stages=4, num_warps=8
  triton_mm_467 0.0890 ms 89.8% ACC_TYPE='tl.float32', ALLOW_TF32=False, BLOCK_K=32, BLOCK_M=128, BLOCK_N=128, EVEN_K=True, GROUP_M=8, USE_FAST_ACCUM=False, num_stages=3, num_warps=4
  triton_mm_462 0.0891 ms 89.7% ACC_TYPE='tl.float32', ALLOW_TF32=False, BLOCK_K=64, BLOCK_M=64, BLOCK_N=128, EVEN_K=True, GROUP_M=8, USE_FAST_ACCUM=False, num_stages=3, num_warps=4
  triton_mm_468 0.0912 ms 87.6% ACC_TYPE='tl.float32', ALLOW_TF32=False, BLOCK_K=64, BLOCK_M=128, BLOCK_N=128, EVEN_K=True, GROUP_M=8, USE_FAST_ACCUM=False, num_stages=3, num_warps=4
  triton_mm_460 0.0942 ms 84.8% ACC_TYPE='tl.float32', ALLOW_TF32=False, BLOCK_K=32, BLOCK_M=64, BLOCK_N=128, EVEN_K=True, GROUP_M=8, USE_FAST_ACCUM=False, num_stages=3, num_warps=4
  triton_mm_464 0.0942 ms 84.8% ACC_TYPE='tl.float32', ALLOW_TF32=False, BLOCK_K=32, BLOCK_M=128, BLOCK_N=64, EVEN_K=True, GROUP_M=8, USE_FAST_ACCUM=False, num_stages=3, num_warps=4
  triton_mm_458 0.1085 ms 73.6% ACC_TYPE='tl.float32', ALLOW_TF32=False, BLOCK_K=64, BLOCK_M=64, BLOCK_N=64, EVEN_K=True, GROUP_M=8, USE_FAST_ACCUM=False, num_stages=3, num_warps=8
  triton_mm_457 0.1126 ms 70.9% ACC_TYPE='tl.float32', ALLOW_TF32=False, BLOCK_K=32, BLOCK_M=64, BLOCK_N=64, EVEN_K=True, GROUP_M=8, USE_FAST_ACCUM=False, num_stages=2, num_warps=4
SingleProcess AUTOTUNE benchmarking takes 0.3661 seconds and 0.0001 seconds precompiling for 22 choices
E0714 15:40:50.285000 33276 site-packages/torch/_inductor/select_algorithm.py:3924] [0/0] Runtime error during autotuning: 
E0714 15:40:50.285000 33276 site-packages/torch/_inductor/select_algorithm.py:3924] [0/0] No valid triton configs. OutOfMemoryError: out of resource: triton_mm Required: 131072 Hardware limit:101376 Reducing block sizes or `num_stages` may help.. 
E0714 15:40:50.285000 33276 site-packages/torch/_inductor/select_algorithm.py:3924] [0/0] Ignoring this choice.
E0714 15:40:50.379000 33276 site-packages/torch/_inductor/select_algorithm.py:3924] [0/0] Runtime error during autotuning: 
E0714 15:40:50.379000 33276 site-packages/torch/_inductor/select_algorithm.py:3924] [0/0] No valid triton configs. OutOfMemoryError: out of resource: triton_mm Required: 147456 Hardware limit:101376 Reducing block sizes or `num_stages` may help.. 
E0714 15:40:50.379000 33276 site-packages/torch/_inductor/select_algorithm.py:3924] [0/0] Ignoring this choice.
E0714 15:40:50.541000 33276 site-packages/torch/_inductor/select_algorithm.py:3924] [0/0] Runtime error during autotuning: 
E0714 15:40:50.541000 33276 site-packages/torch/_inductor/select_algorithm.py:3924] [0/0] No valid triton configs. OutOfMemoryError: out of resource: triton_mm Required: 131072 Hardware limit:101376 Reducing block sizes or `num_stages` may help.. 
E0714 15:40:50.541000 33276 site-packages/torch/_inductor/select_algorithm.py:3924] [0/0] Ignoring this choice.
E0714 15:40:50.544000 33276 site-packages/torch/_inductor/select_algorithm.py:3924] [0/0] Runtime error during autotuning: 
E0714 15:40:50.544000 33276 site-packages/torch/_inductor/select_algorithm.py:3924] [0/0] No valid triton configs. OutOfMemoryError: out of resource: triton_mm Required: 196608 Hardware limit:101376 Reducing block sizes or `num_stages` may help.. 
E0714 15:40:50.544000 33276 site-packages/torch/_inductor/select_algorithm.py:3924] [0/0] Ignoring this choice.
Autotune Choices Stats:
{"num_choices": 22, "num_triton_choices": 20, "best_kernel": "triton_mm_880", "best_kernel_desc": "ACC_TYPE='tl.float32', ALLOW_TF32=False, BLOCK_K=32, BLOCK_M=64, BLOCK_N=128, EVEN_K=True, GROUP_M=8, USE_FAST_ACCUM=False, num_stages=3, num_warps=4", "best_time": 0.1945600062608719, "best_triton_pos": 0}
AUTOTUNE addmm(9800x2304, 9800x384, 384x2304)
strides: [0, 1], [384, 1], [1, 384]
dtypes: torch.float16, torch.float16, torch.float16
  triton_mm_880 0.1946 ms 100.0% ACC_TYPE='tl.float32', ALLOW_TF32=False, BLOCK_K=32, BLOCK_M=64, BLOCK_N=128, EVEN_K=True, GROUP_M=8, USE_FAST_ACCUM=False, num_stages=3, num_warps=4
  triton_mm_884 0.2079 ms 93.6% ACC_TYPE='tl.float32', ALLOW_TF32=False, BLOCK_K=32, BLOCK_M=128, BLOCK_N=64, EVEN_K=True, GROUP_M=8, USE_FAST_ACCUM=False, num_stages=3, num_warps=4
  triton_mm_881 0.2097 ms 92.8% ACC_TYPE='tl.float32', ALLOW_TF32=False, BLOCK_K=32, BLOCK_M=64, BLOCK_N=128, EVEN_K=True, GROUP_M=8, USE_FAST_ACCUM=False, num_stages=4, num_warps=8
  triton_mm_888 0.2108 ms 92.3% ACC_TYPE='tl.float32', ALLOW_TF32=False, BLOCK_K=64, BLOCK_M=128, BLOCK_N=128, EVEN_K=True, GROUP_M=8, USE_FAST_ACCUM=False, num_stages=3, num_warps=4
  triton_mm_885 0.2128 ms 91.4% ACC_TYPE='tl.float32', ALLOW_TF32=False, BLOCK_K=32, BLOCK_M=128, BLOCK_N=64, EVEN_K=True, GROUP_M=8, USE_FAST_ACCUM=False, num_stages=4, num_warps=8
  triton_mm_887 0.2140 ms 90.9% ACC_TYPE='tl.float32', ALLOW_TF32=False, BLOCK_K=32, BLOCK_M=128, BLOCK_N=128, EVEN_K=True, GROUP_M=8, USE_FAST_ACCUM=False, num_stages=3, num_warps=4
  triton_mm_882 0.2253 ms 86.4% ACC_TYPE='tl.float32', ALLOW_TF32=False, BLOCK_K=64, BLOCK_M=64, BLOCK_N=128, EVEN_K=True, GROUP_M=8, USE_FAST_ACCUM=False, num_stages=3, num_warps=4
  bias_addmm 0.2324 ms 83.7% 
  triton_mm_877 0.2580 ms 75.4% ACC_TYPE='tl.float32', ALLOW_TF32=False, BLOCK_K=32, BLOCK_M=64, BLOCK_N=64, EVEN_K=True, GROUP_M=8, USE_FAST_ACCUM=False, num_stages=2, num_warps=4
  triton_mm_878 0.2632 ms 73.9% ACC_TYPE='tl.float32', ALLOW_TF32=False, BLOCK_K=64, BLOCK_M=64, BLOCK_N=64, EVEN_K=True, GROUP_M=8, USE_FAST_ACCUM=False, num_stages=3, num_warps=8
SingleProcess AUTOTUNE benchmarking takes 0.5995 seconds and 0.0001 seconds precompiling for 22 choices
E0714 15:40:50.668000 33276 site-packages/torch/_inductor/select_algorithm.py:3924] [0/0] Runtime error during autotuning: 
E0714 15:40:50.668000 33276 site-packages/torch/_inductor/select_algorithm.py:3924] [0/0] No valid triton configs. OutOfMemoryError: out of resource: triton_mm Required: 131072 Hardware limit:101376 Reducing block sizes or `num_stages` may help.. 
E0714 15:40:50.668000 33276 site-packages/torch/_inductor/select_algorithm.py:3924] [0/0] Ignoring this choice.
E0714 15:40:50.697000 33276 site-packages/torch/_inductor/select_algorithm.py:3924] [0/0] Runtime error during autotuning: 
E0714 15:40:50.697000 33276 site-packages/torch/_inductor/select_algorithm.py:3924] [0/0] No valid triton configs. OutOfMemoryError: out of resource: triton_mm Required: 147456 Hardware limit:101376 Reducing block sizes or `num_stages` may help.. 
E0714 15:40:50.697000 33276 site-packages/torch/_inductor/select_algorithm.py:3924] [0/0] Ignoring this choice.
E0714 15:40:50.752000 33276 site-packages/torch/_inductor/select_algorithm.py:3924] [0/0] Runtime error during autotuning: 
E0714 15:40:50.752000 33276 site-packages/torch/_inductor/select_algorithm.py:3924] [0/0] No valid triton configs. OutOfMemoryError: out of resource: triton_mm Required: 131072 Hardware limit:101376 Reducing block sizes or `num_stages` may help.. 
E0714 15:40:50.752000 33276 site-packages/torch/_inductor/select_algorithm.py:3924] [0/0] Ignoring this choice.
E0714 15:40:50.755000 33276 site-packages/torch/_inductor/select_algorithm.py:3924] [0/0] Runtime error during autotuning: 
E0714 15:40:50.755000 33276 site-packages/torch/_inductor/select_algorithm.py:3924] [0/0] No valid triton configs. OutOfMemoryError: out of resource: triton_mm Required: 196608 Hardware limit:101376 Reducing block sizes or `num_stages` may help.. 
E0714 15:40:50.755000 33276 site-packages/torch/_inductor/select_algorithm.py:3924] [0/0] Ignoring this choice.
Autotune Choices Stats:
{"num_choices": 22, "num_triton_choices": 20, "best_kernel": "triton_mm_900", "best_kernel_desc": "ACC_TYPE='tl.float32', ALLOW_TF32=False, BLOCK_K=32, BLOCK_M=64, BLOCK_N=128, EVEN_K=True, GROUP_M=8, USE_FAST_ACCUM=False, num_stages=3, num_warps=4", "best_time": 0.03379200026392937, "best_triton_pos": 0}
AUTOTUNE addmm(2450x768, 2450x768, 768x768)
strides: [0, 1], [768, 1], [1, 768]
dtypes: torch.float16, torch.float16, torch.float16
  triton_mm_900 0.0338 ms 100.0% ACC_TYPE='tl.float32', ALLOW_TF32=False, BLOCK_K=32, BLOCK_M=64, BLOCK_N=128, EVEN_K=True, GROUP_M=8, USE_FAST_ACCUM=False, num_stages=3, num_warps=4
  triton_mm_904 0.0338 ms 100.0% ACC_TYPE='tl.float32', ALLOW_TF32=False, BLOCK_K=32, BLOCK_M=128, BLOCK_N=64, EVEN_K=True, GROUP_M=8, USE_FAST_ACCUM=False, num_stages=3, num_warps=4
  triton_mm_905 0.0348 ms 97.1% ACC_TYPE='tl.float32', ALLOW_TF32=False, BLOCK_K=32, BLOCK_M=128, BLOCK_N=64, EVEN_K=True, GROUP_M=8, USE_FAST_ACCUM=False, num_stages=4, num_warps=8
  triton_mm_901 0.0358 ms 94.3% ACC_TYPE='tl.float32', ALLOW_TF32=False, BLOCK_K=32, BLOCK_M=64, BLOCK_N=128, EVEN_K=True, GROUP_M=8, USE_FAST_ACCUM=False, num_stages=4, num_warps=8
  triton_mm_902 0.0358 ms 94.3% ACC_TYPE='tl.float32', ALLOW_TF32=False, BLOCK_K=64, BLOCK_M=64, BLOCK_N=128, EVEN_K=True, GROUP_M=8, USE_FAST_ACCUM=False, num_stages=3, num_warps=4
  triton_mm_907 0.0379 ms 89.2% ACC_TYPE='tl.float32', ALLOW_TF32=False, BLOCK_K=32, BLOCK_M=128, BLOCK_N=128, EVEN_K=True, GROUP_M=8, USE_FAST_ACCUM=False, num_stages=3, num_warps=4
  bias_addmm 0.0410 ms 82.5% 
  triton_mm_908 0.0420 ms 80.5% ACC_TYPE='tl.float32', ALLOW_TF32=False, BLOCK_K=64, BLOCK_M=128, BLOCK_N=128, EVEN_K=True, GROUP_M=8, USE_FAST_ACCUM=False, num_stages=3, num_warps=4
  triton_mm_897 0.0429 ms 78.7% ACC_TYPE='tl.float32', ALLOW_TF32=False, BLOCK_K=32, BLOCK_M=64, BLOCK_N=64, EVEN_K=True, GROUP_M=8, USE_FAST_ACCUM=False, num_stages=2, num_warps=4
  triton_mm_898 0.0430 ms 78.6% ACC_TYPE='tl.float32', ALLOW_TF32=False, BLOCK_K=64, BLOCK_M=64, BLOCK_N=64, EVEN_K=True, GROUP_M=8, USE_FAST_ACCUM=False, num_stages=3, num_warps=8
SingleProcess AUTOTUNE benchmarking takes 0.2105 seconds and 0.0001 seconds precompiling for 22 choices
E0714 15:40:51.032000 33276 site-packages/torch/_inductor/select_algorithm.py:3924] [0/0] Runtime error during autotuning: 
E0714 15:40:51.032000 33276 site-packages/torch/_inductor/select_algorithm.py:3924] [0/0] No valid triton configs. OutOfMemoryError: out of resource: triton_mm Required: 131072 Hardware limit:101376 Reducing block sizes or `num_stages` may help.. 
E0714 15:40:51.032000 33276 site-packages/torch/_inductor/select_algorithm.py:3924] [0/0] Ignoring this choice.
E0714 15:40:51.092000 33276 site-packages/torch/_inductor/select_algorithm.py:3924] [0/0] Runtime error during autotuning: 
E0714 15:40:51.092000 33276 site-packages/torch/_inductor/select_algorithm.py:3924] [0/0] No valid triton configs. OutOfMemoryError: out of resource: triton_mm Required: 147456 Hardware limit:101376 Reducing block sizes or `num_stages` may help.. 
E0714 15:40:51.092000 33276 site-packages/torch/_inductor/select_algorithm.py:3924] [0/0] Ignoring this choice.
E0714 15:40:51.194000 33276 site-packages/torch/_inductor/select_algorithm.py:3924] [0/0] Runtime error during autotuning: 
E0714 15:40:51.194000 33276 site-packages/torch/_inductor/select_algorithm.py:3924] [0/0] No valid triton configs. OutOfMemoryError: out of resource: triton_mm Required: 131072 Hardware limit:101376 Reducing block sizes or `num_stages` may help.. 
E0714 15:40:51.194000 33276 site-packages/torch/_inductor/select_algorithm.py:3924] [0/0] Ignoring this choice.
E0714 15:40:51.196000 33276 site-packages/torch/_inductor/select_algorithm.py:3924] [0/0] Runtime error during autotuning: 
E0714 15:40:51.196000 33276 site-packages/torch/_inductor/select_algorithm.py:3924] [0/0] No valid triton configs. OutOfMemoryError: out of resource: triton_mm Required: 196608 Hardware limit:101376 Reducing block sizes or `num_stages` may help.. 
E0714 15:40:51.196000 33276 site-packages/torch/_inductor/select_algorithm.py:3924] [0/0] Ignoring this choice.
Autotune Choices Stats:
{"num_choices": 22, "num_triton_choices": 20, "best_kernel": "triton_mm_927", "best_kernel_desc": "ACC_TYPE='tl.float32', ALLOW_TF32=False, BLOCK_K=32, BLOCK_M=128, BLOCK_N=128, EVEN_K=True, GROUP_M=8, USE_FAST_ACCUM=False, num_stages=3, num_warps=4", "best_time": 0.09523200243711472, "best_triton_pos": 0}
AUTOTUNE addmm(2048x3072, 2048x768, 768x3072)
strides: [0, 1], [768, 1], [1, 768]
dtypes: torch.float16, torch.float16, torch.float16
  triton_mm_927 0.0952 ms 100.0% ACC_TYPE='tl.float32', ALLOW_TF32=False, BLOCK_K=32, BLOCK_M=128, BLOCK_N=128, EVEN_K=True, GROUP_M=8, USE_FAST_ACCUM=False, num_stages=3, num_warps=4
  bias_addmm 0.1065 ms 89.4% 
  triton_mm_928 0.1075 ms 88.6% ACC_TYPE='tl.float32', ALLOW_TF32=False, BLOCK_K=64, BLOCK_M=128, BLOCK_N=128, EVEN_K=True, GROUP_M=8, USE_FAST_ACCUM=False, num_stages=3, num_warps=4
  triton_mm_920 0.1106 ms 86.1% ACC_TYPE='tl.float32', ALLOW_TF32=False, BLOCK_K=32, BLOCK_M=64, BLOCK_N=128, EVEN_K=True, GROUP_M=8, USE_FAST_ACCUM=False, num_stages=3, num_warps=4
  triton_mm_921 0.1106 ms 86.1% ACC_TYPE='tl.float32', ALLOW_TF32=False, BLOCK_K=32, BLOCK_M=64, BLOCK_N=128, EVEN_K=True, GROUP_M=8, USE_FAST_ACCUM=False, num_stages=4, num_warps=8
  triton_mm_924 0.1147 ms 83.0% ACC_TYPE='tl.float32', ALLOW_TF32=False, BLOCK_K=32, BLOCK_M=128, BLOCK_N=64, EVEN_K=True, GROUP_M=8, USE_FAST_ACCUM=False, num_stages=3, num_warps=4
  triton_mm_925 0.1147 ms 83.0% ACC_TYPE='tl.float32', ALLOW_TF32=False, BLOCK_K=32, BLOCK_M=128, BLOCK_N=64, EVEN_K=True, GROUP_M=8, USE_FAST_ACCUM=False, num_stages=4, num_warps=8
  triton_mm_922 0.1219 ms 78.2% ACC_TYPE='tl.float32', ALLOW_TF32=False, BLOCK_K=64, BLOCK_M=64, BLOCK_N=128, EVEN_K=True, GROUP_M=8, USE_FAST_ACCUM=False, num_stages=3, num_warps=4
  addmm 0.1331 ms 71.5% 
  triton_mm_918 0.1423 ms 66.9% ACC_TYPE='tl.float32', ALLOW_TF32=False, BLOCK_K=64, BLOCK_M=64, BLOCK_N=64, EVEN_K=True, GROUP_M=8, USE_FAST_ACCUM=False, num_stages=3, num_warps=8
SingleProcess AUTOTUNE benchmarking takes 0.4414 seconds and 0.0001 seconds precompiling for 22 choices
E0714 15:40:51.469000 33276 site-packages/torch/_inductor/select_algorithm.py:3924] [0/0] Runtime error during autotuning: 
E0714 15:40:51.469000 33276 site-packages/torch/_inductor/select_algorithm.py:3924] [0/0] No valid triton configs. OutOfMemoryError: out of resource: triton_mm Required: 131072 Hardware limit:101376 Reducing block sizes or `num_stages` may help.. 
E0714 15:40:51.469000 33276 site-packages/torch/_inductor/select_algorithm.py:3924] [0/0] Ignoring this choice.
E0714 15:40:51.529000 33276 site-packages/torch/_inductor/select_algorithm.py:3924] [0/0] Runtime error during autotuning: 
E0714 15:40:51.529000 33276 site-packages/torch/_inductor/select_algorithm.py:3924] [0/0] No valid triton configs. OutOfMemoryError: out of resource: triton_mm Required: 147456 Hardware limit:101376 Reducing block sizes or `num_stages` may help.. 
E0714 15:40:51.529000 33276 site-packages/torch/_inductor/select_algorithm.py:3924] [0/0] Ignoring this choice.
E0714 15:40:51.633000 33276 site-packages/torch/_inductor/select_algorithm.py:3924] [0/0] Runtime error during autotuning: 
E0714 15:40:51.633000 33276 site-packages/torch/_inductor/select_algorithm.py:3924] [0/0] No valid triton configs. OutOfMemoryError: out of resource: triton_mm Required: 131072 Hardware limit:101376 Reducing block sizes or `num_stages` may help.. 
E0714 15:40:51.633000 33276 site-packages/torch/_inductor/select_algorithm.py:3924] [0/0] Ignoring this choice.
E0714 15:40:51.636000 33276 site-packages/torch/_inductor/select_algorithm.py:3924] [0/0] Runtime error during autotuning: 
E0714 15:40:51.636000 33276 site-packages/torch/_inductor/select_algorithm.py:3924] [0/0] No valid triton configs. OutOfMemoryError: out of resource: triton_mm Required: 196608 Hardware limit:101376 Reducing block sizes or `num_stages` may help.. 
E0714 15:40:51.636000 33276 site-packages/torch/_inductor/select_algorithm.py:3924] [0/0] Ignoring this choice.
Autotune Choices Stats:
{"num_choices": 22, "num_triton_choices": 20, "best_kernel": "addmm", "best_time": 0.10115200281143188, "best_triton_pos": 1, "best_triton_time": 0.11247999966144562, "best_triton_kernel": "triton_mm_944", "best_triton_kernel_desc": "ACC_TYPE='tl.float32', ALLOW_TF32=False, BLOCK_K=32, BLOCK_M=128, BLOCK_N=64, EVEN_K=True, GROUP_M=8, USE_FAST_ACCUM=False, num_stages=3, num_warps=4"}
AUTOTUNE addmm(2048x768, 2048x3072, 3072x768)
strides: [0, 1], [3072, 1], [1, 3072]
dtypes: torch.float16, torch.float16, torch.float16
  addmm 0.1012 ms 100.0% 
  triton_mm_944 0.1125 ms 89.9% ACC_TYPE='tl.float32', ALLOW_TF32=False, BLOCK_K=32, BLOCK_M=128, BLOCK_N=64, EVEN_K=True, GROUP_M=8, USE_FAST_ACCUM=False, num_stages=3, num_warps=4
  triton_mm_940 0.1147 ms 88.2% ACC_TYPE='tl.float32', ALLOW_TF32=False, BLOCK_K=32, BLOCK_M=64, BLOCK_N=128, EVEN_K=True, GROUP_M=8, USE_FAST_ACCUM=False, num_stages=3, num_warps=4
  bias_addmm 0.1198 ms 84.4% 
  triton_mm_941 0.1280 ms 79.0% ACC_TYPE='tl.float32', ALLOW_TF32=False, BLOCK_K=32, BLOCK_M=64, BLOCK_N=128, EVEN_K=True, GROUP_M=8, USE_FAST_ACCUM=False, num_stages=4, num_warps=8
  triton_mm_945 0.1280 ms 79.0% ACC_TYPE='tl.float32', ALLOW_TF32=False, BLOCK_K=32, BLOCK_M=128, BLOCK_N=64, EVEN_K=True, GROUP_M=8, USE_FAST_ACCUM=False, num_stages=4, num_warps=8
  triton_mm_947 0.1341 ms 75.4% ACC_TYPE='tl.float32', ALLOW_TF32=False, BLOCK_K=32, BLOCK_M=128, BLOCK_N=128, EVEN_K=True, GROUP_M=8, USE_FAST_ACCUM=False, num_stages=3, num_warps=4
  triton_mm_942 0.1372 ms 73.7% ACC_TYPE='tl.float32', ALLOW_TF32=False, BLOCK_K=64, BLOCK_M=64, BLOCK_N=128, EVEN_K=True, GROUP_M=8, USE_FAST_ACCUM=False, num_stages=3, num_warps=4
  triton_mm_948 0.1372 ms 73.7% ACC_TYPE='tl.float32', ALLOW_TF32=False, BLOCK_K=64, BLOCK_M=128, BLOCK_N=128, EVEN_K=True, GROUP_M=8, USE_FAST_ACCUM=False, num_stages=3, num_warps=4
  triton_mm_937 0.1423 ms 71.1% ACC_TYPE='tl.float32', ALLOW_TF32=False, BLOCK_K=32, BLOCK_M=64, BLOCK_N=64, EVEN_K=True, GROUP_M=8, USE_FAST_ACCUM=False, num_stages=2, num_warps=4
SingleProcess AUTOTUNE benchmarking takes 0.4394 seconds and 0.0001 seconds precompiling for 22 choices
E0714 15:40:51.886000 33276 site-packages/torch/_inductor/select_algorithm.py:3924] [0/0] Runtime error during autotuning: 
E0714 15:40:51.886000 33276 site-packages/torch/_inductor/select_algorithm.py:3924] [0/0] No valid triton configs. OutOfMemoryError: out of resource: triton_mm Required: 131072 Hardware limit:101376 Reducing block sizes or `num_stages` may help.. 
E0714 15:40:51.886000 33276 site-packages/torch/_inductor/select_algorithm.py:3924] [0/0] Ignoring this choice.
E0714 15:40:51.939000 33276 site-packages/torch/_inductor/select_algorithm.py:3924] [0/0] Runtime error during autotuning: 
E0714 15:40:51.939000 33276 site-packages/torch/_inductor/select_algorithm.py:3924] [0/0] No valid triton configs. OutOfMemoryError: out of resource: triton_mm Required: 147456 Hardware limit:101376 Reducing block sizes or `num_stages` may help.. 
E0714 15:40:51.939000 33276 site-packages/torch/_inductor/select_algorithm.py:3924] [0/0] Ignoring this choice.
E0714 15:40:52.031000 33276 site-packages/torch/_inductor/select_algorithm.py:3924] [0/0] Runtime error during autotuning: 
E0714 15:40:52.031000 33276 site-packages/torch/_inductor/select_algorithm.py:3924] [0/0] No valid triton configs. OutOfMemoryError: out of resource: triton_mm Required: 131072 Hardware limit:101376 Reducing block sizes or `num_stages` may help.. 
E0714 15:40:52.031000 33276 site-packages/torch/_inductor/select_algorithm.py:3924] [0/0] Ignoring this choice.
E0714 15:40:52.034000 33276 site-packages/torch/_inductor/select_algorithm.py:3924] [0/0] Runtime error during autotuning: 
E0714 15:40:52.034000 33276 site-packages/torch/_inductor/select_algorithm.py:3924] [0/0] No valid triton configs. OutOfMemoryError: out of resource: triton_mm Required: 196608 Hardware limit:101376 Reducing block sizes or `num_stages` may help.. 
E0714 15:40:52.034000 33276 site-packages/torch/_inductor/select_algorithm.py:3924] [0/0] Ignoring this choice.
Autotune Choices Stats:
{"num_choices": 22, "num_triton_choices": 20, "best_kernel": "triton_mm_967", "best_kernel_desc": "ACC_TYPE='tl.float32', ALLOW_TF32=False, BLOCK_K=32, BLOCK_M=128, BLOCK_N=128, EVEN_K=True, GROUP_M=8, USE_FAST_ACCUM=False, num_stages=3, num_warps=4", "best_time": 0.0942080020904541, "best_triton_pos": 0}
AUTOTUNE addmm(2450x2304, 2450x768, 768x2304)
strides: [0, 1], [768, 1], [1, 768]
dtypes: torch.float16, torch.float16, torch.float16
  triton_mm_967 0.0942 ms 100.0% ACC_TYPE='tl.float32', ALLOW_TF32=False, BLOCK_K=32, BLOCK_M=128, BLOCK_N=128, EVEN_K=True, GROUP_M=8, USE_FAST_ACCUM=False, num_stages=3, num_warps=4
  triton_mm_960 0.0993 ms 94.8% ACC_TYPE='tl.float32', ALLOW_TF32=False, BLOCK_K=32, BLOCK_M=64, BLOCK_N=128, EVEN_K=True, GROUP_M=8, USE_FAST_ACCUM=False, num_stages=3, num_warps=4
  triton_mm_961 0.1034 ms 91.1% ACC_TYPE='tl.float32', ALLOW_TF32=False, BLOCK_K=32, BLOCK_M=64, BLOCK_N=128, EVEN_K=True, GROUP_M=8, USE_FAST_ACCUM=False, num_stages=4, num_warps=8
  triton_mm_964 0.1034 ms 91.1% ACC_TYPE='tl.float32', ALLOW_TF32=False, BLOCK_K=32, BLOCK_M=128, BLOCK_N=64, EVEN_K=True, GROUP_M=8, USE_FAST_ACCUM=False, num_stages=3, num_warps=4
  triton_mm_965 0.1065 ms 88.5% ACC_TYPE='tl.float32', ALLOW_TF32=False, BLOCK_K=32, BLOCK_M=128, BLOCK_N=64, EVEN_K=True, GROUP_M=8, USE_FAST_ACCUM=False, num_stages=4, num_warps=8
  triton_mm_968 0.1065 ms 88.5% ACC_TYPE='tl.float32', ALLOW_TF32=False, BLOCK_K=64, BLOCK_M=128, BLOCK_N=128, EVEN_K=True, GROUP_M=8, USE_FAST_ACCUM=False, num_stages=3, num_warps=4
  bias_addmm 0.1085 ms 86.8% 
  triton_mm_962 0.1085 ms 86.8% ACC_TYPE='tl.float32', ALLOW_TF32=False, BLOCK_K=64, BLOCK_M=64, BLOCK_N=128, EVEN_K=True, GROUP_M=8, USE_FAST_ACCUM=False, num_stages=3, num_warps=4
  addmm 0.1270 ms 74.2% 
  triton_mm_957 0.1300 ms 72.4% ACC_TYPE='tl.float32', ALLOW_TF32=False, BLOCK_K=32, BLOCK_M=64, BLOCK_N=64, EVEN_K=True, GROUP_M=8, USE_FAST_ACCUM=False, num_stages=2, num_warps=4
SingleProcess AUTOTUNE benchmarking takes 0.3972 seconds and 0.0001 seconds precompiling for 22 choices
E0714 15:40:52.577000 33276 site-packages/torch/_inductor/select_algorithm.py:3924] [0/0] Runtime error during autotuning: 
E0714 15:40:52.577000 33276 site-packages/torch/_inductor/select_algorithm.py:3924] [0/0] No valid triton configs. OutOfMemoryError: out of resource: triton_mm Required: 131072 Hardware limit:101376 Reducing block sizes or `num_stages` may help.. 
E0714 15:40:52.577000 33276 site-packages/torch/_inductor/select_algorithm.py:3924] [0/0] Ignoring this choice.
Autotune Choices Stats:
{"num_choices": 22, "num_triton_choices": 20, "best_kernel": "triton_mm_998", "best_kernel_desc": "ACC_TYPE='tl.float32', ALLOW_TF32=False, BLOCK_K=64, BLOCK_M=64, BLOCK_N=64, EVEN_K=False, GROUP_M=8, USE_FAST_ACCUM=False, num_stages=3, num_warps=8", "best_time": 0.15769599378108978, "best_triton_pos": 0}
AUTOTUNE addmm(131072x256, 131072x96, 96x256)
strides: [0, 1], [96, 1], [1, 96]
dtypes: torch.float16, torch.float16, torch.float16
  triton_mm_998 0.1577 ms 100.0% ACC_TYPE='tl.float32', ALLOW_TF32=False, BLOCK_K=64, BLOCK_M=64, BLOCK_N=64, EVEN_K=False, GROUP_M=8, USE_FAST_ACCUM=False, num_stages=3, num_warps=8
  triton_mm_1001 0.1587 ms 99.4% ACC_TYPE='tl.float32', ALLOW_TF32=False, BLOCK_K=32, BLOCK_M=64, BLOCK_N=128, EVEN_K=True, GROUP_M=8, USE_FAST_ACCUM=False, num_stages=4, num_warps=8
  triton_mm_1010 0.1587 ms 99.4% ACC_TYPE='tl.float32', ALLOW_TF32=False, BLOCK_K=128, BLOCK_M=128, BLOCK_N=128, EVEN_K=False, GROUP_M=8, USE_FAST_ACCUM=False, num_stages=4, num_warps=8
  triton_mm_1002 0.1597 ms 98.7% ACC_TYPE='tl.float32', ALLOW_TF32=False, BLOCK_K=64, BLOCK_M=64, BLOCK_N=128, EVEN_K=False, GROUP_M=8, USE_FAST_ACCUM=False, num_stages=3, num_warps=4
  triton_mm_1005 0.1597 ms 98.7% ACC_TYPE='tl.float32', ALLOW_TF32=False, BLOCK_K=32, BLOCK_M=128, BLOCK_N=64, EVEN_K=True, GROUP_M=8, USE_FAST_ACCUM=False, num_stages=4, num_warps=8
  triton_mm_1008 0.1608 ms 98.1% ACC_TYPE='tl.float32', ALLOW_TF32=False, BLOCK_K=64, BLOCK_M=128, BLOCK_N=128, EVEN_K=False, GROUP_M=8, USE_FAST_ACCUM=False, num_stages=3, num_warps=4
  triton_mm_1000 0.1618 ms 97.5% ACC_TYPE='tl.float32', ALLOW_TF32=False, BLOCK_K=32, BLOCK_M=64, BLOCK_N=128, EVEN_K=True, GROUP_M=8, USE_FAST_ACCUM=False, num_stages=3, num_warps=4
  triton_mm_1004 0.1628 ms 96.9% ACC_TYPE='tl.float32', ALLOW_TF32=False, BLOCK_K=32, BLOCK_M=128, BLOCK_N=64, EVEN_K=True, GROUP_M=8, USE_FAST_ACCUM=False, num_stages=3, num_warps=4
  triton_mm_1007 0.1628 ms 96.9% ACC_TYPE='tl.float32', ALLOW_TF32=False, BLOCK_K=32, BLOCK_M=128, BLOCK_N=128, EVEN_K=True, GROUP_M=8, USE_FAST_ACCUM=False, num_stages=3, num_warps=4
  triton_mm_997 0.1638 ms 96.2% ACC_TYPE='tl.float32', ALLOW_TF32=False, BLOCK_K=32, BLOCK_M=64, BLOCK_N=64, EVEN_K=True, GROUP_M=8, USE_FAST_ACCUM=False, num_stages=2, num_warps=4
SingleProcess AUTOTUNE benchmarking takes 0.5663 seconds and 0.0001 seconds precompiling for 22 choices
E0714 15:40:53.004000 33276 site-packages/torch/_inductor/select_algorithm.py:3924] [0/0] Runtime error during autotuning: 
E0714 15:40:53.004000 33276 site-packages/torch/_inductor/select_algorithm.py:3924] [0/0] No valid triton configs. OutOfMemoryError: out of resource: triton_mm Required: 122880 Hardware limit:101376 Reducing block sizes or `num_stages` may help.. 
E0714 15:40:53.004000 33276 site-packages/torch/_inductor/select_algorithm.py:3924] [0/0] Ignoring this choice.
Autotune Choices Stats:
{"num_choices": 20, "num_triton_choices": 18, "best_kernel": "triton_mm_1015", "best_kernel_desc": "ACC_TYPE='tl.float32', ALLOW_TF32=False, BLOCK_K=128, BLOCK_M=64, BLOCK_N=32, EVEN_K=True, GROUP_M=8, USE_FAST_ACCUM=False, num_stages=5, num_warps=4", "best_time": 0.12595200538635254, "best_triton_pos": 0}
AUTOTUNE addmm(131072x32, 131072x256, 256x32)
strides: [0, 1], [256, 1], [1, 256]
dtypes: torch.float16, torch.float16, torch.float16
  triton_mm_1015 0.1260 ms 100.0% ACC_TYPE='tl.float32', ALLOW_TF32=False, BLOCK_K=128, BLOCK_M=64, BLOCK_N=32, EVEN_K=True, GROUP_M=8, USE_FAST_ACCUM=False, num_stages=5, num_warps=4
  triton_mm_1022 0.1260 ms 100.0% ACC_TYPE='tl.float32', ALLOW_TF32=False, BLOCK_K=128, BLOCK_M=64, BLOCK_N=32, EVEN_K=True, GROUP_M=8, USE_FAST_ACCUM=False, num_stages=4, num_warps=4
  triton_mm_1012 0.1270 ms 99.2% ACC_TYPE='tl.float32', ALLOW_TF32=False, BLOCK_K=128, BLOCK_M=32, BLOCK_N=32, EVEN_K=True, GROUP_M=8, USE_FAST_ACCUM=False, num_stages=2, num_warps=4
  triton_mm_1018 0.1311 ms 96.1% ACC_TYPE='tl.float32', ALLOW_TF32=False, BLOCK_K=64, BLOCK_M=64, BLOCK_N=32, EVEN_K=True, GROUP_M=8, USE_FAST_ACCUM=False, num_stages=3, num_warps=8
  triton_mm_1021 0.1311 ms 96.1% ACC_TYPE='tl.float32', ALLOW_TF32=False, BLOCK_K=64, BLOCK_M=64, BLOCK_N=32, EVEN_K=True, GROUP_M=8, USE_FAST_ACCUM=False, num_stages=3, num_warps=4
  triton_mm_1026 0.1321 ms 95.3% ACC_TYPE='tl.float32', ALLOW_TF32=False, BLOCK_K=64, BLOCK_M=128, BLOCK_N=32, EVEN_K=True, GROUP_M=8, USE_FAST_ACCUM=False, num_stages=3, num_warps=4
  triton_mm_1027 0.1321 ms 95.3% ACC_TYPE='tl.float32', ALLOW_TF32=False, BLOCK_K=64, BLOCK_M=128, BLOCK_N=32, EVEN_K=True, GROUP_M=8, USE_FAST_ACCUM=False, num_stages=5, num_warps=8
  bias_addmm 0.1351 ms 93.2% 
  triton_mm_1013 0.1393 ms 90.4% ACC_TYPE='tl.float32', ALLOW_TF32=False, BLOCK_K=32, BLOCK_M=32, BLOCK_N=32, EVEN_K=True, GROUP_M=8, USE_FAST_ACCUM=False, num_stages=5, num_warps=4
  triton_mm_1014 0.1444 ms 87.2% ACC_TYPE='tl.float32', ALLOW_TF32=False, BLOCK_K=32, BLOCK_M=64, BLOCK_N=32, EVEN_K=True, GROUP_M=8, USE_FAST_ACCUM=False, num_stages=5, num_warps=8
SingleProcess AUTOTUNE benchmarking takes 0.4032 seconds and 0.0001 seconds precompiling for 20 choices
E0714 15:40:53.161000 33276 site-packages/torch/_inductor/select_algorithm.py:3924] [0/0] Runtime error during autotuning: 
E0714 15:40:53.161000 33276 site-packages/torch/_inductor/select_algorithm.py:3924] [0/0] No valid triton configs. OutOfMemoryError: out of resource: triton_mm Required: 131072 Hardware limit:101376 Reducing block sizes or `num_stages` may help.. 
E0714 15:40:53.161000 33276 site-packages/torch/_inductor/select_algorithm.py:3924] [0/0] Ignoring this choice.
E0714 15:40:53.200000 33276 site-packages/torch/_inductor/select_algorithm.py:3924] [0/0] Runtime error during autotuning: 
E0714 15:40:53.200000 33276 site-packages/torch/_inductor/select_algorithm.py:3924] [0/0] No valid triton configs. OutOfMemoryError: out of resource: triton_mm Required: 147456 Hardware limit:101376 Reducing block sizes or `num_stages` may help.. 
E0714 15:40:53.200000 33276 site-packages/torch/_inductor/select_algorithm.py:3924] [0/0] Ignoring this choice.
E0714 15:40:53.265000 33276 site-packages/torch/_inductor/select_algorithm.py:3924] [0/0] Runtime error during autotuning: 
E0714 15:40:53.265000 33276 site-packages/torch/_inductor/select_algorithm.py:3924] [0/0] No valid triton configs. OutOfMemoryError: out of resource: triton_mm Required: 131072 Hardware limit:101376 Reducing block sizes or `num_stages` may help.. 
E0714 15:40:53.265000 33276 site-packages/torch/_inductor/select_algorithm.py:3924] [0/0] Ignoring this choice.
E0714 15:40:53.267000 33276 site-packages/torch/_inductor/select_algorithm.py:3924] [0/0] Runtime error during autotuning: 
E0714 15:40:53.267000 33276 site-packages/torch/_inductor/select_algorithm.py:3924] [0/0] No valid triton configs. OutOfMemoryError: out of resource: triton_mm Required: 196608 Hardware limit:101376 Reducing block sizes or `num_stages` may help.. 
E0714 15:40:53.267000 33276 site-packages/torch/_inductor/select_algorithm.py:3924] [0/0] Ignoring this choice.
Autotune Choices Stats:
{"num_choices": 22, "num_triton_choices": 20, "best_kernel": "triton_mm_1036", "best_kernel_desc": "ACC_TYPE='tl.float32', ALLOW_TF32=False, BLOCK_K=64, BLOCK_M=64, BLOCK_N=64, EVEN_K=True, GROUP_M=8, USE_FAST_ACCUM=False, num_stages=3, num_warps=8", "best_time": 0.05615999922156334, "best_triton_pos": 0}
AUTOTUNE addmm(32768x256, 32768x192, 192x256)
strides: [0, 1], [192, 1], [1, 192]
dtypes: torch.float16, torch.float16, torch.float16
  triton_mm_1036 0.0562 ms 100.0% ACC_TYPE='tl.float32', ALLOW_TF32=False, BLOCK_K=64, BLOCK_M=64, BLOCK_N=64, EVEN_K=True, GROUP_M=8, USE_FAST_ACCUM=False, num_stages=3, num_warps=8
  triton_mm_1040 0.0563 ms 99.7% ACC_TYPE='tl.float32', ALLOW_TF32=False, BLOCK_K=64, BLOCK_M=64, BLOCK_N=128, EVEN_K=True, GROUP_M=8, USE_FAST_ACCUM=False, num_stages=3, num_warps=4
  triton_mm_1039 0.0573 ms 97.9% ACC_TYPE='tl.float32', ALLOW_TF32=False, BLOCK_K=32, BLOCK_M=64, BLOCK_N=128, EVEN_K=True, GROUP_M=8, USE_FAST_ACCUM=False, num_stages=4, num_warps=8
  triton_mm_1042 0.0573 ms 97.9% ACC_TYPE='tl.float32', ALLOW_TF32=False, BLOCK_K=32, BLOCK_M=128, BLOCK_N=64, EVEN_K=True, GROUP_M=8, USE_FAST_ACCUM=False, num_stages=3, num_warps=4
  triton_mm_1043 0.0573 ms 97.9% ACC_TYPE='tl.float32', ALLOW_TF32=False, BLOCK_K=32, BLOCK_M=128, BLOCK_N=64, EVEN_K=True, GROUP_M=8, USE_FAST_ACCUM=False, num_stages=4, num_warps=8
  triton_mm_1038 0.0584 ms 96.2% ACC_TYPE='tl.float32', ALLOW_TF32=False, BLOCK_K=32, BLOCK_M=64, BLOCK_N=128, EVEN_K=True, GROUP_M=8, USE_FAST_ACCUM=False, num_stages=3, num_warps=4
  triton_mm_1046 0.0592 ms 94.8% ACC_TYPE='tl.float32', ALLOW_TF32=False, BLOCK_K=64, BLOCK_M=128, BLOCK_N=128, EVEN_K=True, GROUP_M=8, USE_FAST_ACCUM=False, num_stages=3, num_warps=4
  triton_mm_1045 0.0614 ms 91.4% ACC_TYPE='tl.float32', ALLOW_TF32=False, BLOCK_K=32, BLOCK_M=128, BLOCK_N=128, EVEN_K=True, GROUP_M=8, USE_FAST_ACCUM=False, num_stages=3, num_warps=4
  bias_addmm 0.0625 ms 89.9% 
  triton_mm_1035 0.0645 ms 87.1% ACC_TYPE='tl.float32', ALLOW_TF32=False, BLOCK_K=32, BLOCK_M=64, BLOCK_N=64, EVEN_K=True, GROUP_M=8, USE_FAST_ACCUM=False, num_stages=2, num_warps=4
SingleProcess AUTOTUNE benchmarking takes 0.2629 seconds and 0.0001 seconds precompiling for 22 choices
E0714 15:40:53.372000 33276 site-packages/torch/_inductor/select_algorithm.py:3924] [0/0] Runtime error during autotuning: 
E0714 15:40:53.372000 33276 site-packages/torch/_inductor/select_algorithm.py:3924] [0/0] No valid triton configs. OutOfMemoryError: out of resource: triton_mm Required: 131072 Hardware limit:101376 Reducing block sizes or `num_stages` may help.. 
E0714 15:40:53.372000 33276 site-packages/torch/_inductor/select_algorithm.py:3924] [0/0] Ignoring this choice.
E0714 15:40:53.466000 33276 site-packages/torch/_inductor/select_algorithm.py:3924] [0/0] Runtime error during autotuning: 
E0714 15:40:53.466000 33276 site-packages/torch/_inductor/select_algorithm.py:3924] [0/0] No valid triton configs. OutOfMemoryError: out of resource: triton_mm Required: 147456 Hardware limit:101376 Reducing block sizes or `num_stages` may help.. 
E0714 15:40:53.466000 33276 site-packages/torch/_inductor/select_algorithm.py:3924] [0/0] Ignoring this choice.
Autotune Choices Stats:
{"num_choices": 21, "num_triton_choices": 19, "best_kernel": "triton_mm_1060", "best_kernel_desc": "ACC_TYPE='tl.float32', ALLOW_TF32=False, BLOCK_K=64, BLOCK_M=64, BLOCK_N=64, EVEN_K=True, GROUP_M=8, USE_FAST_ACCUM=False, num_stages=3, num_warps=4", "best_time": 0.03993599861860275, "best_triton_pos": 0}
AUTOTUNE addmm(32768x64, 32768x256, 256x64)
strides: [0, 1], [256, 1], [1, 256]
dtypes: torch.float16, torch.float16, torch.float16
  triton_mm_1060 0.0399 ms 100.0% ACC_TYPE='tl.float32', ALLOW_TF32=False, BLOCK_K=64, BLOCK_M=64, BLOCK_N=64, EVEN_K=True, GROUP_M=8, USE_FAST_ACCUM=False, num_stages=3, num_warps=4
  triton_mm_1061 0.0400 ms 99.9% ACC_TYPE='tl.float32', ALLOW_TF32=False, BLOCK_K=128, BLOCK_M=64, BLOCK_N=64, EVEN_K=True, GROUP_M=8, USE_FAST_ACCUM=False, num_stages=4, num_warps=4
  triton_mm_1056 0.0410 ms 97.5% ACC_TYPE='tl.float32', ALLOW_TF32=False, BLOCK_K=64, BLOCK_M=64, BLOCK_N=64, EVEN_K=True, GROUP_M=8, USE_FAST_ACCUM=False, num_stages=3, num_warps=8
  triton_mm_1065 0.0410 ms 97.5% ACC_TYPE='tl.float32', ALLOW_TF32=False, BLOCK_K=64, BLOCK_M=128, BLOCK_N=64, EVEN_K=True, GROUP_M=8, USE_FAST_ACCUM=False, num_stages=3, num_warps=4
  triton_mm_1051 0.0429 ms 93.0% ACC_TYPE='tl.float32', ALLOW_TF32=False, BLOCK_K=32, BLOCK_M=32, BLOCK_N=64, EVEN_K=True, GROUP_M=8, USE_FAST_ACCUM=False, num_stages=5, num_warps=8
  triton_mm_1052 0.0430 ms 92.9% ACC_TYPE='tl.float32', ALLOW_TF32=False, BLOCK_K=32, BLOCK_M=64, BLOCK_N=32, EVEN_K=True, GROUP_M=8, USE_FAST_ACCUM=False, num_stages=5, num_warps=8
  triton_mm_1058 0.0430 ms 92.9% ACC_TYPE='tl.float32', ALLOW_TF32=False, BLOCK_K=32, BLOCK_M=64, BLOCK_N=64, EVEN_K=True, GROUP_M=8, USE_FAST_ACCUM=False, num_stages=3, num_warps=4
  bias_addmm 0.0440 ms 90.8% 
  triton_mm_1053 0.0440 ms 90.7% ACC_TYPE='tl.float32', ALLOW_TF32=False, BLOCK_K=128, BLOCK_M=64, BLOCK_N=32, EVEN_K=True, GROUP_M=8, USE_FAST_ACCUM=False, num_stages=5, num_warps=4
  triton_mm_1055 0.0440 ms 90.7% ACC_TYPE='tl.float32', ALLOW_TF32=False, BLOCK_K=32, BLOCK_M=64, BLOCK_N=64, EVEN_K=True, GROUP_M=8, USE_FAST_ACCUM=False, num_stages=2, num_warps=4
SingleProcess AUTOTUNE benchmarking takes 0.1978 seconds and 0.0001 seconds precompiling for 21 choices
E0714 15:40:53.562000 33276 site-packages/torch/_inductor/select_algorithm.py:3924] [0/0] Runtime error during autotuning: 
E0714 15:40:53.562000 33276 site-packages/torch/_inductor/select_algorithm.py:3924] [0/0] No valid triton configs. OutOfMemoryError: out of resource: triton_mm Required: 131072 Hardware limit:101376 Reducing block sizes or `num_stages` may help.. 
E0714 15:40:53.562000 33276 site-packages/torch/_inductor/select_algorithm.py:3924] [0/0] Ignoring this choice.
E0714 15:40:53.589000 33276 site-packages/torch/_inductor/select_algorithm.py:3924] [0/0] Runtime error during autotuning: 
E0714 15:40:53.589000 33276 site-packages/torch/_inductor/select_algorithm.py:3924] [0/0] No valid triton configs. OutOfMemoryError: out of resource: triton_mm Required: 147456 Hardware limit:101376 Reducing block sizes or `num_stages` may help.. 
E0714 15:40:53.589000 33276 site-packages/torch/_inductor/select_algorithm.py:3924] [0/0] Ignoring this choice.
E0714 15:40:53.634000 33276 site-packages/torch/_inductor/select_algorithm.py:3924] [0/0] Runtime error during autotuning: 
E0714 15:40:53.634000 33276 site-packages/torch/_inductor/select_algorithm.py:3924] [0/0] No valid triton configs. OutOfMemoryError: out of resource: triton_mm Required: 131072 Hardware limit:101376 Reducing block sizes or `num_stages` may help.. 
E0714 15:40:53.634000 33276 site-packages/torch/_inductor/select_algorithm.py:3924] [0/0] Ignoring this choice.
E0714 15:40:53.636000 33276 site-packages/torch/_inductor/select_algorithm.py:3924] [0/0] Runtime error during autotuning: 
E0714 15:40:53.636000 33276 site-packages/torch/_inductor/select_algorithm.py:3924] [0/0] No valid triton configs. OutOfMemoryError: out of resource: triton_mm Required: 196608 Hardware limit:101376 Reducing block sizes or `num_stages` may help.. 
E0714 15:40:53.636000 33276 site-packages/torch/_inductor/select_algorithm.py:3924] [0/0] Ignoring this choice.
Autotune Choices Stats:
{"num_choices": 22, "num_triton_choices": 20, "best_kernel": "triton_mm_1084", "best_kernel_desc": "ACC_TYPE='tl.float32', ALLOW_TF32=False, BLOCK_K=32, BLOCK_M=128, BLOCK_N=128, EVEN_K=True, GROUP_M=8, USE_FAST_ACCUM=False, num_stages=3, num_warps=4", "best_time": 0.0244159996509552, "best_triton_pos": 0}
AUTOTUNE addmm(8192x256, 8192x384, 384x256)
strides: [0, 1], [384, 1], [1, 384]
dtypes: torch.float16, torch.float16, torch.float16
  triton_mm_1084 0.0244 ms 100.0% ACC_TYPE='tl.float32', ALLOW_TF32=False, BLOCK_K=32, BLOCK_M=128, BLOCK_N=128, EVEN_K=True, GROUP_M=8, USE_FAST_ACCUM=False, num_stages=3, num_warps=4
  bias_addmm 0.0246 ms 99.3% 
  triton_mm_1079 0.0266 ms 91.7% ACC_TYPE='tl.float32', ALLOW_TF32=False, BLOCK_K=64, BLOCK_M=64, BLOCK_N=128, EVEN_K=True, GROUP_M=8, USE_FAST_ACCUM=False, num_stages=3, num_warps=4
  triton_mm_1077 0.0276 ms 88.3% ACC_TYPE='tl.float32', ALLOW_TF32=False, BLOCK_K=32, BLOCK_M=64, BLOCK_N=128, EVEN_K=True, GROUP_M=8, USE_FAST_ACCUM=False, num_stages=3, num_warps=4
  triton_mm_1078 0.0276 ms 88.3% ACC_TYPE='tl.float32', ALLOW_TF32=False, BLOCK_K=32, BLOCK_M=64, BLOCK_N=128, EVEN_K=True, GROUP_M=8, USE_FAST_ACCUM=False, num_stages=4, num_warps=8
  triton_mm_1082 0.0276 ms 88.3% ACC_TYPE='tl.float32', ALLOW_TF32=False, BLOCK_K=32, BLOCK_M=128, BLOCK_N=64, EVEN_K=True, GROUP_M=8, USE_FAST_ACCUM=False, num_stages=4, num_warps=8
  triton_mm_1075 0.0279 ms 87.4% ACC_TYPE='tl.float32', ALLOW_TF32=False, BLOCK_K=64, BLOCK_M=64, BLOCK_N=64, EVEN_K=True, GROUP_M=8, USE_FAST_ACCUM=False, num_stages=3, num_warps=8
  triton_mm_1081 0.0287 ms 85.2% ACC_TYPE='tl.float32', ALLOW_TF32=False, BLOCK_K=32, BLOCK_M=128, BLOCK_N=64, EVEN_K=True, GROUP_M=8, USE_FAST_ACCUM=False, num_stages=3, num_warps=4
  triton_mm_1085 0.0287 ms 85.2% ACC_TYPE='tl.float32', ALLOW_TF32=False, BLOCK_K=64, BLOCK_M=128, BLOCK_N=128, EVEN_K=True, GROUP_M=8, USE_FAST_ACCUM=False, num_stages=3, num_warps=4
  triton_mm_1073 0.0328 ms 74.5% ACC_TYPE='tl.float32', ALLOW_TF32=False, BLOCK_K=16, BLOCK_M=64, BLOCK_N=64, EVEN_K=True, GROUP_M=8, USE_FAST_ACCUM=False, num_stages=2, num_warps=4
SingleProcess AUTOTUNE benchmarking takes 0.1706 seconds and 0.0001 seconds precompiling for 22 choices
E0714 15:40:53.716000 33276 site-packages/torch/_inductor/select_algorithm.py:3924] [0/0] Runtime error during autotuning: 
E0714 15:40:53.716000 33276 site-packages/torch/_inductor/select_algorithm.py:3924] [0/0] No valid triton configs. OutOfMemoryError: out of resource: triton_mm Required: 131072 Hardware limit:101376 Reducing block sizes or `num_stages` may help.. 
E0714 15:40:53.716000 33276 site-packages/torch/_inductor/select_algorithm.py:3924] [0/0] Ignoring this choice.
E0714 15:40:53.738000 33276 site-packages/torch/_inductor/select_algorithm.py:3924] [0/0] Runtime error during autotuning: 
E0714 15:40:53.738000 33276 site-packages/torch/_inductor/select_algorithm.py:3924] [0/0] No valid triton configs. OutOfMemoryError: out of resource: triton_mm Required: 147456 Hardware limit:101376 Reducing block sizes or `num_stages` may help.. 
E0714 15:40:53.738000 33276 site-packages/torch/_inductor/select_algorithm.py:3924] [0/0] Ignoring this choice.
E0714 15:40:53.779000 33276 site-packages/torch/_inductor/select_algorithm.py:3924] [0/0] Runtime error during autotuning: 
E0714 15:40:53.779000 33276 site-packages/torch/_inductor/select_algorithm.py:3924] [0/0] No valid triton configs. OutOfMemoryError: out of resource: triton_mm Required: 131072 Hardware limit:101376 Reducing block sizes or `num_stages` may help.. 
E0714 15:40:53.779000 33276 site-packages/torch/_inductor/select_algorithm.py:3924] [0/0] Ignoring this choice.
E0714 15:40:53.781000 33276 site-packages/torch/_inductor/select_algorithm.py:3924] [0/0] Runtime error during autotuning: 
E0714 15:40:53.781000 33276 site-packages/torch/_inductor/select_algorithm.py:3924] [0/0] No valid triton configs. OutOfMemoryError: out of resource: triton_mm Required: 196608 Hardware limit:101376 Reducing block sizes or `num_stages` may help.. 
E0714 15:40:53.781000 33276 site-packages/torch/_inductor/select_algorithm.py:3924] [0/0] Ignoring this choice.
Autotune Choices Stats:
{"num_choices": 22, "num_triton_choices": 20, "best_kernel": "bias_addmm", "best_time": 0.013311999849975109, "best_triton_pos": 1, "best_triton_time": 0.014336000196635723, "best_triton_kernel": "triton_mm_1138", "best_triton_kernel_desc": "ACC_TYPE='tl.float32', ALLOW_TF32=False, BLOCK_K=32, BLOCK_M=64, BLOCK_N=128, EVEN_K=True, GROUP_M=8, USE_FAST_ACCUM=False, num_stages=4, num_warps=8"}
AUTOTUNE addmm(2048x256, 2048x768, 768x256)
strides: [0, 1], [768, 1], [1, 768]
dtypes: torch.float16, torch.float16, torch.float16
  bias_addmm 0.0133 ms 100.0% 
  triton_mm_1138 0.0143 ms 92.9% ACC_TYPE='tl.float32', ALLOW_TF32=False, BLOCK_K=32, BLOCK_M=64, BLOCK_N=128, EVEN_K=True, GROUP_M=8, USE_FAST_ACCUM=False, num_stages=4, num_warps=8
  triton_mm_1142 0.0143 ms 92.9% ACC_TYPE='tl.float32', ALLOW_TF32=False, BLOCK_K=32, BLOCK_M=128, BLOCK_N=64, EVEN_K=True, GROUP_M=8, USE_FAST_ACCUM=False, num_stages=4, num_warps=8
  triton_mm_1135 0.0154 ms 86.7% ACC_TYPE='tl.float32', ALLOW_TF32=False, BLOCK_K=64, BLOCK_M=64, BLOCK_N=64, EVEN_K=True, GROUP_M=8, USE_FAST_ACCUM=False, num_stages=3, num_warps=8
  triton_mm_1137 0.0154 ms 86.7% ACC_TYPE='tl.float32', ALLOW_TF32=False, BLOCK_K=32, BLOCK_M=64, BLOCK_N=128, EVEN_K=True, GROUP_M=8, USE_FAST_ACCUM=False, num_stages=3, num_warps=4
  triton_mm_1139 0.0154 ms 86.7% ACC_TYPE='tl.float32', ALLOW_TF32=False, BLOCK_K=64, BLOCK_M=64, BLOCK_N=128, EVEN_K=True, GROUP_M=8, USE_FAST_ACCUM=False, num_stages=3, num_warps=4
  triton_mm_1141 0.0154 ms 86.7% ACC_TYPE='tl.float32', ALLOW_TF32=False, BLOCK_K=32, BLOCK_M=128, BLOCK_N=64, EVEN_K=True, GROUP_M=8, USE_FAST_ACCUM=False, num_stages=3, num_warps=4
  addmm 0.0181 ms 73.4% 
  triton_mm_1134 0.0205 ms 65.0% ACC_TYPE='tl.float32', ALLOW_TF32=False, BLOCK_K=32, BLOCK_M=64, BLOCK_N=64, EVEN_K=True, GROUP_M=8, USE_FAST_ACCUM=False, num_stages=2, num_warps=4
  triton_mm_1145 0.0205 ms 65.0% ACC_TYPE='tl.float32', ALLOW_TF32=False, BLOCK_K=64, BLOCK_M=128, BLOCK_N=128, EVEN_K=True, GROUP_M=8, USE_FAST_ACCUM=False, num_stages=3, num_warps=4
SingleProcess AUTOTUNE benchmarking takes 0.1434 seconds and 0.0001 seconds precompiling for 22 choices
Compiling feature extractor [14/07 15:40:02]
Running OSCD:   0%|          | 0/25 [00:00<?, ?it/s]Running OSCD:   0%|          | 0/25 [00:00<?, ?it/s, it=5, loss=0.3776]Running OSCD:   0%|          | 0/25 [00:00<?, ?it/s, it=10, loss=0.4057]Running OSCD:   0%|          | 0/25 [00:00<?, ?it/s, it=15, loss=0.4065]Running OSCD:   4%|▍         | 1/25 [00:00<00:05,  4.35it/s, it=15, loss=0.4065]Running OSCD:   4%|▍         | 1/25 [00:00<00:05,  4.35it/s, it=20, loss=0.4144]Running OSCD:   4%|▍         | 1/25 [00:00<00:05,  4.35it/s, it=25, loss=0.4157]Running OSCD:   4%|▍         | 1/25 [00:00<00:05,  4.35it/s, it=30, loss=0.4153]Running OSCD:   8%|▊         | 2/25 [00:00<00:04,  5.15it/s, it=30, loss=0.4153]Running OSCD:   8%|▊         | 2/25 [00:00<00:04,  5.15it/s, it=35, loss=0.4114]Running OSCD:   8%|▊         | 2/25 [00:00<00:04,  5.15it/s, it=40, loss=0.4067]Running OSCD:   8%|▊         | 2/25 [00:00<00:04,  5.15it/s, it=45, loss=0.4057]Running OSCD:  12%|█▏        | 3/25 [00:00<00:03,  5.55it/s, it=45, loss=0.4057]Running OSCD:  12%|█▏        | 3/25 [00:00<00:03,  5.55it/s, it=50, loss=0.3948]Running OSCD:  12%|█▏        | 3/25 [00:00<00:03,  5.55it/s, it=55, loss=0.3886]Running OSCD:  12%|█▏        | 3/25 [00:00<00:03,  5.55it/s, it=60, loss=0.3831]Running OSCD:  16%|█▌        | 4/25 [00:00<00:03,  5.76it/s, it=60, loss=0.3831]Running OSCD:  16%|█▌        | 4/25 [00:00<00:03,  5.76it/s, it=65, loss=0.3809]Running OSCD:  16%|█▌        | 4/25 [00:00<00:03,  5.76it/s, it=70, loss=0.3822]Running OSCD:  16%|█▌        | 4/25 [00:00<00:03,  5.76it/s, it=75, loss=0.3756]Running OSCD:  16%|█▌        | 4/25 [00:00<00:03,  5.76it/s, it=80, loss=0.3686]Running OSCD:  20%|██        | 5/25 [00:00<00:03,  5.90it/s, it=80, loss=0.3686]Running OSCD:  20%|██        | 5/25 [00:00<00:03,  5.90it/s, it=85, loss=0.3683]Running OSCD:  20%|██        | 5/25 [00:01<00:03,  5.90it/s, it=90, loss=0.3694]Running OSCD:  20%|██        | 5/25 [00:01<00:03,  5.90it/s, it=95, loss=0.3699]Running OSCD:  24%|██▍       | 6/25 [00:01<00:03,  6.01it/s, it=95, loss=0.3699]Running OSCD:  24%|██▍       | 6/25 [00:01<00:03,  6.01it/s, it=100, loss=0.3617]Running OSCD:  24%|██▍       | 6/25 [00:01<00:03,  6.01it/s, it=105, loss=0.3590]Running OSCD:  24%|██▍       | 6/25 [00:01<00:03,  6.01it/s, it=110, loss=0.3552]Running OSCD:  28%|██▊       | 7/25 [00:01<00:02,  6.09it/s, it=110, loss=0.3552]Running OSCD:  28%|██▊       | 7/25 [00:01<00:02,  6.09it/s, it=115, loss=0.3713]Running OSCD:  28%|██▊       | 7/25 [00:01<00:02,  6.09it/s, it=120, loss=0.3596]Running OSCD:  28%|██▊       | 7/25 [00:01<00:02,  6.09it/s, it=125, loss=0.3596]Running OSCD:  32%|███▏      | 8/25 [00:01<00:02,  6.15it/s, it=125, loss=0.3596]Running OSCD:  32%|███▏      | 8/25 [00:01<00:02,  6.15it/s, it=130, loss=0.3581]Running OSCD:  32%|███▏      | 8/25 [00:01<00:02,  6.15it/s, it=135, loss=0.3497]Running OSCD:  32%|███▏      | 8/25 [00:01<00:02,  6.15it/s, it=140, loss=0.3443]Running OSCD:  36%|███▌      | 9/25 [00:01<00:02,  6.21it/s, it=140, loss=0.3443]Running OSCD:  36%|███▌      | 9/25 [00:01<00:02,  6.21it/s, it=145, loss=0.3473]Running OSCD:  36%|███▌      | 9/25 [00:01<00:02,  6.21it/s, it=150, loss=0.3546]Running OSCD:  36%|███▌      | 9/25 [00:01<00:02,  6.21it/s, it=155, loss=0.3520]Running OSCD:  36%|███▌      | 9/25 [00:01<00:02,  6.21it/s, it=160, loss=0.3519]Running OSCD:  40%|████      | 10/25 [00:01<00:02,  6.23it/s, it=160, loss=0.3519]Running OSCD:  40%|████      | 10/25 [00:01<00:02,  6.23it/s, it=165, loss=0.3458]Running OSCD:  40%|████      | 10/25 [00:01<00:02,  6.23it/s, it=170, loss=0.3735]Running OSCD:  40%|████      | 10/25 [00:01<00:02,  6.23it/s, it=175, loss=0.3792]Running OSCD:  44%|████▍     | 11/25 [00:01<00:02,  6.27it/s, it=175, loss=0.3792]Running OSCD:  44%|████▍     | 11/25 [00:01<00:02,  6.27it/s, it=180, loss=0.3631]Running OSCD:  44%|████▍     | 11/25 [00:01<00:02,  6.27it/s, it=185, loss=0.3726]Running OSCD:  44%|████▍     | 11/25 [00:01<00:02,  6.27it/s, it=190, loss=0.3726]Running OSCD:  48%|████▊     | 12/25 [00:01<00:02,  6.31it/s, it=190, loss=0.3726]Running OSCD:  48%|████▊     | 12/25 [00:02<00:02,  6.31it/s, it=195, loss=0.3788]Running OSCD:  48%|████▊     | 12/25 [00:02<00:02,  6.31it/s, it=200, loss=0.3710]Running OSCD:  48%|████▊     | 12/25 [00:02<00:02,  6.31it/s, it=205, loss=0.3916]Running OSCD:  52%|█████▏    | 13/25 [00:02<00:01,  6.33it/s, it=205, loss=0.3916]Running OSCD:  52%|█████▏    | 13/25 [00:02<00:01,  6.33it/s, it=210, loss=0.3513]Running OSCD:  52%|█████▏    | 13/25 [00:02<00:01,  6.33it/s, it=215, loss=0.3530]Running OSCD:  52%|█████▏    | 13/25 [00:02<00:01,  6.33it/s, it=220, loss=0.3546]Running OSCD:  56%|█████▌    | 14/25 [00:02<00:01,  6.33it/s, it=220, loss=0.3546]Running OSCD:  56%|█████▌    | 14/25 [00:02<00:01,  6.33it/s, it=225, loss=0.3388]Running OSCD:  56%|█████▌    | 14/25 [00:02<00:01,  6.33it/s, it=230, loss=0.3534]Running OSCD:  56%|█████▌    | 14/25 [00:02<00:01,  6.33it/s, it=235, loss=0.3340]Running OSCD:  56%|█████▌    | 14/25 [00:02<00:01,  6.33it/s, it=240, loss=0.3455]Running OSCD:  60%|██████    | 15/25 [00:02<00:01,  6.34it/s, it=240, loss=0.3455]Running OSCD:  60%|██████    | 15/25 [00:02<00:01,  6.34it/s, it=245, loss=0.3351]Running OSCD:  60%|██████    | 15/25 [00:02<00:01,  6.34it/s, it=250, loss=0.3382]Running OSCD:  60%|██████    | 15/25 [00:02<00:01,  6.34it/s, it=255, loss=0.3488]Running OSCD:  64%|██████▍   | 16/25 [00:02<00:01,  6.40it/s, it=255, loss=0.3488]Running OSCD:  64%|██████▍   | 16/25 [00:02<00:01,  6.40it/s, it=260, loss=0.3381]Running OSCD:  64%|██████▍   | 16/25 [00:02<00:01,  6.40it/s, it=265, loss=0.3393]Running OSCD:  64%|██████▍   | 16/25 [00:02<00:01,  6.40it/s, it=270, loss=0.3345]Running OSCD:  68%|██████▊   | 17/25 [00:02<00:01,  6.38it/s, it=270, loss=0.3345]Running OSCD:  68%|██████▊   | 17/25 [00:02<00:01,  6.38it/s, it=275, loss=0.3340]Running OSCD:  68%|██████▊   | 17/25 [00:02<00:01,  6.38it/s, it=280, loss=0.3537]Running OSCD:  68%|██████▊   | 17/25 [00:02<00:01,  6.38it/s, it=285, loss=0.3295]Running OSCD:  72%|███████▏  | 18/25 [00:02<00:01,  6.41it/s, it=285, loss=0.3295]Running OSCD:  72%|███████▏  | 18/25 [00:03<00:01,  6.41it/s, it=290, loss=0.3400]Running OSCD:  72%|███████▏  | 18/25 [00:03<00:01,  6.41it/s, it=295, loss=0.3395]Running OSCD:  72%|███████▏  | 18/25 [00:03<00:01,  6.41it/s, it=300, loss=0.3489]Running OSCD:  76%|███████▌  | 19/25 [00:03<00:00,  6.43it/s, it=300, loss=0.3489]Running OSCD:  76%|███████▌  | 19/25 [00:03<00:00,  6.43it/s, it=305, loss=0.3340]Running OSCD:  76%|███████▌  | 19/25 [00:03<00:00,  6.43it/s, it=310, loss=0.3372]Running OSCD:  76%|███████▌  | 19/25 [00:03<00:00,  6.43it/s, it=315, loss=0.3453]Running OSCD:  76%|███████▌  | 19/25 [00:03<00:00,  6.43it/s, it=320, loss=0.3349]Running OSCD:  80%|████████  | 20/25 [00:03<00:00,  6.46it/s, it=320, loss=0.3349]Running OSCD:  80%|████████  | 20/25 [00:03<00:00,  6.46it/s, it=325, loss=0.3216]Running OSCD:  80%|████████  | 20/25 [00:03<00:00,  6.46it/s, it=330, loss=0.3331]Running OSCD:  80%|████████  | 20/25 [00:03<00:00,  6.46it/s, it=335, loss=0.3303]Running OSCD:  84%|████████▍ | 21/25 [00:03<00:00,  6.45it/s, it=335, loss=0.3303]Running OSCD:  84%|████████▍ | 21/25 [00:03<00:00,  6.45it/s, it=340, loss=0.3327]Running OSCD:  84%|████████▍ | 21/25 [00:03<00:00,  6.45it/s, it=345, loss=0.3328]Running OSCD:  84%|████████▍ | 21/25 [00:03<00:00,  6.45it/s, it=350, loss=0.3344]Running OSCD:  88%|████████▊ | 22/25 [00:03<00:00,  6.45it/s, it=350, loss=0.3344]Running OSCD:  88%|████████▊ | 22/25 [00:03<00:00,  6.45it/s, it=355, loss=0.3527]Running OSCD:  88%|████████▊ | 22/25 [00:03<00:00,  6.45it/s, it=360, loss=0.3329]Running OSCD:  88%|████████▊ | 22/25 [00:03<00:00,  6.45it/s, it=365, loss=0.3411]Running OSCD:  92%|█████████▏| 23/25 [00:03<00:00,  6.47it/s, it=365, loss=0.3411]Running OSCD:  92%|█████████▏| 23/25 [00:03<00:00,  6.47it/s, it=370, loss=0.3539]Running OSCD:  92%|█████████▏| 23/25 [00:03<00:00,  6.47it/s, it=375, loss=0.3637]Running OSCD:  92%|█████████▏| 23/25 [00:03<00:00,  6.47it/s, it=380, loss=0.3411]Running OSCD:  96%|█████████▌| 24/25 [00:03<00:00,  6.46it/s, it=380, loss=0.3411]Running OSCD:  96%|█████████▌| 24/25 [00:03<00:00,  6.46it/s, it=385, loss=0.3337]Running OSCD:  96%|█████████▌| 24/25 [00:03<00:00,  6.46it/s, it=390, loss=0.3296]Running OSCD:  96%|█████████▌| 24/25 [00:03<00:00,  6.46it/s, it=395, loss=0.3300]Running OSCD:  96%|█████████▌| 24/25 [00:04<00:00,  6.46it/s, it=400, loss=0.3396]Running OSCD: 100%|██████████| 25/25 [00:04<00:00,  6.50it/s, it=400, loss=0.3396]Running OSCD: 100%|██████████| 25/25 [00:04<00:00,  6.23it/s, it=400, loss=0.3396]
Refining Change Mask:   0%|          | 0/2600 [00:00<?, ?it/s]Refining Change Mask:   0%|          | 0/2600 [00:00<?, ?it/s, it=405, loss=0.3399]Refining Change Mask:   0%|          | 0/2600 [00:00<?, ?it/s, it=410, loss=0.3461]Refining Change Mask:   0%|          | 0/2600 [00:00<?, ?it/s, it=415, loss=0.3681]Refining Change Mask:   0%|          | 0/2600 [00:00<?, ?it/s, it=420, loss=0.3352]Refining Change Mask:   0%|          | 0/2600 [00:00<?, ?it/s, it=425, loss=0.3310]Refining Change Mask:   1%|          | 25/2600 [00:00<00:10, 243.31it/s, it=425, loss=0.3310]Refining Change Mask:   1%|          | 25/2600 [00:00<00:10, 243.31it/s, it=430, loss=0.3286]Refining Change Mask:   1%|          | 25/2600 [00:00<00:10, 243.31it/s, it=435, loss=0.3325]Refining Change Mask:   1%|          | 25/2600 [00:00<00:10, 243.31it/s, it=440, loss=0.3398]Refining Change Mask:   1%|          | 25/2600 [00:00<00:10, 243.31it/s, it=445, loss=0.3276]Refining Change Mask:   1%|          | 25/2600 [00:00<00:10, 243.31it/s, it=450, loss=0.3385]Refining Change Mask:   2%|▏         | 50/2600 [00:00<00:10, 241.59it/s, it=450, loss=0.3385]Refining Change Mask:   2%|▏         | 50/2600 [00:00<00:10, 241.59it/s, it=455, loss=0.3398]Refining Change Mask:   2%|▏         | 50/2600 [00:00<00:10, 241.59it/s, it=460, loss=0.3281]Refining Change Mask:   2%|▏         | 50/2600 [00:00<00:10, 241.59it/s, it=465, loss=0.3658]Refining Change Mask:   2%|▏         | 50/2600 [00:00<00:10, 241.59it/s, it=470, loss=0.3340]Refining Change Mask:   2%|▏         | 50/2600 [00:00<00:10, 241.59it/s, it=475, loss=0.3453]Refining Change Mask:   3%|▎         | 75/2600 [00:00<00:10, 241.98it/s, it=475, loss=0.3453]Refining Change Mask:   3%|▎         | 75/2600 [00:00<00:10, 241.98it/s, it=480, loss=0.3500]Refining Change Mask:   3%|▎         | 75/2600 [00:00<00:10, 241.98it/s, it=485, loss=0.3286]Refining Change Mask:   3%|▎         | 75/2600 [00:00<00:10, 241.98it/s, it=490, loss=0.3532]Refining Change Mask:   3%|▎         | 75/2600 [00:00<00:10, 241.98it/s, it=495, loss=0.3503]Refining Change Mask:   3%|▎         | 75/2600 [00:00<00:10, 241.98it/s, it=500, loss=0.3366]Refining Change Mask:   4%|▍         | 100/2600 [00:00<00:10, 239.44it/s, it=500, loss=0.3366]Refining Change Mask:   4%|▍         | 100/2600 [00:00<00:10, 239.44it/s, it=505, loss=0.3376]Refining Change Mask:   4%|▍         | 100/2600 [00:00<00:10, 239.44it/s, it=510, loss=0.3491]Refining Change Mask:   4%|▍         | 100/2600 [00:00<00:10, 239.44it/s, it=515, loss=0.3536]Refining Change Mask:   4%|▍         | 100/2600 [00:00<00:10, 239.44it/s, it=520, loss=0.3549]Refining Change Mask:   4%|▍         | 100/2600 [00:00<00:10, 239.44it/s, it=525, loss=0.3279]Refining Change Mask:   4%|▍         | 100/2600 [00:00<00:10, 239.44it/s, it=530, loss=0.3364]Refining Change Mask:   4%|▍         | 100/2600 [00:00<00:10, 239.44it/s, it=535, loss=0.3404]Refining Change Mask:   4%|▍         | 100/2600 [00:00<00:10, 239.44it/s, it=540, loss=0.3426]Refining Change Mask:   4%|▍         | 100/2600 [00:00<00:10, 239.44it/s, it=545, loss=0.3440]Refining Change Mask:   4%|▍         | 100/2600 [00:00<00:10, 239.44it/s, it=550, loss=0.3501]Refining Change Mask:   4%|▍         | 100/2600 [00:00<00:10, 239.44it/s, it=555, loss=0.3595]Refining Change Mask:   4%|▍         | 100/2600 [00:00<00:10, 239.44it/s, it=560, loss=0.3300]Refining Change Mask:   6%|▋         | 164/2600 [00:00<00:06, 378.37it/s, it=560, loss=0.3300]Refining Change Mask:   6%|▋         | 164/2600 [00:00<00:06, 378.37it/s, it=565, loss=0.3387]Refining Change Mask:   6%|▋         | 164/2600 [00:00<00:06, 378.37it/s, it=570, loss=0.3372]Refining Change Mask:   6%|▋         | 164/2600 [00:00<00:06, 378.37it/s, it=575, loss=0.3461]Refining Change Mask:   6%|▋         | 164/2600 [00:00<00:06, 378.37it/s, it=580, loss=0.3356]Refining Change Mask:   6%|▋         | 164/2600 [00:00<00:06, 378.37it/s, it=585, loss=0.3290]Refining Change Mask:   6%|▋         | 164/2600 [00:00<00:06, 378.37it/s, it=590, loss=0.3289]Refining Change Mask:   6%|▋         | 164/2600 [00:00<00:06, 378.37it/s, it=595, loss=0.3299]Refining Change Mask:   6%|▋         | 164/2600 [00:00<00:06, 378.37it/s, it=600, loss=0.3423]Refining Change Mask:   6%|▋         | 164/2600 [00:00<00:06, 378.37it/s, it=605, loss=0.3294]Refining Change Mask:   6%|▋         | 164/2600 [00:00<00:06, 378.37it/s, it=610, loss=0.3408]Refining Change Mask:   6%|▋         | 164/2600 [00:00<00:06, 378.37it/s, it=615, loss=0.3447]Refining Change Mask:   6%|▋         | 164/2600 [00:00<00:06, 378.37it/s, it=620, loss=0.3277]Refining Change Mask:   6%|▋         | 164/2600 [00:00<00:06, 378.37it/s, it=625, loss=0.3497]Refining Change Mask:   9%|▊         | 227/2600 [00:00<00:05, 461.11it/s, it=625, loss=0.3497]Refining Change Mask:   9%|▊         | 227/2600 [00:00<00:05, 461.11it/s, it=630, loss=0.3562]Refining Change Mask:   9%|▊         | 227/2600 [00:00<00:05, 461.11it/s, it=635, loss=0.3532]Refining Change Mask:   9%|▊         | 227/2600 [00:00<00:05, 461.11it/s, it=640, loss=0.3336]Refining Change Mask:   9%|▊         | 227/2600 [00:00<00:05, 461.11it/s, it=645, loss=0.3461]Refining Change Mask:   9%|▊         | 227/2600 [00:00<00:05, 461.11it/s, it=650, loss=0.3372]Refining Change Mask:   9%|▊         | 227/2600 [00:00<00:05, 461.11it/s, it=655, loss=0.3416]Refining Change Mask:   9%|▊         | 227/2600 [00:00<00:05, 461.11it/s, it=660, loss=0.3569]Refining Change Mask:   9%|▊         | 227/2600 [00:00<00:05, 461.11it/s, it=665, loss=0.3456]Refining Change Mask:   9%|▊         | 227/2600 [00:00<00:05, 461.11it/s, it=670, loss=0.3385]Refining Change Mask:   9%|▊         | 227/2600 [00:00<00:05, 461.11it/s, it=675, loss=0.3366]Refining Change Mask:   9%|▊         | 227/2600 [00:00<00:05, 461.11it/s, it=680, loss=0.3540]Refining Change Mask:   9%|▊         | 227/2600 [00:00<00:05, 461.11it/s, it=685, loss=0.3343]Refining Change Mask:   9%|▊         | 227/2600 [00:00<00:05, 461.11it/s, it=690, loss=0.3387]Refining Change Mask:  11%|█▏        | 294/2600 [00:00<00:04, 528.11it/s, it=690, loss=0.3387]Refining Change Mask:  11%|█▏        | 294/2600 [00:00<00:04, 528.11it/s, it=695, loss=0.3426]Refining Change Mask:  11%|█▏        | 294/2600 [00:00<00:04, 528.11it/s, it=700, loss=0.3569]Refining Change Mask:  11%|█▏        | 294/2600 [00:00<00:04, 528.11it/s, it=705, loss=0.3353]Refining Change Mask:  11%|█▏        | 294/2600 [00:00<00:04, 528.11it/s, it=710, loss=0.3640]Refining Change Mask:  11%|█▏        | 294/2600 [00:00<00:04, 528.11it/s, it=715, loss=0.3341]Refining Change Mask:  11%|█▏        | 294/2600 [00:00<00:04, 528.11it/s, it=720, loss=0.3361]Refining Change Mask:  11%|█▏        | 294/2600 [00:00<00:04, 528.11it/s, it=725, loss=0.3414]Refining Change Mask:  11%|█▏        | 294/2600 [00:00<00:04, 528.11it/s, it=730, loss=0.3391]Refining Change Mask:  11%|█▏        | 294/2600 [00:00<00:04, 528.11it/s, it=735, loss=0.3400]Refining Change Mask:  11%|█▏        | 294/2600 [00:00<00:04, 528.11it/s, it=740, loss=0.3545]Refining Change Mask:  11%|█▏        | 294/2600 [00:00<00:04, 528.11it/s, it=745, loss=0.3404]Refining Change Mask:  11%|█▏        | 294/2600 [00:00<00:04, 528.11it/s, it=750, loss=0.3327]Refining Change Mask:  11%|█▏        | 294/2600 [00:00<00:04, 528.11it/s, it=755, loss=0.3319]Refining Change Mask:  14%|█▎        | 355/2600 [00:00<00:04, 552.54it/s, it=755, loss=0.3319]Refining Change Mask:  14%|█▎        | 355/2600 [00:00<00:04, 552.54it/s, it=760, loss=0.3348]Refining Change Mask:  14%|█▎        | 355/2600 [00:00<00:04, 552.54it/s, it=765, loss=0.3316]Refining Change Mask:  14%|█▎        | 355/2600 [00:00<00:04, 552.54it/s, it=770, loss=0.3396]Refining Change Mask:  14%|█▎        | 355/2600 [00:00<00:04, 552.54it/s, it=775, loss=0.3456]Refining Change Mask:  14%|█▎        | 355/2600 [00:00<00:04, 552.54it/s, it=780, loss=0.3431]Refining Change Mask:  14%|█▎        | 355/2600 [00:00<00:04, 552.54it/s, it=785, loss=0.3390]Refining Change Mask:  14%|█▎        | 355/2600 [00:00<00:04, 552.54it/s, it=790, loss=0.3347]Refining Change Mask:  14%|█▎        | 355/2600 [00:00<00:04, 552.54it/s, it=795, loss=0.3353]Refining Change Mask:  14%|█▎        | 355/2600 [00:00<00:04, 552.54it/s, it=800, loss=0.3326]Refining Change Mask:  14%|█▎        | 355/2600 [00:00<00:04, 552.54it/s, it=805, loss=0.3309]Refining Change Mask:  14%|█▎        | 355/2600 [00:00<00:04, 552.54it/s, it=810, loss=0.3378]Refining Change Mask:  14%|█▎        | 355/2600 [00:00<00:04, 552.54it/s, it=815, loss=0.3359]Refining Change Mask:  16%|█▌        | 418/2600 [00:00<00:03, 575.92it/s, it=815, loss=0.3359]Refining Change Mask:  16%|█▌        | 418/2600 [00:00<00:03, 575.92it/s, it=820, loss=0.3417]Refining Change Mask:  16%|█▌        | 418/2600 [00:00<00:03, 575.92it/s, it=825, loss=0.3584]Refining Change Mask:  16%|█▌        | 418/2600 [00:00<00:03, 575.92it/s, it=830, loss=0.3511]Refining Change Mask:  16%|█▌        | 418/2600 [00:00<00:03, 575.92it/s, it=835, loss=0.3473]Refining Change Mask:  16%|█▌        | 418/2600 [00:00<00:03, 575.92it/s, it=840, loss=0.3475]Refining Change Mask:  16%|█▌        | 418/2600 [00:00<00:03, 575.92it/s, it=845, loss=0.3338]Refining Change Mask:  16%|█▌        | 418/2600 [00:00<00:03, 575.92it/s, it=850, loss=0.3416]Refining Change Mask:  16%|█▌        | 418/2600 [00:00<00:03, 575.92it/s, it=855, loss=0.3442]Refining Change Mask:  16%|█▌        | 418/2600 [00:00<00:03, 575.92it/s, it=860, loss=0.3361]Refining Change Mask:  16%|█▌        | 418/2600 [00:00<00:03, 575.92it/s, it=865, loss=0.3390]Refining Change Mask:  16%|█▌        | 418/2600 [00:00<00:03, 575.92it/s, it=870, loss=0.3424]Refining Change Mask:  16%|█▌        | 418/2600 [00:01<00:03, 575.92it/s, it=875, loss=0.3332]Refining Change Mask:  16%|█▌        | 418/2600 [00:01<00:03, 575.92it/s, it=880, loss=0.3466]Refining Change Mask:  19%|█▊        | 483/2600 [00:01<00:03, 598.21it/s, it=880, loss=0.3466]Refining Change Mask:  19%|█▊        | 483/2600 [00:01<00:03, 598.21it/s, it=885, loss=0.3370]Refining Change Mask:  19%|█▊        | 483/2600 [00:01<00:03, 598.21it/s, it=890, loss=0.3615]Refining Change Mask:  19%|█▊        | 483/2600 [00:01<00:03, 598.21it/s, it=895, loss=0.3375]Refining Change Mask:  19%|█▊        | 483/2600 [00:01<00:03, 598.21it/s, it=900, loss=0.3447]Refining Change Mask:  19%|█▊        | 483/2600 [00:01<00:03, 598.21it/s, it=905, loss=0.3523]Refining Change Mask:  19%|█▊        | 483/2600 [00:01<00:03, 598.21it/s, it=910, loss=0.3395]Refining Change Mask:  19%|█▊        | 483/2600 [00:01<00:03, 598.21it/s, it=915, loss=0.3434]Refining Change Mask:  19%|█▊        | 483/2600 [00:01<00:03, 598.21it/s, it=920, loss=0.3450]Refining Change Mask:  19%|█▊        | 483/2600 [00:01<00:03, 598.21it/s, it=925, loss=0.3318]Refining Change Mask:  19%|█▊        | 483/2600 [00:01<00:03, 598.21it/s, it=930, loss=0.3458]Refining Change Mask:  19%|█▊        | 483/2600 [00:01<00:03, 598.21it/s, it=935, loss=0.3456]Refining Change Mask:  19%|█▊        | 483/2600 [00:01<00:03, 598.21it/s, it=940, loss=0.3408]Refining Change Mask:  19%|█▊        | 483/2600 [00:01<00:03, 598.21it/s, it=945, loss=0.3282]Refining Change Mask:  21%|██        | 547/2600 [00:01<00:03, 610.29it/s, it=945, loss=0.3282]Refining Change Mask:  21%|██        | 547/2600 [00:01<00:03, 610.29it/s, it=950, loss=0.3521]Refining Change Mask:  21%|██        | 547/2600 [00:01<00:03, 610.29it/s, it=955, loss=0.3428]Refining Change Mask:  21%|██        | 547/2600 [00:01<00:03, 610.29it/s, it=960, loss=0.3407]Refining Change Mask:  21%|██        | 547/2600 [00:01<00:03, 610.29it/s, it=965, loss=0.3349]Refining Change Mask:  21%|██        | 547/2600 [00:01<00:03, 610.29it/s, it=970, loss=0.3324]Refining Change Mask:  21%|██        | 547/2600 [00:01<00:03, 610.29it/s, it=975, loss=0.3304]Refining Change Mask:  21%|██        | 547/2600 [00:01<00:03, 610.29it/s, it=980, loss=0.3247]Refining Change Mask:  21%|██        | 547/2600 [00:01<00:03, 610.29it/s, it=985, loss=0.3363]Refining Change Mask:  21%|██        | 547/2600 [00:01<00:03, 610.29it/s, it=990, loss=0.3339]Refining Change Mask:  21%|██        | 547/2600 [00:01<00:03, 610.29it/s, it=995, loss=0.3282]Refining Change Mask:  21%|██        | 547/2600 [00:01<00:03, 610.29it/s, it=1000, loss=0.3298]Refining Change Mask:  21%|██        | 547/2600 [00:01<00:03, 610.29it/s, it=1005, loss=0.3298]Refining Change Mask:  21%|██        | 547/2600 [00:01<00:03, 610.29it/s, it=1010, loss=0.3582]Refining Change Mask:  21%|██        | 547/2600 [00:01<00:03, 610.29it/s, it=1015, loss=0.3485]Refining Change Mask:  24%|██▎       | 615/2600 [00:01<00:03, 630.31it/s, it=1015, loss=0.3485]Refining Change Mask:  24%|██▎       | 615/2600 [00:01<00:03, 630.31it/s, it=1020, loss=0.3318]Refining Change Mask:  24%|██▎       | 615/2600 [00:01<00:03, 630.31it/s, it=1025, loss=0.3351]Refining Change Mask:  24%|██▎       | 615/2600 [00:01<00:03, 630.31it/s, it=1030, loss=0.3390]Refining Change Mask:  24%|██▎       | 615/2600 [00:01<00:03, 630.31it/s, it=1035, loss=0.3400]Refining Change Mask:  24%|██▎       | 615/2600 [00:01<00:03, 630.31it/s, it=1040, loss=0.3345]Refining Change Mask:  24%|██▎       | 615/2600 [00:01<00:03, 630.31it/s, it=1045, loss=0.3354]Refining Change Mask:  24%|██▎       | 615/2600 [00:01<00:03, 630.31it/s, it=1050, loss=0.3487]Refining Change Mask:  24%|██▎       | 615/2600 [00:01<00:03, 630.31it/s, it=1055, loss=0.3416]Refining Change Mask:  24%|██▎       | 615/2600 [00:01<00:03, 630.31it/s, it=1060, loss=0.3336]Refining Change Mask:  24%|██▎       | 615/2600 [00:01<00:03, 630.31it/s, it=1065, loss=0.3434]Refining Change Mask:  24%|██▎       | 615/2600 [00:01<00:03, 630.31it/s, it=1070, loss=0.3427]Refining Change Mask:  24%|██▎       | 615/2600 [00:01<00:03, 630.31it/s, it=1075, loss=0.3423]Refining Change Mask:  24%|██▎       | 615/2600 [00:01<00:03, 630.31it/s, it=1080, loss=0.3585]Refining Change Mask:  24%|██▎       | 615/2600 [00:01<00:03, 630.31it/s, it=1085, loss=0.3347]Refining Change Mask:  26%|██▋       | 685/2600 [00:01<00:02, 650.27it/s, it=1085, loss=0.3347]Refining Change Mask:  26%|██▋       | 685/2600 [00:01<00:02, 650.27it/s, it=1090, loss=0.3399]Refining Change Mask:  26%|██▋       | 685/2600 [00:01<00:02, 650.27it/s, it=1095, loss=0.3562]Refining Change Mask:  26%|██▋       | 685/2600 [00:01<00:02, 650.27it/s, it=1100, loss=0.3422]Refining Change Mask:  26%|██▋       | 685/2600 [00:01<00:02, 650.27it/s, it=1105, loss=0.3498]Refining Change Mask:  26%|██▋       | 685/2600 [00:01<00:02, 650.27it/s, it=1110, loss=0.3360]Refining Change Mask:  26%|██▋       | 685/2600 [00:01<00:02, 650.27it/s, it=1115, loss=0.3519]Refining Change Mask:  26%|██▋       | 685/2600 [00:01<00:02, 650.27it/s, it=1120, loss=0.3356]Refining Change Mask:  26%|██▋       | 685/2600 [00:01<00:02, 650.27it/s, it=1125, loss=0.3344]Refining Change Mask:  26%|██▋       | 685/2600 [00:01<00:02, 650.27it/s, it=1130, loss=0.3631]Refining Change Mask:  26%|██▋       | 685/2600 [00:01<00:02, 650.27it/s, it=1135, loss=0.3323]Refining Change Mask:  26%|██▋       | 685/2600 [00:01<00:02, 650.27it/s, it=1140, loss=0.3463]Refining Change Mask:  26%|██▋       | 685/2600 [00:01<00:02, 650.27it/s, it=1145, loss=0.3604]Refining Change Mask:  26%|██▋       | 685/2600 [00:01<00:02, 650.27it/s, it=1150, loss=0.3563]Refining Change Mask:  29%|██▉       | 752/2600 [00:01<00:02, 655.30it/s, it=1150, loss=0.3563]Refining Change Mask:  29%|██▉       | 752/2600 [00:01<00:02, 655.30it/s, it=1155, loss=0.3370]Refining Change Mask:  29%|██▉       | 752/2600 [00:01<00:02, 655.30it/s, it=1160, loss=0.3369]Refining Change Mask:  29%|██▉       | 752/2600 [00:01<00:02, 655.30it/s, it=1165, loss=0.3628]Refining Change Mask:  29%|██▉       | 752/2600 [00:01<00:02, 655.30it/s, it=1170, loss=0.3353]Refining Change Mask:  29%|██▉       | 752/2600 [00:01<00:02, 655.30it/s, it=1175, loss=0.3360]Refining Change Mask:  29%|██▉       | 752/2600 [00:01<00:02, 655.30it/s, it=1180, loss=0.3442]Refining Change Mask:  29%|██▉       | 752/2600 [00:01<00:02, 655.30it/s, it=1185, loss=0.3338]Refining Change Mask:  29%|██▉       | 752/2600 [00:01<00:02, 655.30it/s, it=1190, loss=0.3480]Refining Change Mask:  29%|██▉       | 752/2600 [00:01<00:02, 655.30it/s, it=1195, loss=0.3313]Refining Change Mask:  29%|██▉       | 752/2600 [00:01<00:02, 655.30it/s, it=1200, loss=0.3463]Refining Change Mask:  29%|██▉       | 752/2600 [00:01<00:02, 655.30it/s, it=1205, loss=0.3440]Refining Change Mask:  29%|██▉       | 752/2600 [00:01<00:02, 655.30it/s, it=1210, loss=0.3379]Refining Change Mask:  29%|██▉       | 752/2600 [00:01<00:02, 655.30it/s, it=1215, loss=0.3547]Refining Change Mask:  29%|██▉       | 752/2600 [00:01<00:02, 655.30it/s, it=1220, loss=0.3583]Refining Change Mask:  32%|███▏      | 820/2600 [00:01<00:02, 658.87it/s, it=1220, loss=0.3583]Refining Change Mask:  32%|███▏      | 820/2600 [00:01<00:02, 658.87it/s, it=1225, loss=0.3630]Refining Change Mask:  32%|███▏      | 820/2600 [00:01<00:02, 658.87it/s, it=1230, loss=0.3470]Refining Change Mask:  32%|███▏      | 820/2600 [00:01<00:02, 658.87it/s, it=1235, loss=0.3467]Refining Change Mask:  32%|███▏      | 820/2600 [00:01<00:02, 658.87it/s, it=1240, loss=0.3400]Refining Change Mask:  32%|███▏      | 820/2600 [00:01<00:02, 658.87it/s, it=1245, loss=0.3631]Refining Change Mask:  32%|███▏      | 820/2600 [00:01<00:02, 658.87it/s, it=1250, loss=0.3430]Refining Change Mask:  32%|███▏      | 820/2600 [00:01<00:02, 658.87it/s, it=1255, loss=0.3451]Refining Change Mask:  32%|███▏      | 820/2600 [00:01<00:02, 658.87it/s, it=1260, loss=0.3324]Refining Change Mask:  32%|███▏      | 820/2600 [00:01<00:02, 658.87it/s, it=1265, loss=0.3464]Refining Change Mask:  32%|███▏      | 820/2600 [00:01<00:02, 658.87it/s, it=1270, loss=0.3366]Refining Change Mask:  32%|███▏      | 820/2600 [00:01<00:02, 658.87it/s, it=1275, loss=0.3305]Refining Change Mask:  32%|███▏      | 820/2600 [00:01<00:02, 658.87it/s, it=1280, loss=0.3379]Refining Change Mask:  32%|███▏      | 820/2600 [00:01<00:02, 658.87it/s, it=1285, loss=0.3529]Refining Change Mask:  34%|███▍      | 887/2600 [00:01<00:02, 659.95it/s, it=1285, loss=0.3529]Refining Change Mask:  34%|███▍      | 887/2600 [00:01<00:02, 659.95it/s, it=1290, loss=0.3336]Refining Change Mask:  34%|███▍      | 887/2600 [00:01<00:02, 659.95it/s, it=1295, loss=0.3449]Refining Change Mask:  34%|███▍      | 887/2600 [00:01<00:02, 659.95it/s, it=1300, loss=0.3302]Refining Change Mask:  34%|███▍      | 887/2600 [00:01<00:02, 659.95it/s, it=1305, loss=0.3302]Refining Change Mask:  34%|███▍      | 887/2600 [00:01<00:02, 659.95it/s, it=1310, loss=0.3222]Refining Change Mask:  34%|███▍      | 887/2600 [00:01<00:02, 659.95it/s, it=1315, loss=0.3295]Refining Change Mask:  34%|███▍      | 887/2600 [00:01<00:02, 659.95it/s, it=1320, loss=0.3510]Refining Change Mask:  34%|███▍      | 887/2600 [00:01<00:02, 659.95it/s, it=1325, loss=0.3446]Refining Change Mask:  34%|███▍      | 887/2600 [00:01<00:02, 659.95it/s, it=1330, loss=0.3426]Refining Change Mask:  34%|███▍      | 887/2600 [00:01<00:02, 659.95it/s, it=1335, loss=0.3333]Refining Change Mask:  34%|███▍      | 887/2600 [00:01<00:02, 659.95it/s, it=1340, loss=0.3458]Refining Change Mask:  34%|███▍      | 887/2600 [00:01<00:02, 659.95it/s, it=1345, loss=0.3308]Refining Change Mask:  34%|███▍      | 887/2600 [00:01<00:02, 659.95it/s, it=1350, loss=0.3474]Refining Change Mask:  37%|███▋      | 954/2600 [00:01<00:02, 648.44it/s, it=1350, loss=0.3474]Refining Change Mask:  37%|███▋      | 954/2600 [00:01<00:02, 648.44it/s, it=1355, loss=0.3505]Refining Change Mask:  37%|███▋      | 954/2600 [00:01<00:02, 648.44it/s, it=1360, loss=0.3364]Refining Change Mask:  37%|███▋      | 954/2600 [00:01<00:02, 648.44it/s, it=1365, loss=0.3309]Refining Change Mask:  37%|███▋      | 954/2600 [00:01<00:02, 648.44it/s, it=1370, loss=0.3360]Refining Change Mask:  37%|███▋      | 954/2600 [00:01<00:02, 648.44it/s, it=1375, loss=0.3384]Refining Change Mask:  37%|███▋      | 954/2600 [00:01<00:02, 648.44it/s, it=1380, loss=0.3302]Refining Change Mask:  37%|███▋      | 954/2600 [00:01<00:02, 648.44it/s, it=1385, loss=0.3323]Refining Change Mask:  37%|███▋      | 954/2600 [00:01<00:02, 648.44it/s, it=1390, loss=0.3354]Refining Change Mask:  37%|███▋      | 954/2600 [00:01<00:02, 648.44it/s, it=1395, loss=0.3378]Refining Change Mask:  37%|███▋      | 954/2600 [00:01<00:02, 648.44it/s, it=1400, loss=0.3306]Refining Change Mask:  37%|███▋      | 954/2600 [00:01<00:02, 648.44it/s, it=1405, loss=0.3314]Refining Change Mask:  37%|███▋      | 954/2600 [00:01<00:02, 648.44it/s, it=1410, loss=0.3256]Refining Change Mask:  37%|███▋      | 954/2600 [00:01<00:02, 648.44it/s, it=1415, loss=0.3400]Refining Change Mask:  37%|███▋      | 954/2600 [00:01<00:02, 648.44it/s, it=1420, loss=0.3378]Refining Change Mask:  39%|███▉      | 1020/2600 [00:01<00:02, 650.15it/s, it=1420, loss=0.3378]Refining Change Mask:  39%|███▉      | 1020/2600 [00:01<00:02, 650.15it/s, it=1425, loss=0.3406]Refining Change Mask:  39%|███▉      | 1020/2600 [00:01<00:02, 650.15it/s, it=1430, loss=0.3484]Refining Change Mask:  39%|███▉      | 1020/2600 [00:01<00:02, 650.15it/s, it=1435, loss=0.3610]Refining Change Mask:  39%|███▉      | 1020/2600 [00:01<00:02, 650.15it/s, it=1440, loss=0.3471]Refining Change Mask:  39%|███▉      | 1020/2600 [00:01<00:02, 650.15it/s, it=1445, loss=0.3369]Refining Change Mask:  39%|███▉      | 1020/2600 [00:01<00:02, 650.15it/s, it=1450, loss=0.3427]Refining Change Mask:  39%|███▉      | 1020/2600 [00:01<00:02, 650.15it/s, it=1455, loss=0.3368]Refining Change Mask:  39%|███▉      | 1020/2600 [00:01<00:02, 650.15it/s, it=1460, loss=0.3379]Refining Change Mask:  39%|███▉      | 1020/2600 [00:01<00:02, 650.15it/s, it=1465, loss=0.3384]Refining Change Mask:  39%|███▉      | 1020/2600 [00:01<00:02, 650.15it/s, it=1470, loss=0.3552]Refining Change Mask:  39%|███▉      | 1020/2600 [00:01<00:02, 650.15it/s, it=1475, loss=0.3317]Refining Change Mask:  39%|███▉      | 1020/2600 [00:01<00:02, 650.15it/s, it=1480, loss=0.3400]Refining Change Mask:  39%|███▉      | 1020/2600 [00:01<00:02, 650.15it/s, it=1485, loss=0.3628]Refining Change Mask:  42%|████▏     | 1089/2600 [00:01<00:02, 661.35it/s, it=1485, loss=0.3628]Refining Change Mask:  42%|████▏     | 1089/2600 [00:01<00:02, 661.35it/s, it=1490, loss=0.3335]Refining Change Mask:  42%|████▏     | 1089/2600 [00:01<00:02, 661.35it/s, it=1495, loss=0.3340]Refining Change Mask:  42%|████▏     | 1089/2600 [00:01<00:02, 661.35it/s, it=1500, loss=0.3399]Refining Change Mask:  42%|████▏     | 1089/2600 [00:01<00:02, 661.35it/s, it=1505, loss=0.3351]Refining Change Mask:  42%|████▏     | 1089/2600 [00:01<00:02, 661.35it/s, it=1510, loss=0.3457]Refining Change Mask:  42%|████▏     | 1089/2600 [00:01<00:02, 661.35it/s, it=1515, loss=0.3480]Refining Change Mask:  42%|████▏     | 1089/2600 [00:01<00:02, 661.35it/s, it=1520, loss=0.3453]Refining Change Mask:  42%|████▏     | 1089/2600 [00:01<00:02, 661.35it/s, it=1525, loss=0.3442]Refining Change Mask:  42%|████▏     | 1089/2600 [00:01<00:02, 661.35it/s, it=1530, loss=0.3263]Refining Change Mask:  42%|████▏     | 1089/2600 [00:02<00:02, 661.35it/s, it=1535, loss=0.3393]Refining Change Mask:  42%|████▏     | 1089/2600 [00:02<00:02, 661.35it/s, it=1540, loss=0.3777]Refining Change Mask:  42%|████▏     | 1089/2600 [00:02<00:02, 661.35it/s, it=1545, loss=0.3424]Refining Change Mask:  42%|████▏     | 1089/2600 [00:02<00:02, 661.35it/s, it=1550, loss=0.3304]Refining Change Mask:  42%|████▏     | 1089/2600 [00:02<00:02, 661.35it/s, it=1555, loss=0.3576]Refining Change Mask:  44%|████▍     | 1156/2600 [00:02<00:02, 662.65it/s, it=1555, loss=0.3576]Refining Change Mask:  44%|████▍     | 1156/2600 [00:02<00:02, 662.65it/s, it=1560, loss=0.3423]Refining Change Mask:  44%|████▍     | 1156/2600 [00:02<00:02, 662.65it/s, it=1565, loss=0.3368]Refining Change Mask:  44%|████▍     | 1156/2600 [00:02<00:02, 662.65it/s, it=1570, loss=0.3299]Refining Change Mask:  44%|████▍     | 1156/2600 [00:02<00:02, 662.65it/s, it=1575, loss=0.3374]Refining Change Mask:  44%|████▍     | 1156/2600 [00:02<00:02, 662.65it/s, it=1580, loss=0.3637]Refining Change Mask:  44%|████▍     | 1156/2600 [00:02<00:02, 662.65it/s, it=1585, loss=0.3340]Refining Change Mask:  44%|████▍     | 1156/2600 [00:02<00:02, 662.65it/s, it=1590, loss=0.3328]Refining Change Mask:  44%|████▍     | 1156/2600 [00:02<00:02, 662.65it/s, it=1595, loss=0.3314]Refining Change Mask:  44%|████▍     | 1156/2600 [00:02<00:02, 662.65it/s, it=1600, loss=0.3312]Refining Change Mask:  44%|████▍     | 1156/2600 [00:02<00:02, 662.65it/s, it=1605, loss=0.3360]Refining Change Mask:  44%|████▍     | 1156/2600 [00:02<00:02, 662.65it/s, it=1610, loss=0.3397]Refining Change Mask:  44%|████▍     | 1156/2600 [00:02<00:02, 662.65it/s, it=1615, loss=0.3435]Refining Change Mask:  44%|████▍     | 1156/2600 [00:02<00:02, 662.65it/s, it=1620, loss=0.3489]Refining Change Mask:  47%|████▋     | 1223/2600 [00:02<00:02, 664.63it/s, it=1620, loss=0.3489]Refining Change Mask:  47%|████▋     | 1223/2600 [00:02<00:02, 664.63it/s, it=1625, loss=0.3515]Refining Change Mask:  47%|████▋     | 1223/2600 [00:02<00:02, 664.63it/s, it=1630, loss=0.3456]Refining Change Mask:  47%|████▋     | 1223/2600 [00:02<00:02, 664.63it/s, it=1635, loss=0.3403]Refining Change Mask:  47%|████▋     | 1223/2600 [00:02<00:02, 664.63it/s, it=1640, loss=0.3333]Refining Change Mask:  47%|████▋     | 1223/2600 [00:02<00:02, 664.63it/s, it=1645, loss=0.3398]Refining Change Mask:  47%|████▋     | 1223/2600 [00:02<00:02, 664.63it/s, it=1650, loss=0.3416]Refining Change Mask:  47%|████▋     | 1223/2600 [00:02<00:02, 664.63it/s, it=1655, loss=0.3322]Refining Change Mask:  47%|████▋     | 1223/2600 [00:02<00:02, 664.63it/s, it=1660, loss=0.3362]Refining Change Mask:  47%|████▋     | 1223/2600 [00:02<00:02, 664.63it/s, it=1665, loss=0.3324]Refining Change Mask:  47%|████▋     | 1223/2600 [00:02<00:02, 664.63it/s, it=1670, loss=0.3411]Refining Change Mask:  47%|████▋     | 1223/2600 [00:02<00:02, 664.63it/s, it=1675, loss=0.3338]Refining Change Mask:  47%|████▋     | 1223/2600 [00:02<00:02, 664.63it/s, it=1680, loss=0.3259]Refining Change Mask:  47%|████▋     | 1223/2600 [00:02<00:02, 664.63it/s, it=1685, loss=0.3711]Refining Change Mask:  47%|████▋     | 1223/2600 [00:02<00:02, 664.63it/s, it=1690, loss=0.3374]Refining Change Mask:  50%|████▉     | 1290/2600 [00:02<00:01, 664.63it/s, it=1690, loss=0.3374]Refining Change Mask:  50%|████▉     | 1290/2600 [00:02<00:01, 664.63it/s, it=1695, loss=0.3329]Refining Change Mask:  50%|████▉     | 1290/2600 [00:02<00:01, 664.63it/s, it=1700, loss=0.3475]Refining Change Mask:  50%|████▉     | 1290/2600 [00:02<00:01, 664.63it/s, it=1705, loss=0.3299]Refining Change Mask:  50%|████▉     | 1290/2600 [00:02<00:01, 664.63it/s, it=1710, loss=0.3393]Refining Change Mask:  50%|████▉     | 1290/2600 [00:02<00:01, 664.63it/s, it=1715, loss=0.3313]Refining Change Mask:  50%|████▉     | 1290/2600 [00:02<00:01, 664.63it/s, it=1720, loss=0.3633]Refining Change Mask:  50%|████▉     | 1290/2600 [00:02<00:01, 664.63it/s, it=1725, loss=0.3366]Refining Change Mask:  50%|████▉     | 1290/2600 [00:02<00:01, 664.63it/s, it=1730, loss=0.3350]Refining Change Mask:  50%|████▉     | 1290/2600 [00:02<00:01, 664.63it/s, it=1735, loss=0.3360]Refining Change Mask:  50%|████▉     | 1290/2600 [00:02<00:01, 664.63it/s, it=1740, loss=0.3312]Refining Change Mask:  50%|████▉     | 1290/2600 [00:02<00:01, 664.63it/s, it=1745, loss=0.3404]Refining Change Mask:  50%|████▉     | 1290/2600 [00:02<00:01, 664.63it/s, it=1750, loss=0.3421]Refining Change Mask:  50%|████▉     | 1290/2600 [00:02<00:01, 664.63it/s, it=1755, loss=0.3416]Refining Change Mask:  52%|█████▏    | 1357/2600 [00:02<00:01, 656.27it/s, it=1755, loss=0.3416]Refining Change Mask:  52%|█████▏    | 1357/2600 [00:02<00:01, 656.27it/s, it=1760, loss=0.3287]Refining Change Mask:  52%|█████▏    | 1357/2600 [00:02<00:01, 656.27it/s, it=1765, loss=0.3455]Refining Change Mask:  52%|█████▏    | 1357/2600 [00:02<00:01, 656.27it/s, it=1770, loss=0.3453]Refining Change Mask:  52%|█████▏    | 1357/2600 [00:02<00:01, 656.27it/s, it=1775, loss=0.3434]Refining Change Mask:  52%|█████▏    | 1357/2600 [00:02<00:01, 656.27it/s, it=1780, loss=0.3571]Refining Change Mask:  52%|█████▏    | 1357/2600 [00:02<00:01, 656.27it/s, it=1785, loss=0.3365]Refining Change Mask:  52%|█████▏    | 1357/2600 [00:02<00:01, 656.27it/s, it=1790, loss=0.3529]Refining Change Mask:  52%|█████▏    | 1357/2600 [00:02<00:01, 656.27it/s, it=1795, loss=0.3341]Refining Change Mask:  52%|█████▏    | 1357/2600 [00:02<00:01, 656.27it/s, it=1800, loss=0.3610]Refining Change Mask:  52%|█████▏    | 1357/2600 [00:02<00:01, 656.27it/s, it=1805, loss=0.3447]Refining Change Mask:  52%|█████▏    | 1357/2600 [00:02<00:01, 656.27it/s, it=1810, loss=0.3315]Refining Change Mask:  52%|█████▏    | 1357/2600 [00:02<00:01, 656.27it/s, it=1815, loss=0.3399]Refining Change Mask:  52%|█████▏    | 1357/2600 [00:02<00:01, 656.27it/s, it=1820, loss=0.3305]Refining Change Mask:  55%|█████▍    | 1423/2600 [00:02<00:01, 649.29it/s, it=1820, loss=0.3305]Refining Change Mask:  55%|█████▍    | 1423/2600 [00:02<00:01, 649.29it/s, it=1825, loss=0.3501]Refining Change Mask:  55%|█████▍    | 1423/2600 [00:02<00:01, 649.29it/s, it=1830, loss=0.3405]Refining Change Mask:  55%|█████▍    | 1423/2600 [00:02<00:01, 649.29it/s, it=1835, loss=0.3558]Refining Change Mask:  55%|█████▍    | 1423/2600 [00:02<00:01, 649.29it/s, it=1840, loss=0.3481]Refining Change Mask:  55%|█████▍    | 1423/2600 [00:02<00:01, 649.29it/s, it=1845, loss=0.3271]Refining Change Mask:  55%|█████▍    | 1423/2600 [00:02<00:01, 649.29it/s, it=1850, loss=0.3288]Refining Change Mask:  55%|█████▍    | 1423/2600 [00:02<00:01, 649.29it/s, it=1855, loss=0.3268]Refining Change Mask:  55%|█████▍    | 1423/2600 [00:02<00:01, 649.29it/s, it=1860, loss=0.3338]Refining Change Mask:  55%|█████▍    | 1423/2600 [00:02<00:01, 649.29it/s, it=1865, loss=0.3344]Refining Change Mask:  55%|█████▍    | 1423/2600 [00:02<00:01, 649.29it/s, it=1870, loss=0.3309]Refining Change Mask:  55%|█████▍    | 1423/2600 [00:02<00:01, 649.29it/s, it=1875, loss=0.3346]Refining Change Mask:  55%|█████▍    | 1423/2600 [00:02<00:01, 649.29it/s, it=1880, loss=0.3327]Refining Change Mask:  55%|█████▍    | 1423/2600 [00:02<00:01, 649.29it/s, it=1885, loss=0.3386]Refining Change Mask:  57%|█████▋    | 1489/2600 [00:02<00:01, 651.75it/s, it=1885, loss=0.3386]Refining Change Mask:  57%|█████▋    | 1489/2600 [00:02<00:01, 651.75it/s, it=1890, loss=0.3436]Refining Change Mask:  57%|█████▋    | 1489/2600 [00:02<00:01, 651.75it/s, it=1895, loss=0.3433]Refining Change Mask:  57%|█████▋    | 1489/2600 [00:02<00:01, 651.75it/s, it=1900, loss=0.3564]Refining Change Mask:  57%|█████▋    | 1489/2600 [00:02<00:01, 651.75it/s, it=1905, loss=0.3482]Refining Change Mask:  57%|█████▋    | 1489/2600 [00:02<00:01, 651.75it/s, it=1910, loss=0.3635]Refining Change Mask:  57%|█████▋    | 1489/2600 [00:02<00:01, 651.75it/s, it=1915, loss=0.3357]Refining Change Mask:  57%|█████▋    | 1489/2600 [00:02<00:01, 651.75it/s, it=1920, loss=0.3550]Refining Change Mask:  57%|█████▋    | 1489/2600 [00:02<00:01, 651.75it/s, it=1925, loss=0.3464]Refining Change Mask:  57%|█████▋    | 1489/2600 [00:02<00:01, 651.75it/s, it=1930, loss=0.3472]Refining Change Mask:  57%|█████▋    | 1489/2600 [00:02<00:01, 651.75it/s, it=1935, loss=0.3283]Refining Change Mask:  57%|█████▋    | 1489/2600 [00:02<00:01, 651.75it/s, it=1940, loss=0.3384]Refining Change Mask:  57%|█████▋    | 1489/2600 [00:02<00:01, 651.75it/s, it=1945, loss=0.3513]Refining Change Mask:  57%|█████▋    | 1489/2600 [00:02<00:01, 651.75it/s, it=1950, loss=0.3351]Refining Change Mask:  57%|█████▋    | 1489/2600 [00:02<00:01, 651.75it/s, it=1955, loss=0.3470]Refining Change Mask:  60%|█████▉    | 1555/2600 [00:02<00:01, 645.69it/s, it=1955, loss=0.3470]Refining Change Mask:  60%|█████▉    | 1555/2600 [00:02<00:01, 645.69it/s, it=1960, loss=0.3451]Refining Change Mask:  60%|█████▉    | 1555/2600 [00:02<00:01, 645.69it/s, it=1965, loss=0.3334]Refining Change Mask:  60%|█████▉    | 1555/2600 [00:02<00:01, 645.69it/s, it=1970, loss=0.3417]Refining Change Mask:  60%|█████▉    | 1555/2600 [00:02<00:01, 645.69it/s, it=1975, loss=0.3370]Refining Change Mask:  60%|█████▉    | 1555/2600 [00:02<00:01, 645.69it/s, it=1980, loss=0.3440]Refining Change Mask:  60%|█████▉    | 1555/2600 [00:02<00:01, 645.69it/s, it=1985, loss=0.3396]Refining Change Mask:  60%|█████▉    | 1555/2600 [00:02<00:01, 645.69it/s, it=1990, loss=0.3451]Refining Change Mask:  60%|█████▉    | 1555/2600 [00:02<00:01, 645.69it/s, it=1995, loss=0.3340]Refining Change Mask:  60%|█████▉    | 1555/2600 [00:02<00:01, 645.69it/s, it=2000, loss=0.3317]Refining Change Mask:  60%|█████▉    | 1555/2600 [00:02<00:01, 645.69it/s, it=2005, loss=0.3317]Refining Change Mask:  60%|█████▉    | 1555/2600 [00:02<00:01, 645.69it/s, it=2010, loss=0.3349]Refining Change Mask:  60%|█████▉    | 1555/2600 [00:02<00:01, 645.69it/s, it=2015, loss=0.3527]Refining Change Mask:  60%|█████▉    | 1555/2600 [00:02<00:01, 645.69it/s, it=2020, loss=0.3472]Refining Change Mask:  62%|██████▏   | 1620/2600 [00:02<00:01, 641.87it/s, it=2020, loss=0.3472]Refining Change Mask:  62%|██████▏   | 1620/2600 [00:02<00:01, 641.87it/s, it=2025, loss=0.3415]Refining Change Mask:  62%|██████▏   | 1620/2600 [00:02<00:01, 641.87it/s, it=2030, loss=0.3340]Refining Change Mask:  62%|██████▏   | 1620/2600 [00:02<00:01, 641.87it/s, it=2035, loss=0.3364]Refining Change Mask:  62%|██████▏   | 1620/2600 [00:02<00:01, 641.87it/s, it=2040, loss=0.3468]Refining Change Mask:  62%|██████▏   | 1620/2600 [00:02<00:01, 641.87it/s, it=2045, loss=0.3346]Refining Change Mask:  62%|██████▏   | 1620/2600 [00:02<00:01, 641.87it/s, it=2050, loss=0.3519]Refining Change Mask:  62%|██████▏   | 1620/2600 [00:02<00:01, 641.87it/s, it=2055, loss=0.3383]Refining Change Mask:  62%|██████▏   | 1620/2600 [00:02<00:01, 641.87it/s, it=2060, loss=0.3472]Refining Change Mask:  62%|██████▏   | 1620/2600 [00:02<00:01, 641.87it/s, it=2065, loss=0.3514]Refining Change Mask:  62%|██████▏   | 1620/2600 [00:02<00:01, 641.87it/s, it=2070, loss=0.3460]Refining Change Mask:  62%|██████▏   | 1620/2600 [00:02<00:01, 641.87it/s, it=2075, loss=0.3353]Refining Change Mask:  62%|██████▏   | 1620/2600 [00:02<00:01, 641.87it/s, it=2080, loss=0.3390]Refining Change Mask:  62%|██████▏   | 1620/2600 [00:02<00:01, 641.87it/s, it=2085, loss=0.3374]Refining Change Mask:  65%|██████▍   | 1686/2600 [00:02<00:01, 646.13it/s, it=2085, loss=0.3374]Refining Change Mask:  65%|██████▍   | 1686/2600 [00:02<00:01, 646.13it/s, it=2090, loss=0.3343]Refining Change Mask:  65%|██████▍   | 1686/2600 [00:02<00:01, 646.13it/s, it=2095, loss=0.3318]Refining Change Mask:  65%|██████▍   | 1686/2600 [00:02<00:01, 646.13it/s, it=2100, loss=0.3696]Refining Change Mask:  65%|██████▍   | 1686/2600 [00:02<00:01, 646.13it/s, it=2105, loss=0.3364]Refining Change Mask:  65%|██████▍   | 1686/2600 [00:02<00:01, 646.13it/s, it=2110, loss=0.3427]Refining Change Mask:  65%|██████▍   | 1686/2600 [00:02<00:01, 646.13it/s, it=2115, loss=0.3433]Refining Change Mask:  65%|██████▍   | 1686/2600 [00:02<00:01, 646.13it/s, it=2120, loss=0.3365]Refining Change Mask:  65%|██████▍   | 1686/2600 [00:02<00:01, 646.13it/s, it=2125, loss=0.3426]Refining Change Mask:  65%|██████▍   | 1686/2600 [00:02<00:01, 646.13it/s, it=2130, loss=0.3422]Refining Change Mask:  65%|██████▍   | 1686/2600 [00:02<00:01, 646.13it/s, it=2135, loss=0.3365]Refining Change Mask:  65%|██████▍   | 1686/2600 [00:02<00:01, 646.13it/s, it=2140, loss=0.3381]Refining Change Mask:  65%|██████▍   | 1686/2600 [00:02<00:01, 646.13it/s, it=2145, loss=0.3490]Refining Change Mask:  65%|██████▍   | 1686/2600 [00:02<00:01, 646.13it/s, it=2150, loss=0.3496]Refining Change Mask:  65%|██████▍   | 1686/2600 [00:02<00:01, 646.13it/s, it=2155, loss=0.3388]Refining Change Mask:  68%|██████▊   | 1755/2600 [00:02<00:01, 657.91it/s, it=2155, loss=0.3388]Refining Change Mask:  68%|██████▊   | 1755/2600 [00:02<00:01, 657.91it/s, it=2160, loss=0.3528]Refining Change Mask:  68%|██████▊   | 1755/2600 [00:02<00:01, 657.91it/s, it=2165, loss=0.3325]Refining Change Mask:  68%|██████▊   | 1755/2600 [00:02<00:01, 657.91it/s, it=2170, loss=0.3414]Refining Change Mask:  68%|██████▊   | 1755/2600 [00:02<00:01, 657.91it/s, it=2175, loss=0.3360]Refining Change Mask:  68%|██████▊   | 1755/2600 [00:02<00:01, 657.91it/s, it=2180, loss=0.3399]Refining Change Mask:  68%|██████▊   | 1755/2600 [00:02<00:01, 657.91it/s, it=2185, loss=0.3381]Refining Change Mask:  68%|██████▊   | 1755/2600 [00:03<00:01, 657.91it/s, it=2190, loss=0.3351]Refining Change Mask:  68%|██████▊   | 1755/2600 [00:03<00:01, 657.91it/s, it=2195, loss=0.3370]Refining Change Mask:  68%|██████▊   | 1755/2600 [00:03<00:01, 657.91it/s, it=2200, loss=0.3503]Refining Change Mask:  68%|██████▊   | 1755/2600 [00:03<00:01, 657.91it/s, it=2205, loss=0.3342]Refining Change Mask:  68%|██████▊   | 1755/2600 [00:03<00:01, 657.91it/s, it=2210, loss=0.3466]Refining Change Mask:  68%|██████▊   | 1755/2600 [00:03<00:01, 657.91it/s, it=2215, loss=0.3754]Refining Change Mask:  68%|██████▊   | 1755/2600 [00:03<00:01, 657.91it/s, it=2220, loss=0.3595]Refining Change Mask:  68%|██████▊   | 1755/2600 [00:03<00:01, 657.91it/s, it=2225, loss=0.3433]Refining Change Mask:  70%|███████   | 1825/2600 [00:03<00:01, 668.12it/s, it=2225, loss=0.3433]Refining Change Mask:  70%|███████   | 1825/2600 [00:03<00:01, 668.12it/s, it=2230, loss=0.3307]Refining Change Mask:  70%|███████   | 1825/2600 [00:03<00:01, 668.12it/s, it=2235, loss=0.3312]Refining Change Mask:  70%|███████   | 1825/2600 [00:03<00:01, 668.12it/s, it=2240, loss=0.3256]Refining Change Mask:  70%|███████   | 1825/2600 [00:03<00:01, 668.12it/s, it=2245, loss=0.3277]Refining Change Mask:  70%|███████   | 1825/2600 [00:03<00:01, 668.12it/s, it=2250, loss=0.3522]Refining Change Mask:  70%|███████   | 1825/2600 [00:03<00:01, 668.12it/s, it=2255, loss=0.3541]Refining Change Mask:  70%|███████   | 1825/2600 [00:03<00:01, 668.12it/s, it=2260, loss=0.3475]Refining Change Mask:  70%|███████   | 1825/2600 [00:03<00:01, 668.12it/s, it=2265, loss=0.3448]Refining Change Mask:  70%|███████   | 1825/2600 [00:03<00:01, 668.12it/s, it=2270, loss=0.3289]Refining Change Mask:  70%|███████   | 1825/2600 [00:03<00:01, 668.12it/s, it=2275, loss=0.3279]Refining Change Mask:  70%|███████   | 1825/2600 [00:03<00:01, 668.12it/s, it=2280, loss=0.3345]Refining Change Mask:  70%|███████   | 1825/2600 [00:03<00:01, 668.12it/s, it=2285, loss=0.3355]Refining Change Mask:  70%|███████   | 1825/2600 [00:03<00:01, 668.12it/s, it=2290, loss=0.3309]Refining Change Mask:  70%|███████   | 1825/2600 [00:03<00:01, 668.12it/s, it=2295, loss=0.3346]Refining Change Mask:  73%|███████▎  | 1897/2600 [00:03<00:01, 682.60it/s, it=2295, loss=0.3346]Refining Change Mask:  73%|███████▎  | 1897/2600 [00:03<00:01, 682.60it/s, it=2300, loss=0.3449]Refining Change Mask:  73%|███████▎  | 1897/2600 [00:03<00:01, 682.60it/s, it=2305, loss=0.3585]Refining Change Mask:  73%|███████▎  | 1897/2600 [00:03<00:01, 682.60it/s, it=2310, loss=0.3446]Refining Change Mask:  73%|███████▎  | 1897/2600 [00:03<00:01, 682.60it/s, it=2315, loss=0.3293]Refining Change Mask:  73%|███████▎  | 1897/2600 [00:03<00:01, 682.60it/s, it=2320, loss=0.3390]Refining Change Mask:  73%|███████▎  | 1897/2600 [00:03<00:01, 682.60it/s, it=2325, loss=0.3423]Refining Change Mask:  73%|███████▎  | 1897/2600 [00:03<00:01, 682.60it/s, it=2330, loss=0.3297]Refining Change Mask:  73%|███████▎  | 1897/2600 [00:03<00:01, 682.60it/s, it=2335, loss=0.3492]Refining Change Mask:  73%|███████▎  | 1897/2600 [00:03<00:01, 682.60it/s, it=2340, loss=0.3305]Refining Change Mask:  73%|███████▎  | 1897/2600 [00:03<00:01, 682.60it/s, it=2345, loss=0.3421]Refining Change Mask:  73%|███████▎  | 1897/2600 [00:03<00:01, 682.60it/s, it=2350, loss=0.3355]Refining Change Mask:  73%|███████▎  | 1897/2600 [00:03<00:01, 682.60it/s, it=2355, loss=0.3319]Refining Change Mask:  73%|███████▎  | 1897/2600 [00:03<00:01, 682.60it/s, it=2360, loss=0.3357]Refining Change Mask:  73%|███████▎  | 1897/2600 [00:03<00:01, 682.60it/s, it=2365, loss=0.3314]Refining Change Mask:  76%|███████▌  | 1967/2600 [00:03<00:00, 687.02it/s, it=2365, loss=0.3314]Refining Change Mask:  76%|███████▌  | 1967/2600 [00:03<00:00, 687.02it/s, it=2370, loss=0.3593]Refining Change Mask:  76%|███████▌  | 1967/2600 [00:03<00:00, 687.02it/s, it=2375, loss=0.3371]Refining Change Mask:  76%|███████▌  | 1967/2600 [00:03<00:00, 687.02it/s, it=2380, loss=0.3324]Refining Change Mask:  76%|███████▌  | 1967/2600 [00:03<00:00, 687.02it/s, it=2385, loss=0.3561]Refining Change Mask:  76%|███████▌  | 1967/2600 [00:03<00:00, 687.02it/s, it=2390, loss=0.3420]Refining Change Mask:  76%|███████▌  | 1967/2600 [00:03<00:00, 687.02it/s, it=2395, loss=0.3431]Refining Change Mask:  76%|███████▌  | 1967/2600 [00:03<00:00, 687.02it/s, it=2400, loss=0.3440]Refining Change Mask:  76%|███████▌  | 1967/2600 [00:03<00:00, 687.02it/s, it=2405, loss=0.3580]Refining Change Mask:  76%|███████▌  | 1967/2600 [00:03<00:00, 687.02it/s, it=2410, loss=0.3530]Refining Change Mask:  76%|███████▌  | 1967/2600 [00:03<00:00, 687.02it/s, it=2415, loss=0.3300]Refining Change Mask:  76%|███████▌  | 1967/2600 [00:03<00:00, 687.02it/s, it=2420, loss=0.3453]Refining Change Mask:  76%|███████▌  | 1967/2600 [00:03<00:00, 687.02it/s, it=2425, loss=0.3392]Refining Change Mask:  76%|███████▌  | 1967/2600 [00:03<00:00, 687.02it/s, it=2430, loss=0.3316]Refining Change Mask:  76%|███████▌  | 1967/2600 [00:03<00:00, 687.02it/s, it=2435, loss=0.3392]Refining Change Mask:  78%|███████▊  | 2037/2600 [00:03<00:00, 688.29it/s, it=2435, loss=0.3392]Refining Change Mask:  78%|███████▊  | 2037/2600 [00:03<00:00, 688.29it/s, it=2440, loss=0.3458]Refining Change Mask:  78%|███████▊  | 2037/2600 [00:03<00:00, 688.29it/s, it=2445, loss=0.3502]Refining Change Mask:  78%|███████▊  | 2037/2600 [00:03<00:00, 688.29it/s, it=2450, loss=0.3358]Refining Change Mask:  78%|███████▊  | 2037/2600 [00:03<00:00, 688.29it/s, it=2455, loss=0.3347]Refining Change Mask:  78%|███████▊  | 2037/2600 [00:03<00:00, 688.29it/s, it=2460, loss=0.3378]Refining Change Mask:  78%|███████▊  | 2037/2600 [00:03<00:00, 688.29it/s, it=2465, loss=0.3568]Refining Change Mask:  78%|███████▊  | 2037/2600 [00:03<00:00, 688.29it/s, it=2470, loss=0.3449]Refining Change Mask:  78%|███████▊  | 2037/2600 [00:03<00:00, 688.29it/s, it=2475, loss=0.3545]Refining Change Mask:  78%|███████▊  | 2037/2600 [00:03<00:00, 688.29it/s, it=2480, loss=0.3408]Refining Change Mask:  78%|███████▊  | 2037/2600 [00:03<00:00, 688.29it/s, it=2485, loss=0.3404]Refining Change Mask:  78%|███████▊  | 2037/2600 [00:03<00:00, 688.29it/s, it=2490, loss=0.3320]Refining Change Mask:  78%|███████▊  | 2037/2600 [00:03<00:00, 688.29it/s, it=2495, loss=0.3566]Refining Change Mask:  78%|███████▊  | 2037/2600 [00:03<00:00, 688.29it/s, it=2500, loss=0.3332]Refining Change Mask:  78%|███████▊  | 2037/2600 [00:03<00:00, 688.29it/s, it=2505, loss=0.3372]Refining Change Mask:  81%|████████  | 2106/2600 [00:03<00:00, 688.63it/s, it=2505, loss=0.3372]Refining Change Mask:  81%|████████  | 2106/2600 [00:03<00:00, 688.63it/s, it=2510, loss=0.3406]Refining Change Mask:  81%|████████  | 2106/2600 [00:03<00:00, 688.63it/s, it=2515, loss=0.3482]Refining Change Mask:  81%|████████  | 2106/2600 [00:03<00:00, 688.63it/s, it=2520, loss=0.3451]Refining Change Mask:  81%|████████  | 2106/2600 [00:03<00:00, 688.63it/s, it=2525, loss=0.3414]Refining Change Mask:  81%|████████  | 2106/2600 [00:03<00:00, 688.63it/s, it=2530, loss=0.3383]Refining Change Mask:  81%|████████  | 2106/2600 [00:03<00:00, 688.63it/s, it=2535, loss=0.3263]Refining Change Mask:  81%|████████  | 2106/2600 [00:03<00:00, 688.63it/s, it=2540, loss=0.3293]Refining Change Mask:  81%|████████  | 2106/2600 [00:03<00:00, 688.63it/s, it=2545, loss=0.3421]Refining Change Mask:  81%|████████  | 2106/2600 [00:03<00:00, 688.63it/s, it=2550, loss=0.3420]Refining Change Mask:  81%|████████  | 2106/2600 [00:03<00:00, 688.63it/s, it=2555, loss=0.3318]Refining Change Mask:  81%|████████  | 2106/2600 [00:03<00:00, 688.63it/s, it=2560, loss=0.3271]Refining Change Mask:  81%|████████  | 2106/2600 [00:03<00:00, 688.63it/s, it=2565, loss=0.3444]Refining Change Mask:  81%|████████  | 2106/2600 [00:03<00:00, 688.63it/s, it=2570, loss=0.3477]Refining Change Mask:  81%|████████  | 2106/2600 [00:03<00:00, 688.63it/s, it=2575, loss=0.3400]Refining Change Mask:  84%|████████▍ | 2178/2600 [00:03<00:00, 697.84it/s, it=2575, loss=0.3400]Refining Change Mask:  84%|████████▍ | 2178/2600 [00:03<00:00, 697.84it/s, it=2580, loss=0.3370]Refining Change Mask:  84%|████████▍ | 2178/2600 [00:03<00:00, 697.84it/s, it=2585, loss=0.3560]Refining Change Mask:  84%|████████▍ | 2178/2600 [00:03<00:00, 697.84it/s, it=2590, loss=0.3398]Refining Change Mask:  84%|████████▍ | 2178/2600 [00:03<00:00, 697.84it/s, it=2595, loss=0.3281]Refining Change Mask:  84%|████████▍ | 2178/2600 [00:03<00:00, 697.84it/s, it=2600, loss=0.3327]Refining Change Mask:  84%|████████▍ | 2178/2600 [00:03<00:00, 697.84it/s, it=2605, loss=0.3300]Refining Change Mask:  84%|████████▍ | 2178/2600 [00:03<00:00, 697.84it/s, it=2610, loss=0.3276]Refining Change Mask:  84%|████████▍ | 2178/2600 [00:03<00:00, 697.84it/s, it=2615, loss=0.3590]Refining Change Mask:  84%|████████▍ | 2178/2600 [00:03<00:00, 697.84it/s, it=2620, loss=0.3404]Refining Change Mask:  84%|████████▍ | 2178/2600 [00:03<00:00, 697.84it/s, it=2625, loss=0.3425]Refining Change Mask:  84%|████████▍ | 2178/2600 [00:03<00:00, 697.84it/s, it=2630, loss=0.3546]Refining Change Mask:  84%|████████▍ | 2178/2600 [00:03<00:00, 697.84it/s, it=2635, loss=0.3377]Refining Change Mask:  84%|████████▍ | 2178/2600 [00:03<00:00, 697.84it/s, it=2640, loss=0.3482]Refining Change Mask:  84%|████████▍ | 2178/2600 [00:03<00:00, 697.84it/s, it=2645, loss=0.3413]Refining Change Mask:  86%|████████▋ | 2248/2600 [00:03<00:00, 697.74it/s, it=2645, loss=0.3413]Refining Change Mask:  86%|████████▋ | 2248/2600 [00:03<00:00, 697.74it/s, it=2650, loss=0.3291]Refining Change Mask:  86%|████████▋ | 2248/2600 [00:03<00:00, 697.74it/s, it=2655, loss=0.3292]Refining Change Mask:  86%|████████▋ | 2248/2600 [00:03<00:00, 697.74it/s, it=2660, loss=0.3577]Refining Change Mask:  86%|████████▋ | 2248/2600 [00:03<00:00, 697.74it/s, it=2665, loss=0.3465]Refining Change Mask:  86%|████████▋ | 2248/2600 [00:03<00:00, 697.74it/s, it=2670, loss=0.3318]Refining Change Mask:  86%|████████▋ | 2248/2600 [00:03<00:00, 697.74it/s, it=2675, loss=0.3291]Refining Change Mask:  86%|████████▋ | 2248/2600 [00:03<00:00, 697.74it/s, it=2680, loss=0.3252]Refining Change Mask:  86%|████████▋ | 2248/2600 [00:03<00:00, 697.74it/s, it=2685, loss=0.3377]Refining Change Mask:  86%|████████▋ | 2248/2600 [00:03<00:00, 697.74it/s, it=2690, loss=0.3456]Refining Change Mask:  86%|████████▋ | 2248/2600 [00:03<00:00, 697.74it/s, it=2695, loss=0.3375]Refining Change Mask:  86%|████████▋ | 2248/2600 [00:03<00:00, 697.74it/s, it=2700, loss=0.3389]Refining Change Mask:  86%|████████▋ | 2248/2600 [00:03<00:00, 697.74it/s, it=2705, loss=0.3516]Refining Change Mask:  86%|████████▋ | 2248/2600 [00:03<00:00, 697.74it/s, it=2710, loss=0.3429]Refining Change Mask:  86%|████████▋ | 2248/2600 [00:03<00:00, 697.74it/s, it=2715, loss=0.3474]Refining Change Mask:  89%|████████▉ | 2318/2600 [00:03<00:00, 695.39it/s, it=2715, loss=0.3474]Refining Change Mask:  89%|████████▉ | 2318/2600 [00:03<00:00, 695.39it/s, it=2720, loss=0.3449]Refining Change Mask:  89%|████████▉ | 2318/2600 [00:03<00:00, 695.39it/s, it=2725, loss=0.3296]Refining Change Mask:  89%|████████▉ | 2318/2600 [00:03<00:00, 695.39it/s, it=2730, loss=0.3290]Refining Change Mask:  89%|████████▉ | 2318/2600 [00:03<00:00, 695.39it/s, it=2735, loss=0.3432]Refining Change Mask:  89%|████████▉ | 2318/2600 [00:03<00:00, 695.39it/s, it=2740, loss=0.3356]Refining Change Mask:  89%|████████▉ | 2318/2600 [00:03<00:00, 695.39it/s, it=2745, loss=0.3428]Refining Change Mask:  89%|████████▉ | 2318/2600 [00:03<00:00, 695.39it/s, it=2750, loss=0.3400]Refining Change Mask:  89%|████████▉ | 2318/2600 [00:03<00:00, 695.39it/s, it=2755, loss=0.3351]Refining Change Mask:  89%|████████▉ | 2318/2600 [00:03<00:00, 695.39it/s, it=2760, loss=0.3276]Refining Change Mask:  89%|████████▉ | 2318/2600 [00:03<00:00, 695.39it/s, it=2765, loss=0.3524]Refining Change Mask:  89%|████████▉ | 2318/2600 [00:03<00:00, 695.39it/s, it=2770, loss=0.3583]Refining Change Mask:  89%|████████▉ | 2318/2600 [00:03<00:00, 695.39it/s, it=2775, loss=0.3396]Refining Change Mask:  89%|████████▉ | 2318/2600 [00:03<00:00, 695.39it/s, it=2780, loss=0.3353]Refining Change Mask:  89%|████████▉ | 2318/2600 [00:03<00:00, 695.39it/s, it=2785, loss=0.3617]Refining Change Mask:  89%|████████▉ | 2318/2600 [00:03<00:00, 695.39it/s, it=2790, loss=0.3466]Refining Change Mask:  92%|█████████▏| 2390/2600 [00:03<00:00, 699.21it/s, it=2790, loss=0.3466]Refining Change Mask:  92%|█████████▏| 2390/2600 [00:03<00:00, 699.21it/s, it=2795, loss=0.3298]Refining Change Mask:  92%|█████████▏| 2390/2600 [00:03<00:00, 699.21it/s, it=2800, loss=0.3380]Refining Change Mask:  92%|█████████▏| 2390/2600 [00:03<00:00, 699.21it/s, it=2805, loss=0.3493]Refining Change Mask:  92%|█████████▏| 2390/2600 [00:03<00:00, 699.21it/s, it=2810, loss=0.3414]Refining Change Mask:  92%|█████████▏| 2390/2600 [00:03<00:00, 699.21it/s, it=2815, loss=0.3340]Refining Change Mask:  92%|█████████▏| 2390/2600 [00:03<00:00, 699.21it/s, it=2820, loss=0.3374]Refining Change Mask:  92%|█████████▏| 2390/2600 [00:03<00:00, 699.21it/s, it=2825, loss=0.3246]Refining Change Mask:  92%|█████████▏| 2390/2600 [00:03<00:00, 699.21it/s, it=2830, loss=0.3365]Refining Change Mask:  92%|█████████▏| 2390/2600 [00:03<00:00, 699.21it/s, it=2835, loss=0.3320]Refining Change Mask:  92%|█████████▏| 2390/2600 [00:03<00:00, 699.21it/s, it=2840, loss=0.3393]Refining Change Mask:  92%|█████████▏| 2390/2600 [00:03<00:00, 699.21it/s, it=2845, loss=0.3370]Refining Change Mask:  92%|█████████▏| 2390/2600 [00:03<00:00, 699.21it/s, it=2850, loss=0.3329]Refining Change Mask:  92%|█████████▏| 2390/2600 [00:03<00:00, 699.21it/s, it=2855, loss=0.3549]Refining Change Mask:  92%|█████████▏| 2390/2600 [00:03<00:00, 699.21it/s, it=2860, loss=0.3436]Refining Change Mask:  95%|█████████▍| 2460/2600 [00:03<00:00, 696.67it/s, it=2860, loss=0.3436]Refining Change Mask:  95%|█████████▍| 2460/2600 [00:03<00:00, 696.67it/s, it=2865, loss=0.3558]Refining Change Mask:  95%|█████████▍| 2460/2600 [00:03<00:00, 696.67it/s, it=2870, loss=0.3573]Refining Change Mask:  95%|█████████▍| 2460/2600 [00:03<00:00, 696.67it/s, it=2875, loss=0.3289]Refining Change Mask:  95%|█████████▍| 2460/2600 [00:03<00:00, 696.67it/s, it=2880, loss=0.3589]Refining Change Mask:  95%|█████████▍| 2460/2600 [00:03<00:00, 696.67it/s, it=2885, loss=0.3555]Refining Change Mask:  95%|█████████▍| 2460/2600 [00:04<00:00, 696.67it/s, it=2890, loss=0.3360]Refining Change Mask:  95%|█████████▍| 2460/2600 [00:04<00:00, 696.67it/s, it=2895, loss=0.3283]Refining Change Mask:  95%|█████████▍| 2460/2600 [00:04<00:00, 696.67it/s, it=2900, loss=0.3389]Refining Change Mask:  95%|█████████▍| 2460/2600 [00:04<00:00, 696.67it/s, it=2905, loss=0.3400]Refining Change Mask:  95%|█████████▍| 2460/2600 [00:04<00:00, 696.67it/s, it=2910, loss=0.3415]Refining Change Mask:  95%|█████████▍| 2460/2600 [00:04<00:00, 696.67it/s, it=2915, loss=0.3348]Refining Change Mask:  95%|█████████▍| 2460/2600 [00:04<00:00, 696.67it/s, it=2920, loss=0.3258]Refining Change Mask:  95%|█████████▍| 2460/2600 [00:04<00:00, 696.67it/s, it=2925, loss=0.3535]Refining Change Mask:  95%|█████████▍| 2460/2600 [00:04<00:00, 696.67it/s, it=2930, loss=0.3394]Refining Change Mask:  97%|█████████▋| 2530/2600 [00:04<00:00, 696.04it/s, it=2930, loss=0.3394]Refining Change Mask:  97%|█████████▋| 2530/2600 [00:04<00:00, 696.04it/s, it=2935, loss=0.3291]Refining Change Mask:  97%|█████████▋| 2530/2600 [00:04<00:00, 696.04it/s, it=2940, loss=0.3403]Refining Change Mask:  97%|█████████▋| 2530/2600 [00:04<00:00, 696.04it/s, it=2945, loss=0.3366]Refining Change Mask:  97%|█████████▋| 2530/2600 [00:04<00:00, 696.04it/s, it=2950, loss=0.3460]Refining Change Mask:  97%|█████████▋| 2530/2600 [00:04<00:00, 696.04it/s, it=2955, loss=0.3397]Refining Change Mask:  97%|█████████▋| 2530/2600 [00:04<00:00, 696.04it/s, it=2960, loss=0.3449]Refining Change Mask:  97%|█████████▋| 2530/2600 [00:04<00:00, 696.04it/s, it=2965, loss=0.3303]Refining Change Mask:  97%|█████████▋| 2530/2600 [00:04<00:00, 696.04it/s, it=2970, loss=0.3417]Refining Change Mask:  97%|█████████▋| 2530/2600 [00:04<00:00, 696.04it/s, it=2975, loss=0.3325]Refining Change Mask:  97%|█████████▋| 2530/2600 [00:04<00:00, 696.04it/s, it=2980, loss=0.3387]Refining Change Mask:  97%|█████████▋| 2530/2600 [00:04<00:00, 696.04it/s, it=2985, loss=0.3456]Refining Change Mask:  97%|█████████▋| 2530/2600 [00:04<00:00, 696.04it/s, it=2990, loss=0.3350]Refining Change Mask:  97%|█████████▋| 2530/2600 [00:04<00:00, 696.04it/s, it=2995, loss=0.3256]Refining Change Mask:  97%|█████████▋| 2530/2600 [00:04<00:00, 696.04it/s, it=3000, loss=0.3512]Refining Change Mask: 100%|██████████| 2600/2600 [00:04<00:00, 695.84it/s, it=3000, loss=0.3512]Refining Change Mask: 100%|██████████| 2600/2600 [00:04<00:00, 624.66it/s, it=3000, loss=0.3512]

real	2m47.225s
user	6m47.544s
sys	0m19.577s
