scene,frame,image,tau,npix,gt_pos,pred_pos,tp
Cantina,0,Inst_1_test_IMG_2863,0.1,571536,15985,559596,15985
Cantina,0,Inst_1_test_IMG_2863,0.2,571536,15985,473986,15985
Cantina,0,Inst_1_test_IMG_2863,0.3,571536,15985,336915,15919
Cantina,0,Inst_1_test_IMG_2863,0.4,571536,15985,219168,15326
Cantina,0,Inst_1_test_IMG_2863,0.5,571536,15985,143539,14148
Cantina,0,Inst_1_test_IMG_2863,0.6,571536,15985,89679,12565
Cantina,0,Inst_1_test_IMG_2863,0.7,571536,15985,50004,10973
Cantina,0,Inst_1_test_IMG_2863,0.8,571536,15985,29083,9423
Cantina,0,Inst_1_test_IMG_2863,0.9,571536,15985,16022,7958
Cantina,0,Inst_1_test_IMG_2863,1.0,571536,15985,9079,6673
Cantina,0,Inst_1_test_IMG_2863,1.2,571536,15985,4176,4018
Cantina,0,Inst_1_test_IMG_2863,1.4,571536,15985,1964,1964
Cantina,1,Inst_1_test_IMG_2865,0.1,571536,22277,559987,22277
Cantina,1,Inst_1_test_IMG_2865,0.2,571536,22277,454330,22277
Cantina,1,Inst_1_test_IMG_2865,0.3,571536,22277,302779,21915
Cantina,1,Inst_1_test_IMG_2865,0.4,571536,22277,183407,20841
Cantina,1,Inst_1_test_IMG_2865,0.5,571536,22277,114901,18643
Cantina,1,Inst_1_test_IMG_2865,0.6,571536,22277,72560,16821
Cantina,1,Inst_1_test_IMG_2865,0.7,571536,22277,44198,15274
Cantina,1,Inst_1_test_IMG_2865,0.8,571536,22277,26560,13299
Cantina,1,Inst_1_test_IMG_2865,0.9,571536,22277,15500,10799
Cantina,1,Inst_1_test_IMG_2865,1.0,571536,22277,10522,8823
Cantina,1,Inst_1_test_IMG_2865,1.2,571536,22277,5656,5447
Cantina,1,Inst_1_test_IMG_2865,1.4,571536,22277,2520,2488
Cantina,2,Inst_1_test_IMG_2868,0.1,571536,30430,549087,30430
Cantina,2,Inst_1_test_IMG_2868,0.2,571536,30430,407770,30430
Cantina,2,Inst_1_test_IMG_2868,0.3,571536,30430,264492,30351
Cantina,2,Inst_1_test_IMG_2868,0.4,571536,30430,161903,30066
Cantina,2,Inst_1_test_IMG_2868,0.5,571536,30430,102687,29452
Cantina,2,Inst_1_test_IMG_2868,0.6,571536,30430,65853,26899
Cantina,2,Inst_1_test_IMG_2868,0.7,571536,30430,40900,22044
Cantina,2,Inst_1_test_IMG_2868,0.8,571536,30430,25016,17852
Cantina,2,Inst_1_test_IMG_2868,0.9,571536,30430,16877,13946
Cantina,2,Inst_1_test_IMG_2868,1.0,571536,30430,12258,11165
Cantina,2,Inst_1_test_IMG_2868,1.2,571536,30430,6674,6575
Cantina,2,Inst_1_test_IMG_2868,1.4,571536,30430,3574,3563
Cantina,3,Inst_1_test_IMG_2870,0.1,571536,93439,564297,93439
Cantina,3,Inst_1_test_IMG_2870,0.2,571536,93439,435215,93415
Cantina,3,Inst_1_test_IMG_2870,0.3,571536,93439,291142,90366
Cantina,3,Inst_1_test_IMG_2870,0.4,571536,93439,181629,81926
Cantina,3,Inst_1_test_IMG_2870,0.5,571536,93439,123103,71089
Cantina,3,Inst_1_test_IMG_2870,0.6,571536,93439,87911,60294
Cantina,3,Inst_1_test_IMG_2870,0.7,571536,93439,64619,49517
Cantina,3,Inst_1_test_IMG_2870,0.8,571536,93439,51157,42351
Cantina,3,Inst_1_test_IMG_2870,0.9,571536,93439,41616,36420
Cantina,3,Inst_1_test_IMG_2870,1.0,571536,93439,32323,29915
Cantina,3,Inst_1_test_IMG_2870,1.2,571536,93439,18215,17885
Cantina,3,Inst_1_test_IMG_2870,1.4,571536,93439,8985,8954
Cantina,4,Inst_1_test_IMG_2871,0.1,571536,75111,563077,75111
Cantina,4,Inst_1_test_IMG_2871,0.2,571536,75111,466860,75109
Cantina,4,Inst_1_test_IMG_2871,0.3,571536,75111,346500,75017
Cantina,4,Inst_1_test_IMG_2871,0.4,571536,75111,245100,73574
Cantina,4,Inst_1_test_IMG_2871,0.5,571536,75111,163998,67588
Cantina,4,Inst_1_test_IMG_2871,0.6,571536,75111,104804,59822
Cantina,4,Inst_1_test_IMG_2871,0.7,571536,75111,74320,52390
Cantina,4,Inst_1_test_IMG_2871,0.8,571536,75111,55145,44364
Cantina,4,Inst_1_test_IMG_2871,0.9,571536,75111,42176,36579
Cantina,4,Inst_1_test_IMG_2871,1.0,571536,75111,30823,28119
Cantina,4,Inst_1_test_IMG_2871,1.2,571536,75111,16002,15694
Cantina,4,Inst_1_test_IMG_2871,1.4,571536,75111,9898,9786
Cantina,5,Inst_1_test_IMG_2873,0.1,571536,46953,565942,46953
Cantina,5,Inst_1_test_IMG_2873,0.2,571536,46953,441548,46930
Cantina,5,Inst_1_test_IMG_2873,0.3,571536,46953,311296,46664
Cantina,5,Inst_1_test_IMG_2873,0.4,571536,46953,215985,45407
Cantina,5,Inst_1_test_IMG_2873,0.5,571536,46953,151633,43234
Cantina,5,Inst_1_test_IMG_2873,0.6,571536,46953,100227,40301
Cantina,5,Inst_1_test_IMG_2873,0.7,571536,46953,68759,36522
Cantina,5,Inst_1_test_IMG_2873,0.8,571536,46953,47570,31656
Cantina,5,Inst_1_test_IMG_2873,0.9,571536,46953,31368,24475
Cantina,5,Inst_1_test_IMG_2873,1.0,571536,46953,20256,17321
Cantina,5,Inst_1_test_IMG_2873,1.2,571536,46953,8831,8285
Cantina,5,Inst_1_test_IMG_2873,1.4,571536,46953,4697,4655
Cantina,6,Inst_1_test_IMG_2874,0.1,571536,59959,549927,59959
Cantina,6,Inst_1_test_IMG_2874,0.2,571536,59959,430517,59959
Cantina,6,Inst_1_test_IMG_2874,0.3,571536,59959,303606,59957
Cantina,6,Inst_1_test_IMG_2874,0.4,571536,59959,208300,59148
Cantina,6,Inst_1_test_IMG_2874,0.5,571536,59959,148055,56800
Cantina,6,Inst_1_test_IMG_2874,0.6,571536,59959,109029,53567
Cantina,6,Inst_1_test_IMG_2874,0.7,571536,59959,79440,48556
Cantina,6,Inst_1_test_IMG_2874,0.8,571536,59959,60293,42797
Cantina,6,Inst_1_test_IMG_2874,0.9,571536,59959,44490,34541
Cantina,6,Inst_1_test_IMG_2874,1.0,571536,59959,31347,26686
Cantina,6,Inst_1_test_IMG_2874,1.2,571536,59959,13678,13075
Cantina,6,Inst_1_test_IMG_2874,1.4,571536,59959,4782,4716
Cantina,7,Inst_1_test_IMG_2876,0.1,571536,13366,564084,13366
Cantina,7,Inst_1_test_IMG_2876,0.2,571536,13366,452574,13366
Cantina,7,Inst_1_test_IMG_2876,0.3,571536,13366,284971,13366
Cantina,7,Inst_1_test_IMG_2876,0.4,571536,13366,163744,13288
Cantina,7,Inst_1_test_IMG_2876,0.5,571536,13366,102105,12777
Cantina,7,Inst_1_test_IMG_2876,0.6,571536,13366,65402,12221
Cantina,7,Inst_1_test_IMG_2876,0.7,571536,13366,43065,11161
Cantina,7,Inst_1_test_IMG_2876,0.8,571536,13366,28680,9758
Cantina,7,Inst_1_test_IMG_2876,0.9,571536,13366,19115,8553
Cantina,7,Inst_1_test_IMG_2876,1.0,571536,13366,13219,7047
Cantina,7,Inst_1_test_IMG_2876,1.2,571536,13366,5952,3796
Cantina,7,Inst_1_test_IMG_2876,1.4,571536,13366,1389,1221
Cantina,8,Inst_1_test_IMG_2878,0.1,571536,30367,538597,30367
Cantina,8,Inst_1_test_IMG_2878,0.2,571536,30367,387275,30367
Cantina,8,Inst_1_test_IMG_2878,0.3,571536,30367,231783,30329
Cantina,8,Inst_1_test_IMG_2878,0.4,571536,30367,132041,30043
Cantina,8,Inst_1_test_IMG_2878,0.5,571536,30367,73817,29628
Cantina,8,Inst_1_test_IMG_2878,0.6,571536,30367,48316,28888
Cantina,8,Inst_1_test_IMG_2878,0.7,571536,30367,37078,27307
Cantina,8,Inst_1_test_IMG_2878,0.8,571536,30367,30672,25406
Cantina,8,Inst_1_test_IMG_2878,0.9,571536,30367,25574,22750
Cantina,8,Inst_1_test_IMG_2878,1.0,571536,30367,18460,17054
Cantina,8,Inst_1_test_IMG_2878,1.2,571536,30367,4787,4562
Cantina,8,Inst_1_test_IMG_2878,1.4,571536,30367,357,351
Cantina,9,Inst_1_test_IMG_2880,0.1,571536,65524,569795,65524
Cantina,9,Inst_1_test_IMG_2880,0.2,571536,65524,539553,65524
Cantina,9,Inst_1_test_IMG_2880,0.3,571536,65524,454524,65519
Cantina,9,Inst_1_test_IMG_2880,0.4,571536,65524,332395,65485
Cantina,9,Inst_1_test_IMG_2880,0.5,571536,65524,222982,65143
Cantina,9,Inst_1_test_IMG_2880,0.6,571536,65524,152403,64147
Cantina,9,Inst_1_test_IMG_2880,0.7,571536,65524,112032,62351
Cantina,9,Inst_1_test_IMG_2880,0.8,571536,65524,86445,57897
Cantina,9,Inst_1_test_IMG_2880,0.9,571536,65524,63553,48398
Cantina,9,Inst_1_test_IMG_2880,1.0,571536,65524,43560,36227
Cantina,9,Inst_1_test_IMG_2880,1.2,571536,65524,17383,15921
Cantina,9,Inst_1_test_IMG_2880,1.4,571536,65524,3653,3518
Cantina,10,Inst_1_test_IMG_2882,0.1,571536,33561,552475,33561
Cantina,10,Inst_1_test_IMG_2882,0.2,571536,33561,470528,33561
Cantina,10,Inst_1_test_IMG_2882,0.3,571536,33561,342492,33561
Cantina,10,Inst_1_test_IMG_2882,0.4,571536,33561,227615,33480
Cantina,10,Inst_1_test_IMG_2882,0.5,571536,33561,156122,32928
Cantina,10,Inst_1_test_IMG_2882,0.6,571536,33561,108482,32306
Cantina,10,Inst_1_test_IMG_2882,0.7,571536,33561,74334,31145
Cantina,10,Inst_1_test_IMG_2882,0.8,571536,33561,54550,29122
Cantina,10,Inst_1_test_IMG_2882,0.9,571536,33561,39792,25616
Cantina,10,Inst_1_test_IMG_2882,1.0,571536,33561,26045,18922
Cantina,10,Inst_1_test_IMG_2882,1.2,571536,33561,7845,6373
Cantina,10,Inst_1_test_IMG_2882,1.4,571536,33561,2111,1782
Cantina,11,Inst_1_test_IMG_2883,0.1,571536,30425,566128,30425
Cantina,11,Inst_1_test_IMG_2883,0.2,571536,30425,518461,30425
Cantina,11,Inst_1_test_IMG_2883,0.3,571536,30425,414613,30424
Cantina,11,Inst_1_test_IMG_2883,0.4,571536,30425,286222,30253
Cantina,11,Inst_1_test_IMG_2883,0.5,571536,30425,199841,29383
Cantina,11,Inst_1_test_IMG_2883,0.6,571536,30425,139595,28467
Cantina,11,Inst_1_test_IMG_2883,0.7,571536,30425,98754,26235
Cantina,11,Inst_1_test_IMG_2883,0.8,571536,30425,70287,21512
Cantina,11,Inst_1_test_IMG_2883,0.9,571536,30425,51554,16675
Cantina,11,Inst_1_test_IMG_2883,1.0,571536,30425,37800,12783
Cantina,11,Inst_1_test_IMG_2883,1.2,571536,30425,14527,6377
Cantina,11,Inst_1_test_IMG_2883,1.4,571536,30425,3353,2205
Cantina,12,Inst_1_test_IMG_2887,0.1,571536,25351,568549,25351
Cantina,12,Inst_1_test_IMG_2887,0.2,571536,25351,491473,25351
Cantina,12,Inst_1_test_IMG_2887,0.3,571536,25351,317344,25234
Cantina,12,Inst_1_test_IMG_2887,0.4,571536,25351,183212,24706
Cantina,12,Inst_1_test_IMG_2887,0.5,571536,25351,102573,23876
Cantina,12,Inst_1_test_IMG_2887,0.6,571536,25351,61743,22910
Cantina,12,Inst_1_test_IMG_2887,0.7,571536,25351,41535,21767
Cantina,12,Inst_1_test_IMG_2887,0.8,571536,25351,30018,19862
Cantina,12,Inst_1_test_IMG_2887,0.9,571536,25351,22110,17304
Cantina,12,Inst_1_test_IMG_2887,1.0,571536,25351,16777,14405
Cantina,12,Inst_1_test_IMG_2887,1.2,571536,25351,7822,7205
Cantina,12,Inst_1_test_IMG_2887,1.4,571536,25351,1709,1659
Cantina,13,Inst_1_test_IMG_2889,0.1,571536,27450,563075,27450
Cantina,13,Inst_1_test_IMG_2889,0.2,571536,27450,409886,27403
Cantina,13,Inst_1_test_IMG_2889,0.3,571536,27450,256442,27304
Cantina,13,Inst_1_test_IMG_2889,0.4,571536,27450,162720,27068
Cantina,13,Inst_1_test_IMG_2889,0.5,571536,27450,103624,26732
Cantina,13,Inst_1_test_IMG_2889,0.6,571536,27450,72250,26228
Cantina,13,Inst_1_test_IMG_2889,0.7,571536,27450,54700,25036
Cantina,13,Inst_1_test_IMG_2889,0.8,571536,27450,40792,22795
Cantina,13,Inst_1_test_IMG_2889,0.9,571536,27450,30673,20129
Cantina,13,Inst_1_test_IMG_2889,1.0,571536,27450,22401,16462
Cantina,13,Inst_1_test_IMG_2889,1.2,571536,27450,10997,9168
Cantina,13,Inst_1_test_IMG_2889,1.4,571536,27450,4601,4386
Cantina,14,Inst_1_test_IMG_2890,0.1,571536,50942,562624,50942
Cantina,14,Inst_1_test_IMG_2890,0.2,571536,50942,462680,50942
Cantina,14,Inst_1_test_IMG_2890,0.3,571536,50942,326847,50937
Cantina,14,Inst_1_test_IMG_2890,0.4,571536,50942,216970,50610
Cantina,14,Inst_1_test_IMG_2890,0.5,571536,50942,148804,50210
Cantina,14,Inst_1_test_IMG_2890,0.6,571536,50942,110028,49378
Cantina,14,Inst_1_test_IMG_2890,0.7,571536,50942,84685,47659
Cantina,14,Inst_1_test_IMG_2890,0.8,571536,50942,65910,44890
Cantina,14,Inst_1_test_IMG_2890,0.9,571536,50942,52391,39830
Cantina,14,Inst_1_test_IMG_2890,1.0,571536,50942,40341,33475
Cantina,14,Inst_1_test_IMG_2890,1.2,571536,50942,20429,19031
Cantina,14,Inst_1_test_IMG_2890,1.4,571536,50942,8229,8070
Cantina,15,Inst_1_test_IMG_2891,0.1,571536,33926,565763,33916
Cantina,15,Inst_1_test_IMG_2891,0.2,571536,33926,504656,33916
Cantina,15,Inst_1_test_IMG_2891,0.3,571536,33926,384866,33905
Cantina,15,Inst_1_test_IMG_2891,0.4,571536,33926,242121,33745
Cantina,15,Inst_1_test_IMG_2891,0.5,571536,33926,150644,33440
Cantina,15,Inst_1_test_IMG_2891,0.6,571536,33926,99280,32774
Cantina,15,Inst_1_test_IMG_2891,0.7,571536,33926,68337,31597
Cantina,15,Inst_1_test_IMG_2891,0.8,571536,33926,50001,29475
Cantina,15,Inst_1_test_IMG_2891,0.9,571536,33926,37462,26101
Cantina,15,Inst_1_test_IMG_2891,1.0,571536,33926,28075,22248
Cantina,15,Inst_1_test_IMG_2891,1.2,571536,33926,13555,12528
Cantina,15,Inst_1_test_IMG_2891,1.4,571536,33926,6294,6204
Cantina,16,Inst_1_test_IMG_2895,0.1,571536,67830,557296,67830
Cantina,16,Inst_1_test_IMG_2895,0.2,571536,67830,467320,67830
Cantina,16,Inst_1_test_IMG_2895,0.3,571536,67830,333637,67794
Cantina,16,Inst_1_test_IMG_2895,0.4,571536,67830,208201,67157
Cantina,16,Inst_1_test_IMG_2895,0.5,571536,67830,137228,61114
Cantina,16,Inst_1_test_IMG_2895,0.6,571536,67830,101244,54142
Cantina,16,Inst_1_test_IMG_2895,0.7,571536,67830,75816,47662
Cantina,16,Inst_1_test_IMG_2895,0.8,571536,67830,54139,41217
Cantina,16,Inst_1_test_IMG_2895,0.9,571536,67830,41120,36214
Cantina,16,Inst_1_test_IMG_2895,1.0,571536,67830,32373,30224
Cantina,16,Inst_1_test_IMG_2895,1.2,571536,67830,17750,17575
Cantina,16,Inst_1_test_IMG_2895,1.4,571536,67830,8533,8527
Cantina,17,Inst_1_test_IMG_2900,0.1,571536,32799,552270,32799
Cantina,17,Inst_1_test_IMG_2900,0.2,571536,32799,425170,32799
Cantina,17,Inst_1_test_IMG_2900,0.3,571536,32799,275617,32683
Cantina,17,Inst_1_test_IMG_2900,0.4,571536,32799,178075,32452
Cantina,17,Inst_1_test_IMG_2900,0.5,571536,32799,120263,31985
Cantina,17,Inst_1_test_IMG_2900,0.6,571536,32799,84377,31342
Cantina,17,Inst_1_test_IMG_2900,0.7,571536,32799,59475,30213
Cantina,17,Inst_1_test_IMG_2900,0.8,571536,32799,44723,28077
Cantina,17,Inst_1_test_IMG_2900,0.9,571536,32799,31066,23933
Cantina,17,Inst_1_test_IMG_2900,1.0,571536,32799,22009,19208
Cantina,17,Inst_1_test_IMG_2900,1.2,571536,32799,12366,11817
Cantina,17,Inst_1_test_IMG_2900,1.4,571536,32799,6726,6671
Cantina,18,Inst_1_test_IMG_2901,0.1,571536,54128,549736,54128
Cantina,18,Inst_1_test_IMG_2901,0.2,571536,54128,440276,54128
Cantina,18,Inst_1_test_IMG_2901,0.3,571536,54128,305545,53859
Cantina,18,Inst_1_test_IMG_2901,0.4,571536,54128,189697,51296
Cantina,18,Inst_1_test_IMG_2901,0.5,571536,54128,120674,47919
Cantina,18,Inst_1_test_IMG_2901,0.6,571536,54128,85406,44368
Cantina,18,Inst_1_test_IMG_2901,0.7,571536,54128,64023,39503
Cantina,18,Inst_1_test_IMG_2901,0.8,571536,54128,46511,33089
Cantina,18,Inst_1_test_IMG_2901,0.9,571536,54128,34466,27835
Cantina,18,Inst_1_test_IMG_2901,1.0,571536,54128,26259,23274
Cantina,18,Inst_1_test_IMG_2901,1.2,571536,54128,15885,15185
Cantina,18,Inst_1_test_IMG_2901,1.4,571536,54128,7722,7621
Cantina,19,Inst_1_test_IMG_2902,0.1,571536,27549,541180,27549
Cantina,19,Inst_1_test_IMG_2902,0.2,571536,27549,387815,27540
Cantina,19,Inst_1_test_IMG_2902,0.3,571536,27549,220389,27450
Cantina,19,Inst_1_test_IMG_2902,0.4,571536,27549,128125,27307
Cantina,19,Inst_1_test_IMG_2902,0.5,571536,27549,82384,26731
Cantina,19,Inst_1_test_IMG_2902,0.6,571536,27549,54482,25461
Cantina,19,Inst_1_test_IMG_2902,0.7,571536,27549,34989,22308
Cantina,19,Inst_1_test_IMG_2902,0.8,571536,27549,22591,17661
Cantina,19,Inst_1_test_IMG_2902,0.9,571536,27549,15783,13867
Cantina,19,Inst_1_test_IMG_2902,1.0,571536,27549,11822,11141
Cantina,19,Inst_1_test_IMG_2902,1.2,571536,27549,6893,6831
Cantina,19,Inst_1_test_IMG_2902,1.4,571536,27549,3407,3406
Cantina,20,Inst_1_test_IMG_2903,0.1,571536,33655,557716,33591
Cantina,20,Inst_1_test_IMG_2903,0.2,571536,33655,437719,33465
Cantina,20,Inst_1_test_IMG_2903,0.3,571536,33655,263587,33403
Cantina,20,Inst_1_test_IMG_2903,0.4,571536,33655,168612,33150
Cantina,20,Inst_1_test_IMG_2903,0.5,571536,33655,102894,31987
Cantina,20,Inst_1_test_IMG_2903,0.6,571536,33655,67108,30303
Cantina,20,Inst_1_test_IMG_2903,0.7,571536,33655,46652,28446
Cantina,20,Inst_1_test_IMG_2903,0.8,571536,33655,35777,25599
Cantina,20,Inst_1_test_IMG_2903,0.9,571536,33655,28635,23034
Cantina,20,Inst_1_test_IMG_2903,1.0,571536,33655,22198,19186
Cantina,20,Inst_1_test_IMG_2903,1.2,571536,33655,11687,10991
Cantina,20,Inst_1_test_IMG_2903,1.4,571536,33655,4227,4161
Cantina,21,Inst_1_test_IMG_2904,0.1,571536,17051,563707,17051
Cantina,21,Inst_1_test_IMG_2904,0.2,571536,17051,463909,17051
Cantina,21,Inst_1_test_IMG_2904,0.3,571536,17051,303572,17019
Cantina,21,Inst_1_test_IMG_2904,0.4,571536,17051,181891,16564
Cantina,21,Inst_1_test_IMG_2904,0.5,571536,17051,116079,16119
Cantina,21,Inst_1_test_IMG_2904,0.6,571536,17051,75083,15374
Cantina,21,Inst_1_test_IMG_2904,0.7,571536,17051,49296,14185
Cantina,21,Inst_1_test_IMG_2904,0.8,571536,17051,33355,12760
Cantina,21,Inst_1_test_IMG_2904,0.9,571536,17051,23375,11020
Cantina,21,Inst_1_test_IMG_2904,1.0,571536,17051,16244,8865
Cantina,21,Inst_1_test_IMG_2904,1.2,571536,17051,7790,4751
Cantina,21,Inst_1_test_IMG_2904,1.4,571536,17051,2024,1590
Cantina,22,Inst_1_test_IMG_2906,0.1,571536,74885,555067,74885
Cantina,22,Inst_1_test_IMG_2906,0.2,571536,74885,447551,74654
Cantina,22,Inst_1_test_IMG_2906,0.3,571536,74885,339476,74207
Cantina,22,Inst_1_test_IMG_2906,0.4,571536,74885,236838,73433
Cantina,22,Inst_1_test_IMG_2906,0.5,571536,74885,164018,71819
Cantina,22,Inst_1_test_IMG_2906,0.6,571536,74885,117051,69633
Cantina,22,Inst_1_test_IMG_2906,0.7,571536,74885,91424,66278
Cantina,22,Inst_1_test_IMG_2906,0.8,571536,74885,74259,60794
Cantina,22,Inst_1_test_IMG_2906,0.9,571536,74885,59726,52792
Cantina,22,Inst_1_test_IMG_2906,1.0,571536,74885,47226,44181
Cantina,22,Inst_1_test_IMG_2906,1.2,571536,74885,28595,28052
Cantina,22,Inst_1_test_IMG_2906,1.4,571536,74885,13111,13010
Cantina,23,Inst_1_test_IMG_2908,0.1,571536,46328,546659,46328
Cantina,23,Inst_1_test_IMG_2908,0.2,571536,46328,385462,46128
Cantina,23,Inst_1_test_IMG_2908,0.3,571536,46328,251237,45887
Cantina,23,Inst_1_test_IMG_2908,0.4,571536,46328,155383,44740
Cantina,23,Inst_1_test_IMG_2908,0.5,571536,46328,102242,42860
Cantina,23,Inst_1_test_IMG_2908,0.6,571536,46328,72208,39820
Cantina,23,Inst_1_test_IMG_2908,0.7,571536,46328,51737,35907
Cantina,23,Inst_1_test_IMG_2908,0.8,571536,46328,38482,31171
Cantina,23,Inst_1_test_IMG_2908,0.9,571536,46328,29538,25839
Cantina,23,Inst_1_test_IMG_2908,1.0,571536,46328,22180,20554
Cantina,23,Inst_1_test_IMG_2908,1.2,571536,46328,13185,13020
Cantina,23,Inst_1_test_IMG_2908,1.4,571536,46328,8065,8047
Cantina,24,Inst_1_test_IMG_2909,0.1,571536,33624,560621,33624
Cantina,24,Inst_1_test_IMG_2909,0.2,571536,33624,441586,33624
Cantina,24,Inst_1_test_IMG_2909,0.3,571536,33624,289807,33550
Cantina,24,Inst_1_test_IMG_2909,0.4,571536,33624,167826,33141
Cantina,24,Inst_1_test_IMG_2909,0.5,571536,33624,99302,31826
Cantina,24,Inst_1_test_IMG_2909,0.6,571536,33624,65552,30295
Cantina,24,Inst_1_test_IMG_2909,0.7,571536,33624,50391,27851
Cantina,24,Inst_1_test_IMG_2909,0.8,571536,33624,33995,23989
Cantina,24,Inst_1_test_IMG_2909,0.9,571536,33624,22932,19061
Cantina,24,Inst_1_test_IMG_2909,1.0,571536,33624,16647,14872
Cantina,24,Inst_1_test_IMG_2909,1.2,571536,33624,9445,9166
Cantina,24,Inst_1_test_IMG_2909,1.4,571536,33624,5561,5507
Garden,0,Inst_1_test_IMG_E7225,0.1,569962,11183,474942,11183
Garden,0,Inst_1_test_IMG_E7225,0.2,569962,11183,184146,11183
Garden,0,Inst_1_test_IMG_E7225,0.3,569962,11183,84834,11183
Garden,0,Inst_1_test_IMG_E7225,0.4,569962,11183,47533,11144
Garden,0,Inst_1_test_IMG_E7225,0.5,569962,11183,29370,11022
Garden,0,Inst_1_test_IMG_E7225,0.6,569962,11183,21815,10781
Garden,0,Inst_1_test_IMG_E7225,0.7,569962,11183,17794,10560
Garden,0,Inst_1_test_IMG_E7225,0.8,569962,11183,15216,10439
Garden,0,Inst_1_test_IMG_E7225,0.9,569962,11183,13156,10212
Garden,0,Inst_1_test_IMG_E7225,1.0,569962,11183,11661,9906
Garden,0,Inst_1_test_IMG_E7225,1.2,569962,11183,9304,8717
Garden,0,Inst_1_test_IMG_E7225,1.4,569962,11183,4247,4137
Garden,1,Inst_1_test_IMG_E7228,0.1,569962,9221,517974,9221
Garden,1,Inst_1_test_IMG_E7228,0.2,569962,9221,339333,9221
Garden,1,Inst_1_test_IMG_E7228,0.3,569962,9221,211833,9221
Garden,1,Inst_1_test_IMG_E7228,0.4,569962,9221,128809,9221
Garden,1,Inst_1_test_IMG_E7228,0.5,569962,9221,81385,9221
Garden,1,Inst_1_test_IMG_E7228,0.6,569962,9221,52302,9211
Garden,1,Inst_1_test_IMG_E7228,0.7,569962,9221,34219,9145
Garden,1,Inst_1_test_IMG_E7228,0.8,569962,9221,23296,9005
Garden,1,Inst_1_test_IMG_E7228,0.9,569962,9221,16415,8708
Garden,1,Inst_1_test_IMG_E7228,1.0,569962,9221,11959,8167
Garden,1,Inst_1_test_IMG_E7228,1.2,569962,9221,6351,5608
Garden,1,Inst_1_test_IMG_E7228,1.4,569962,9221,1186,1116
Garden,2,Inst_1_test_IMG_E7230,0.1,569962,8922,512746,8922
Garden,2,Inst_1_test_IMG_E7230,0.2,569962,8922,246668,8922
Garden,2,Inst_1_test_IMG_E7230,0.3,569962,8922,137657,8922
Garden,2,Inst_1_test_IMG_E7230,0.4,569962,8922,92588,8920
Garden,2,Inst_1_test_IMG_E7230,0.5,569962,8922,65211,8905
Garden,2,Inst_1_test_IMG_E7230,0.6,569962,8922,44699,8826
Garden,2,Inst_1_test_IMG_E7230,0.7,569962,8922,30474,8683
Garden,2,Inst_1_test_IMG_E7230,0.8,569962,8922,21504,8514
Garden,2,Inst_1_test_IMG_E7230,0.9,569962,8922,15318,8072
Garden,2,Inst_1_test_IMG_E7230,1.0,569962,8922,11220,7544
Garden,2,Inst_1_test_IMG_E7230,1.2,569962,8922,4250,3468
Garden,2,Inst_1_test_IMG_E7230,1.4,569962,8922,505,389
Garden,3,Inst_1_test_IMG_E7233,0.1,569962,9968,493005,9968
Garden,3,Inst_1_test_IMG_E7233,0.2,569962,9968,198578,9968
Garden,3,Inst_1_test_IMG_E7233,0.3,569962,9968,74862,9967
Garden,3,Inst_1_test_IMG_E7233,0.4,569962,9968,40294,9914
Garden,3,Inst_1_test_IMG_E7233,0.5,569962,9968,24485,9754
Garden,3,Inst_1_test_IMG_E7233,0.6,569962,9968,17855,9625
Garden,3,Inst_1_test_IMG_E7233,0.7,569962,9968,14899,9527
Garden,3,Inst_1_test_IMG_E7233,0.8,569962,9968,13024,9436
Garden,3,Inst_1_test_IMG_E7233,0.9,569962,9968,11573,9284
Garden,3,Inst_1_test_IMG_E7233,1.0,569962,9968,10390,9032
Garden,3,Inst_1_test_IMG_E7233,1.2,569962,9968,8109,7805
Garden,3,Inst_1_test_IMG_E7233,1.4,569962,9968,3939,3873
Garden,4,Inst_1_test_IMG_E7235,0.1,569962,6803,528052,6803
Garden,4,Inst_1_test_IMG_E7235,0.2,569962,6803,219819,6803
Garden,4,Inst_1_test_IMG_E7235,0.3,569962,6803,83011,6803
Garden,4,Inst_1_test_IMG_E7235,0.4,569962,6803,38063,6803
Garden,4,Inst_1_test_IMG_E7235,0.5,569962,6803,22840,6803
Garden,4,Inst_1_test_IMG_E7235,0.6,569962,6803,16864,6801
Garden,4,Inst_1_test_IMG_E7235,0.7,569962,6803,13350,6775
Garden,4,Inst_1_test_IMG_E7235,0.8,569962,6803,10892,6679
Garden,4,Inst_1_test_IMG_E7235,0.9,569962,6803,8826,6386
Garden,4,Inst_1_test_IMG_E7235,1.0,569962,6803,7128,5972
Garden,4,Inst_1_test_IMG_E7235,1.2,569962,6803,4491,4354
Garden,4,Inst_1_test_IMG_E7235,1.4,569962,6803,1434,1414
Garden,5,Inst_1_test_IMG_E7237,0.1,569962,7164,523974,7164
Garden,5,Inst_1_test_IMG_E7237,0.2,569962,7164,236616,7164
Garden,5,Inst_1_test_IMG_E7237,0.3,569962,7164,103709,7164
Garden,5,Inst_1_test_IMG_E7237,0.4,569962,7164,54929,7164
Garden,5,Inst_1_test_IMG_E7237,0.5,569962,7164,34281,7164
Garden,5,Inst_1_test_IMG_E7237,0.6,569962,7164,24252,7163
Garden,5,Inst_1_test_IMG_E7237,0.7,569962,7164,18207,7161
Garden,5,Inst_1_test_IMG_E7237,0.8,569962,7164,14207,7132
Garden,5,Inst_1_test_IMG_E7237,0.9,569962,7164,11550,7061
Garden,5,Inst_1_test_IMG_E7237,1.0,569962,7164,9246,6744
Garden,5,Inst_1_test_IMG_E7237,1.2,569962,7164,6262,5772
Garden,5,Inst_1_test_IMG_E7237,1.4,569962,7164,2959,2896
Garden,6,Inst_1_test_IMG_E7239,0.1,569962,8268,501999,8268
Garden,6,Inst_1_test_IMG_E7239,0.2,569962,8268,206971,8268
Garden,6,Inst_1_test_IMG_E7239,0.3,569962,8268,88126,8268
Garden,6,Inst_1_test_IMG_E7239,0.4,569962,8268,47978,8268
Garden,6,Inst_1_test_IMG_E7239,0.5,569962,8268,31560,8268
Garden,6,Inst_1_test_IMG_E7239,0.6,569962,8268,24536,8266
Garden,6,Inst_1_test_IMG_E7239,0.7,569962,8268,20314,8261
Garden,6,Inst_1_test_IMG_E7239,0.8,569962,8268,17318,8249
Garden,6,Inst_1_test_IMG_E7239,0.9,569962,8268,15022,8213
Garden,6,Inst_1_test_IMG_E7239,1.0,569962,8268,13058,8091
Garden,6,Inst_1_test_IMG_E7239,1.2,569962,8268,8783,7286
Garden,6,Inst_1_test_IMG_E7239,1.4,569962,8268,4598,4322
Garden,7,Inst_1_test_IMG_E7242,0.1,569962,8241,511704,8241
Garden,7,Inst_1_test_IMG_E7242,0.2,569962,8241,247967,8241
Garden,7,Inst_1_test_IMG_E7242,0.3,569962,8241,97151,8241
Garden,7,Inst_1_test_IMG_E7242,0.4,569962,8241,53625,8241
Garden,7,Inst_1_test_IMG_E7242,0.5,569962,8241,33687,8239
Garden,7,Inst_1_test_IMG_E7242,0.6,569962,8241,23443,8216
Garden,7,Inst_1_test_IMG_E7242,0.7,569962,8241,17795,8183
Garden,7,Inst_1_test_IMG_E7242,0.8,569962,8241,14486,8119
Garden,7,Inst_1_test_IMG_E7242,0.9,569962,8241,12175,7961
Garden,7,Inst_1_test_IMG_E7242,1.0,569962,8241,10541,7759
Garden,7,Inst_1_test_IMG_E7242,1.2,569962,8241,8309,7136
Garden,7,Inst_1_test_IMG_E7242,1.4,569962,8241,4378,4095
Garden,8,Inst_1_test_IMG_E7244,0.1,569962,6394,357979,6394
Garden,8,Inst_1_test_IMG_E7244,0.2,569962,6394,133481,6394
Garden,8,Inst_1_test_IMG_E7244,0.3,569962,6394,71388,6394
Garden,8,Inst_1_test_IMG_E7244,0.4,569962,6394,48191,6394
Garden,8,Inst_1_test_IMG_E7244,0.5,569962,6394,34234,6393
Garden,8,Inst_1_test_IMG_E7244,0.6,569962,6394,24255,6364
Garden,8,Inst_1_test_IMG_E7244,0.7,569962,6394,17561,6264
Garden,8,Inst_1_test_IMG_E7244,0.8,569962,6394,13069,6098
Garden,8,Inst_1_test_IMG_E7244,0.9,569962,6394,9579,5892
Garden,8,Inst_1_test_IMG_E7244,1.0,569962,6394,7369,5624
Garden,8,Inst_1_test_IMG_E7244,1.2,569962,6394,3348,3052
Garden,8,Inst_1_test_IMG_E7244,1.4,569962,6394,400,367
Garden,9,Inst_1_test_IMG_E7245,0.1,569962,5877,491608,5877
Garden,9,Inst_1_test_IMG_E7245,0.2,569962,5877,198892,5877
Garden,9,Inst_1_test_IMG_E7245,0.3,569962,5877,94553,5873
Garden,9,Inst_1_test_IMG_E7245,0.4,569962,5877,59959,5870
Garden,9,Inst_1_test_IMG_E7245,0.5,569962,5877,39814,5868
Garden,9,Inst_1_test_IMG_E7245,0.6,569962,5877,30611,5840
Garden,9,Inst_1_test_IMG_E7245,0.7,569962,5877,25105,5802
Garden,9,Inst_1_test_IMG_E7245,0.8,569962,5877,20670,5703
Garden,9,Inst_1_test_IMG_E7245,0.9,569962,5877,16414,5506
Garden,9,Inst_1_test_IMG_E7245,1.0,569962,5877,12371,5266
Garden,9,Inst_1_test_IMG_E7245,1.2,569962,5877,6763,4923
Garden,9,Inst_1_test_IMG_E7245,1.4,569962,5877,3476,3175
Garden,10,Inst_1_test_IMG_E7247,0.1,569962,8703,561950,8703
Garden,10,Inst_1_test_IMG_E7247,0.2,569962,8703,473612,8703
Garden,10,Inst_1_test_IMG_E7247,0.3,569962,8703,329679,8703
Garden,10,Inst_1_test_IMG_E7247,0.4,569962,8703,203361,8703
Garden,10,Inst_1_test_IMG_E7247,0.5,569962,8703,115512,8703
Garden,10,Inst_1_test_IMG_E7247,0.6,569962,8703,63393,8703
Garden,10,Inst_1_test_IMG_E7247,0.7,569962,8703,36701,8703
Garden,10,Inst_1_test_IMG_E7247,0.8,569962,8703,24262,8700
Garden,10,Inst_1_test_IMG_E7247,0.9,569962,8703,18022,8653
Garden,10,Inst_1_test_IMG_E7247,1.0,569962,8703,14204,8469
Garden,10,Inst_1_test_IMG_E7247,1.2,569962,8703,8481,6975
Garden,10,Inst_1_test_IMG_E7247,1.4,569962,8703,3712,3461
Garden,11,Inst_1_test_IMG_E7249,0.1,569962,7548,533617,7548
Garden,11,Inst_1_test_IMG_E7249,0.2,569962,7548,292801,7548
Garden,11,Inst_1_test_IMG_E7249,0.3,569962,7548,126411,7548
Garden,11,Inst_1_test_IMG_E7249,0.4,569962,7548,83994,7548
Garden,11,Inst_1_test_IMG_E7249,0.5,569962,7548,62262,7545
Garden,11,Inst_1_test_IMG_E7249,0.6,569962,7548,46754,7519
Garden,11,Inst_1_test_IMG_E7249,0.7,569962,7548,35527,7502
Garden,11,Inst_1_test_IMG_E7249,0.8,569962,7548,27242,7470
Garden,11,Inst_1_test_IMG_E7249,0.9,569962,7548,20829,7371
Garden,11,Inst_1_test_IMG_E7249,1.0,569962,7548,15719,7187
Garden,11,Inst_1_test_IMG_E7249,1.2,569962,7548,9882,6449
Garden,11,Inst_1_test_IMG_E7249,1.4,569962,7548,4883,3716
Garden,12,Inst_1_test_IMG_E7252,0.1,569962,7140,525367,7140
Garden,12,Inst_1_test_IMG_E7252,0.2,569962,7140,353195,7140
Garden,12,Inst_1_test_IMG_E7252,0.3,569962,7140,239795,7140
Garden,12,Inst_1_test_IMG_E7252,0.4,569962,7140,164884,7140
Garden,12,Inst_1_test_IMG_E7252,0.5,569962,7140,115909,7109
Garden,12,Inst_1_test_IMG_E7252,0.6,569962,7140,82591,7028
Garden,12,Inst_1_test_IMG_E7252,0.7,569962,7140,56999,6920
Garden,12,Inst_1_test_IMG_E7252,0.8,569962,7140,36130,6766
Garden,12,Inst_1_test_IMG_E7252,0.9,569962,7140,21379,6591
Garden,12,Inst_1_test_IMG_E7252,1.0,569962,7140,12696,6299
Garden,12,Inst_1_test_IMG_E7252,1.2,569962,7140,5509,4780
Garden,12,Inst_1_test_IMG_E7252,1.4,569962,7140,2243,2174
Garden,13,Inst_1_test_IMG_E7256,0.1,569962,4997,519628,4997
Garden,13,Inst_1_test_IMG_E7256,0.2,569962,4997,285354,4997
Garden,13,Inst_1_test_IMG_E7256,0.3,569962,4997,123768,4997
Garden,13,Inst_1_test_IMG_E7256,0.4,569962,4997,69529,4997
Garden,13,Inst_1_test_IMG_E7256,0.5,569962,4997,46525,4990
Garden,13,Inst_1_test_IMG_E7256,0.6,569962,4997,33578,4969
Garden,13,Inst_1_test_IMG_E7256,0.7,569962,4997,25767,4921
Garden,13,Inst_1_test_IMG_E7256,0.8,569962,4997,21021,4795
Garden,13,Inst_1_test_IMG_E7256,0.9,569962,4997,17599,4560
Garden,13,Inst_1_test_IMG_E7256,1.0,569962,4997,14763,4358
Garden,13,Inst_1_test_IMG_E7256,1.2,569962,4997,7823,3809
Garden,13,Inst_1_test_IMG_E7256,1.4,569962,4997,2996,2348
Garden,14,Inst_1_test_IMG_E7258,0.1,569962,6036,478854,6036
Garden,14,Inst_1_test_IMG_E7258,0.2,569962,6036,191125,6036
Garden,14,Inst_1_test_IMG_E7258,0.3,569962,6036,73730,6036
Garden,14,Inst_1_test_IMG_E7258,0.4,569962,6036,39401,6034
Garden,14,Inst_1_test_IMG_E7258,0.5,569962,6036,25789,6026
Garden,14,Inst_1_test_IMG_E7258,0.6,569962,6036,18875,6016
Garden,14,Inst_1_test_IMG_E7258,0.7,569962,6036,14571,5995
Garden,14,Inst_1_test_IMG_E7258,0.8,569962,6036,11495,5960
Garden,14,Inst_1_test_IMG_E7258,0.9,569962,6036,9187,5818
Garden,14,Inst_1_test_IMG_E7258,1.0,569962,6036,7441,5535
Garden,14,Inst_1_test_IMG_E7258,1.2,569962,6036,4222,4010
Garden,14,Inst_1_test_IMG_E7258,1.4,569962,6036,1632,1613
Garden,15,Inst_1_test_IMG_E7260,0.1,569962,6988,484512,6988
Garden,15,Inst_1_test_IMG_E7260,0.2,569962,6988,194315,6988
Garden,15,Inst_1_test_IMG_E7260,0.3,569962,6988,88975,6988
Garden,15,Inst_1_test_IMG_E7260,0.4,569962,6988,46259,6988
Garden,15,Inst_1_test_IMG_E7260,0.5,569962,6988,29150,6988
Garden,15,Inst_1_test_IMG_E7260,0.6,569962,6988,21967,6988
Garden,15,Inst_1_test_IMG_E7260,0.7,569962,6988,17813,6985
Garden,15,Inst_1_test_IMG_E7260,0.8,569962,6988,14874,6910
Garden,15,Inst_1_test_IMG_E7260,0.9,569962,6988,12607,6770
Garden,15,Inst_1_test_IMG_E7260,1.0,569962,6988,10596,6495
Garden,15,Inst_1_test_IMG_E7260,1.2,569962,6988,7295,6095
Garden,15,Inst_1_test_IMG_E7260,1.4,569962,6988,4326,4124
Garden,16,Inst_1_test_IMG_E7262,0.1,569962,6601,485913,6601
Garden,16,Inst_1_test_IMG_E7262,0.2,569962,6601,214106,6601
Garden,16,Inst_1_test_IMG_E7262,0.3,569962,6601,96465,6601
Garden,16,Inst_1_test_IMG_E7262,0.4,569962,6601,51461,6601
Garden,16,Inst_1_test_IMG_E7262,0.5,569962,6601,30140,6598
Garden,16,Inst_1_test_IMG_E7262,0.6,569962,6601,20003,6558
Garden,16,Inst_1_test_IMG_E7262,0.7,569962,6601,14679,6508
Garden,16,Inst_1_test_IMG_E7262,0.8,569962,6601,11548,6374
Garden,16,Inst_1_test_IMG_E7262,0.9,569962,6601,9505,6218
Garden,16,Inst_1_test_IMG_E7262,1.0,569962,6601,8047,6063
Garden,16,Inst_1_test_IMG_E7262,1.2,569962,6601,5712,5091
Garden,16,Inst_1_test_IMG_E7262,1.4,569962,6601,2432,2317
Garden,17,Inst_1_test_IMG_E7265,0.1,569962,6489,473892,6489
Garden,17,Inst_1_test_IMG_E7265,0.2,569962,6489,196741,6489
Garden,17,Inst_1_test_IMG_E7265,0.3,569962,6489,88339,6489
Garden,17,Inst_1_test_IMG_E7265,0.4,569962,6489,48918,6489
Garden,17,Inst_1_test_IMG_E7265,0.5,569962,6489,30716,6489
Garden,17,Inst_1_test_IMG_E7265,0.6,569962,6489,22279,6487
Garden,17,Inst_1_test_IMG_E7265,0.7,569962,6489,17221,6456
Garden,17,Inst_1_test_IMG_E7265,0.8,569962,6489,13641,6372
Garden,17,Inst_1_test_IMG_E7265,0.9,569962,6489,11105,6249
Garden,17,Inst_1_test_IMG_E7265,1.0,569962,6489,9234,5987
Garden,17,Inst_1_test_IMG_E7265,1.2,569962,6489,5855,4814
Garden,17,Inst_1_test_IMG_E7265,1.4,569962,6489,2573,2378
Garden,18,Inst_1_test_IMG_E7267,0.1,569962,6232,488295,6232
Garden,18,Inst_1_test_IMG_E7267,0.2,569962,6232,211524,6232
Garden,18,Inst_1_test_IMG_E7267,0.3,569962,6232,109917,6232
Garden,18,Inst_1_test_IMG_E7267,0.4,569962,6232,72817,6232
Garden,18,Inst_1_test_IMG_E7267,0.5,569962,6232,52798,6226
Garden,18,Inst_1_test_IMG_E7267,0.6,569962,6232,38676,6207
Garden,18,Inst_1_test_IMG_E7267,0.7,569962,6232,29203,6153
Garden,18,Inst_1_test_IMG_E7267,0.8,569962,6232,21387,6042
Garden,18,Inst_1_test_IMG_E7267,0.9,569962,6232,14801,5837
Garden,18,Inst_1_test_IMG_E7267,1.0,569962,6232,10187,5453
Garden,18,Inst_1_test_IMG_E7267,1.2,569962,6232,4697,3853
Garden,18,Inst_1_test_IMG_E7267,1.4,569962,6232,1732,1645
Garden,19,Inst_1_test_IMG_E7270,0.1,569962,8493,495537,8493
Garden,19,Inst_1_test_IMG_E7270,0.2,569962,8493,222542,8493
Garden,19,Inst_1_test_IMG_E7270,0.3,569962,8493,105812,8493
Garden,19,Inst_1_test_IMG_E7270,0.4,569962,8493,60238,8493
Garden,19,Inst_1_test_IMG_E7270,0.5,569962,8493,39851,8493
Garden,19,Inst_1_test_IMG_E7270,0.6,569962,8493,28070,8492
Garden,19,Inst_1_test_IMG_E7270,0.7,569962,8493,20712,8484
Garden,19,Inst_1_test_IMG_E7270,0.8,569962,8493,15657,8442
Garden,19,Inst_1_test_IMG_E7270,0.9,569962,8493,12453,8298
Garden,19,Inst_1_test_IMG_E7270,1.0,569962,8493,10064,7963
Garden,19,Inst_1_test_IMG_E7270,1.2,569962,8493,6737,6494
Garden,19,Inst_1_test_IMG_E7270,1.4,569962,8493,2792,2772
Garden,20,Inst_1_test_IMG_E7272,0.1,569962,7703,441138,7703
Garden,20,Inst_1_test_IMG_E7272,0.2,569962,7703,142003,7703
Garden,20,Inst_1_test_IMG_E7272,0.3,569962,7703,67811,7703
Garden,20,Inst_1_test_IMG_E7272,0.4,569962,7703,38115,7703
Garden,20,Inst_1_test_IMG_E7272,0.5,569962,7703,25032,7703
Garden,20,Inst_1_test_IMG_E7272,0.6,569962,7703,19924,7701
Garden,20,Inst_1_test_IMG_E7272,0.7,569962,7703,16726,7680
Garden,20,Inst_1_test_IMG_E7272,0.8,569962,7703,14437,7617
Garden,20,Inst_1_test_IMG_E7272,0.9,569962,7703,12358,7442
Garden,20,Inst_1_test_IMG_E7272,1.0,569962,7703,10239,7113
Garden,20,Inst_1_test_IMG_E7272,1.2,569962,7703,7080,6278
Garden,20,Inst_1_test_IMG_E7272,1.4,569962,7703,3598,3439
Garden,21,Inst_1_test_IMG_E7274,0.1,569962,6506,496302,6506
Garden,21,Inst_1_test_IMG_E7274,0.2,569962,6506,213372,6506
Garden,21,Inst_1_test_IMG_E7274,0.3,569962,6506,96521,6506
Garden,21,Inst_1_test_IMG_E7274,0.4,569962,6506,52063,6506
Garden,21,Inst_1_test_IMG_E7274,0.5,569962,6506,31435,6506
Garden,21,Inst_1_test_IMG_E7274,0.6,569962,6506,21075,6480
Garden,21,Inst_1_test_IMG_E7274,0.7,569962,6506,15579,6427
Garden,21,Inst_1_test_IMG_E7274,0.8,569962,6506,12098,6346
Garden,21,Inst_1_test_IMG_E7274,0.9,569962,6506,9615,6145
Garden,21,Inst_1_test_IMG_E7274,1.0,569962,6506,8041,5934
Garden,21,Inst_1_test_IMG_E7274,1.2,569962,6506,5829,5098
Garden,21,Inst_1_test_IMG_E7274,1.4,569962,6506,2931,2790
Garden,22,Inst_1_test_IMG_E7276,0.1,569962,6118,497490,6118
Garden,22,Inst_1_test_IMG_E7276,0.2,569962,6118,196947,6118
Garden,22,Inst_1_test_IMG_E7276,0.3,569962,6118,91179,6118
Garden,22,Inst_1_test_IMG_E7276,0.4,569962,6118,60595,6110
Garden,22,Inst_1_test_IMG_E7276,0.5,569962,6118,44003,6087
Garden,22,Inst_1_test_IMG_E7276,0.6,569962,6118,31565,6042
Garden,22,Inst_1_test_IMG_E7276,0.7,569962,6118,22954,5883
Garden,22,Inst_1_test_IMG_E7276,0.8,569962,6118,16757,5727
Garden,22,Inst_1_test_IMG_E7276,0.9,569962,6118,12133,5579
Garden,22,Inst_1_test_IMG_E7276,1.0,569962,6118,8985,5474
Garden,22,Inst_1_test_IMG_E7276,1.2,569962,6118,5823,5008
Garden,22,Inst_1_test_IMG_E7276,1.4,569962,6118,3295,3203
Garden,23,Inst_1_test_IMG_E7277,0.1,569962,4677,545667,4677
Garden,23,Inst_1_test_IMG_E7277,0.2,569962,4677,337030,4677
Garden,23,Inst_1_test_IMG_E7277,0.3,569962,4677,196406,4677
Garden,23,Inst_1_test_IMG_E7277,0.4,569962,4677,133504,4677
Garden,23,Inst_1_test_IMG_E7277,0.5,569962,4677,100190,4662
Garden,23,Inst_1_test_IMG_E7277,0.6,569962,4677,80746,4617
Garden,23,Inst_1_test_IMG_E7277,0.7,569962,4677,67455,4508
Garden,23,Inst_1_test_IMG_E7277,0.8,569962,4677,57984,4384
Garden,23,Inst_1_test_IMG_E7277,0.9,569962,4677,51245,4242
Garden,23,Inst_1_test_IMG_E7277,1.0,569962,4677,44674,4085
Garden,23,Inst_1_test_IMG_E7277,1.2,569962,4677,27886,3658
Garden,23,Inst_1_test_IMG_E7277,1.4,569962,4677,10083,1752
Garden,24,Inst_1_test_IMG_E7279,0.1,569962,6687,491837,6687
Garden,24,Inst_1_test_IMG_E7279,0.2,569962,6687,172421,6687
Garden,24,Inst_1_test_IMG_E7279,0.3,569962,6687,76879,6687
Garden,24,Inst_1_test_IMG_E7279,0.4,569962,6687,44665,6687
Garden,24,Inst_1_test_IMG_E7279,0.5,569962,6687,30026,6687
Garden,24,Inst_1_test_IMG_E7279,0.6,569962,6687,23080,6687
Garden,24,Inst_1_test_IMG_E7279,0.7,569962,6687,18543,6687
Garden,24,Inst_1_test_IMG_E7279,0.8,569962,6687,15244,6664
Garden,24,Inst_1_test_IMG_E7279,0.9,569962,6687,12781,6594
Garden,24,Inst_1_test_IMG_E7279,1.0,569962,6687,10639,6439
Garden,24,Inst_1_test_IMG_E7279,1.2,569962,6687,6863,5782
Garden,24,Inst_1_test_IMG_E7279,1.4,569962,6687,4304,4095
Lounge,0,Inst_1_test_IMG_3838,0.1,571536,9987,505097,9987
Lounge,0,Inst_1_test_IMG_3838,0.2,571536,9987,260390,9987
Lounge,0,Inst_1_test_IMG_3838,0.3,571536,9987,121774,9986
Lounge,0,Inst_1_test_IMG_3838,0.4,571536,9987,64008,9980
Lounge,0,Inst_1_test_IMG_3838,0.5,571536,9987,40107,9961
Lounge,0,Inst_1_test_IMG_3838,0.6,571536,9987,26231,9918
Lounge,0,Inst_1_test_IMG_3838,0.7,571536,9987,19420,9769
Lounge,0,Inst_1_test_IMG_3838,0.8,571536,9987,14793,9331
Lounge,0,Inst_1_test_IMG_3838,0.9,571536,9987,11737,8836
Lounge,0,Inst_1_test_IMG_3838,1.0,571536,9987,9826,8266
Lounge,0,Inst_1_test_IMG_3838,1.2,571536,9987,6235,5998
Lounge,0,Inst_1_test_IMG_3838,1.4,571536,9987,3282,3263
Lounge,1,Inst_1_test_IMG_3839,0.1,571536,8215,484326,8215
Lounge,1,Inst_1_test_IMG_3839,0.2,571536,8215,261373,8215
Lounge,1,Inst_1_test_IMG_3839,0.3,571536,8215,115589,8215
Lounge,1,Inst_1_test_IMG_3839,0.4,571536,8215,54731,8201
Lounge,1,Inst_1_test_IMG_3839,0.5,571536,8215,30039,8159
Lounge,1,Inst_1_test_IMG_3839,0.6,571536,8215,20342,7981
Lounge,1,Inst_1_test_IMG_3839,0.7,571536,8215,13886,7630
Lounge,1,Inst_1_test_IMG_3839,0.8,571536,8215,10531,7128
Lounge,1,Inst_1_test_IMG_3839,0.9,571536,8215,8187,6446
Lounge,1,Inst_1_test_IMG_3839,1.0,571536,8215,6457,5727
Lounge,1,Inst_1_test_IMG_3839,1.2,571536,8215,3540,3456
Lounge,1,Inst_1_test_IMG_3839,1.4,571536,8215,2012,2002
Lounge,2,Inst_1_test_IMG_3840,0.1,571536,12502,501235,12502
Lounge,2,Inst_1_test_IMG_3840,0.2,571536,12502,277951,12502
Lounge,2,Inst_1_test_IMG_3840,0.3,571536,12502,125900,12500
Lounge,2,Inst_1_test_IMG_3840,0.4,571536,12502,60010,12494
Lounge,2,Inst_1_test_IMG_3840,0.5,571536,12502,36419,12458
Lounge,2,Inst_1_test_IMG_3840,0.6,571536,12502,27276,12413
Lounge,2,Inst_1_test_IMG_3840,0.7,571536,12502,22321,12293
Lounge,2,Inst_1_test_IMG_3840,0.8,571536,12502,18287,11795
Lounge,2,Inst_1_test_IMG_3840,0.9,571536,12502,14792,10803
Lounge,2,Inst_1_test_IMG_3840,1.0,571536,12502,12033,9670
Lounge,2,Inst_1_test_IMG_3840,1.2,571536,12502,7974,7406
Lounge,2,Inst_1_test_IMG_3840,1.4,571536,12502,2876,2839
Lounge,3,Inst_1_test_IMG_3842,0.1,571536,10194,479799,10194
Lounge,3,Inst_1_test_IMG_3842,0.2,571536,10194,184861,10194
Lounge,3,Inst_1_test_IMG_3842,0.3,571536,10194,68751,10191
Lounge,3,Inst_1_test_IMG_3842,0.4,571536,10194,39985,10181
Lounge,3,Inst_1_test_IMG_3842,0.5,571536,10194,30217,10157
Lounge,3,Inst_1_test_IMG_3842,0.6,571536,10194,24108,10105
Lounge,3,Inst_1_test_IMG_3842,0.7,571536,10194,19511,9964
Lounge,3,Inst_1_test_IMG_3842,0.8,571536,10194,15864,9655
Lounge,3,Inst_1_test_IMG_3842,0.9,571536,10194,12857,9025
Lounge,3,Inst_1_test_IMG_3842,1.0,571536,10194,10452,8104
Lounge,3,Inst_1_test_IMG_3842,1.2,571536,10194,6807,6385
Lounge,3,Inst_1_test_IMG_3842,1.4,571536,10194,3435,3414
Lounge,4,Inst_1_test_IMG_3846,0.1,571536,6248,537139,6248
Lounge,4,Inst_1_test_IMG_3846,0.2,571536,6248,356338,6247
Lounge,4,Inst_1_test_IMG_3846,0.3,571536,6248,185640,6228
Lounge,4,Inst_1_test_IMG_3846,0.4,571536,6248,97794,6204
Lounge,4,Inst_1_test_IMG_3846,0.5,571536,6248,57708,6159
Lounge,4,Inst_1_test_IMG_3846,0.6,571536,6248,36174,6103
Lounge,4,Inst_1_test_IMG_3846,0.7,571536,6248,23057,5990
Lounge,4,Inst_1_test_IMG_3846,0.8,571536,6248,15433,5822
Lounge,4,Inst_1_test_IMG_3846,0.9,571536,6248,11108,5641
Lounge,4,Inst_1_test_IMG_3846,1.0,571536,6248,8587,5417
Lounge,4,Inst_1_test_IMG_3846,1.2,571536,6248,5626,4719
Lounge,4,Inst_1_test_IMG_3846,1.4,571536,6248,3169,3110
Lounge,5,Inst_1_test_IMG_3851,0.1,571536,9077,496719,9077
Lounge,5,Inst_1_test_IMG_3851,0.2,571536,9077,302697,9077
Lounge,5,Inst_1_test_IMG_3851,0.3,571536,9077,185556,9077
Lounge,5,Inst_1_test_IMG_3851,0.4,571536,9077,124345,9076
Lounge,5,Inst_1_test_IMG_3851,0.5,571536,9077,83614,9063
Lounge,5,Inst_1_test_IMG_3851,0.6,571536,9077,59245,9039
Lounge,5,Inst_1_test_IMG_3851,0.7,571536,9077,38522,8962
Lounge,5,Inst_1_test_IMG_3851,0.8,571536,9077,23524,8686
Lounge,5,Inst_1_test_IMG_3851,0.9,571536,9077,15570,8173
Lounge,5,Inst_1_test_IMG_3851,1.0,571536,9077,11416,7524
Lounge,5,Inst_1_test_IMG_3851,1.2,571536,9077,6820,6024
Lounge,5,Inst_1_test_IMG_3851,1.4,571536,9077,4043,3955
Lounge,6,Inst_1_test_IMG_3852,0.1,571536,10683,494780,10683
Lounge,6,Inst_1_test_IMG_3852,0.2,571536,10683,296213,10683
Lounge,6,Inst_1_test_IMG_3852,0.3,571536,10683,177620,10683
Lounge,6,Inst_1_test_IMG_3852,0.4,571536,10683,111160,10676
Lounge,6,Inst_1_test_IMG_3852,0.5,571536,10683,70740,10659
Lounge,6,Inst_1_test_IMG_3852,0.6,571536,10683,45682,10611
Lounge,6,Inst_1_test_IMG_3852,0.7,571536,10683,28831,10489
Lounge,6,Inst_1_test_IMG_3852,0.8,571536,10683,19832,10090
Lounge,6,Inst_1_test_IMG_3852,0.9,571536,10683,14665,9523
Lounge,6,Inst_1_test_IMG_3852,1.0,571536,10683,11300,8657
Lounge,6,Inst_1_test_IMG_3852,1.2,571536,10683,6984,6547
Lounge,6,Inst_1_test_IMG_3852,1.4,571536,10683,3752,3730
Lounge,7,Inst_1_test_IMG_3853,0.1,571536,11099,505999,11099
Lounge,7,Inst_1_test_IMG_3853,0.2,571536,11099,282029,11099
Lounge,7,Inst_1_test_IMG_3853,0.3,571536,11099,152372,11099
Lounge,7,Inst_1_test_IMG_3853,0.4,571536,11099,88676,11099
Lounge,7,Inst_1_test_IMG_3853,0.5,571536,11099,55133,11084
Lounge,7,Inst_1_test_IMG_3853,0.6,571536,11099,37220,11014
Lounge,7,Inst_1_test_IMG_3853,0.7,571536,11099,27555,10770
Lounge,7,Inst_1_test_IMG_3853,0.8,571536,11099,21105,10239
Lounge,7,Inst_1_test_IMG_3853,0.9,571536,11099,16683,9736
Lounge,7,Inst_1_test_IMG_3853,1.0,571536,11099,13310,9259
Lounge,7,Inst_1_test_IMG_3853,1.2,571536,11099,8570,7659
Lounge,7,Inst_1_test_IMG_3853,1.4,571536,11099,5084,4910
Lounge,8,Inst_1_test_IMG_3854,0.1,571536,10861,524397,10861
Lounge,8,Inst_1_test_IMG_3854,0.2,571536,10861,292191,10861
Lounge,8,Inst_1_test_IMG_3854,0.3,571536,10861,147981,10861
Lounge,8,Inst_1_test_IMG_3854,0.4,571536,10861,82606,10861
Lounge,8,Inst_1_test_IMG_3854,0.5,571536,10861,52418,10834
Lounge,8,Inst_1_test_IMG_3854,0.6,571536,10861,35475,10740
Lounge,8,Inst_1_test_IMG_3854,0.7,571536,10861,24443,10378
Lounge,8,Inst_1_test_IMG_3854,0.8,571536,10861,17445,9686
Lounge,8,Inst_1_test_IMG_3854,0.9,571536,10861,13048,9078
Lounge,8,Inst_1_test_IMG_3854,1.0,571536,10861,10177,8301
Lounge,8,Inst_1_test_IMG_3854,1.2,571536,10861,6164,5782
Lounge,8,Inst_1_test_IMG_3854,1.4,571536,10861,2070,1974
Lounge,9,Inst_1_test_IMG_3858,0.1,571536,10251,454888,10251
Lounge,9,Inst_1_test_IMG_3858,0.2,571536,10251,198838,10251
Lounge,9,Inst_1_test_IMG_3858,0.3,571536,10251,81958,10251
Lounge,9,Inst_1_test_IMG_3858,0.4,571536,10251,36253,10210
Lounge,9,Inst_1_test_IMG_3858,0.5,571536,10251,23070,10067
Lounge,9,Inst_1_test_IMG_3858,0.6,571536,10251,17375,9778
Lounge,9,Inst_1_test_IMG_3858,0.7,571536,10251,14026,9320
Lounge,9,Inst_1_test_IMG_3858,0.8,571536,10251,11734,8792
Lounge,9,Inst_1_test_IMG_3858,0.9,571536,10251,9948,8228
Lounge,9,Inst_1_test_IMG_3858,1.0,571536,10251,8657,7619
Lounge,9,Inst_1_test_IMG_3858,1.2,571536,10251,6535,6367
Lounge,9,Inst_1_test_IMG_3858,1.4,571536,10251,2748,2724
Lounge,10,Inst_1_test_IMG_3859,0.1,571536,8144,470906,8144
Lounge,10,Inst_1_test_IMG_3859,0.2,571536,8144,190195,8144
Lounge,10,Inst_1_test_IMG_3859,0.3,571536,8144,64057,8144
Lounge,10,Inst_1_test_IMG_3859,0.4,571536,8144,29388,8128
Lounge,10,Inst_1_test_IMG_3859,0.5,571536,8144,19280,8072
Lounge,10,Inst_1_test_IMG_3859,0.6,571536,8144,14800,7956
Lounge,10,Inst_1_test_IMG_3859,0.7,571536,8144,12078,7648
Lounge,10,Inst_1_test_IMG_3859,0.8,571536,8144,10055,7278
Lounge,10,Inst_1_test_IMG_3859,0.9,571536,8144,8401,6820
Lounge,10,Inst_1_test_IMG_3859,1.0,571536,8144,6873,6104
Lounge,10,Inst_1_test_IMG_3859,1.2,571536,8144,4330,4270
Lounge,10,Inst_1_test_IMG_3859,1.4,571536,8144,2195,2186
Lounge,11,Inst_1_test_IMG_3860,0.1,571536,8336,513132,8336
Lounge,11,Inst_1_test_IMG_3860,0.2,571536,8336,214799,8336
Lounge,11,Inst_1_test_IMG_3860,0.3,571536,8336,78844,8336
Lounge,11,Inst_1_test_IMG_3860,0.4,571536,8336,38801,8334
Lounge,11,Inst_1_test_IMG_3860,0.5,571536,8336,25890,8296
Lounge,11,Inst_1_test_IMG_3860,0.6,571536,8336,19372,8229
Lounge,11,Inst_1_test_IMG_3860,0.7,571536,8336,15172,8062
Lounge,11,Inst_1_test_IMG_3860,0.8,571536,8336,11988,7625
Lounge,11,Inst_1_test_IMG_3860,0.9,571536,8336,9317,7005
Lounge,11,Inst_1_test_IMG_3860,1.0,571536,8336,7154,6151
Lounge,11,Inst_1_test_IMG_3860,1.2,571536,8336,4176,4013
Lounge,11,Inst_1_test_IMG_3860,1.4,571536,8336,1685,1676
Lounge,12,Inst_1_test_IMG_3861,0.1,571536,10586,519419,10586
Lounge,12,Inst_1_test_IMG_3861,0.2,571536,10586,238367,10586
Lounge,12,Inst_1_test_IMG_3861,0.3,571536,10586,93943,10586
Lounge,12,Inst_1_test_IMG_3861,0.4,571536,10586,46218,10582
Lounge,12,Inst_1_test_IMG_3861,0.5,571536,10586,30937,10570
Lounge,12,Inst_1_test_IMG_3861,0.6,571536,10586,24610,10531
Lounge,12,Inst_1_test_IMG_3861,0.7,571536,10586,19540,10352
Lounge,12,Inst_1_test_IMG_3861,0.8,571536,10586,15531,9943
Lounge,12,Inst_1_test_IMG_3861,0.9,571536,10586,12344,9257
Lounge,12,Inst_1_test_IMG_3861,1.0,571536,10586,9989,8241
Lounge,12,Inst_1_test_IMG_3861,1.2,571536,10586,6226,5878
Lounge,12,Inst_1_test_IMG_3861,1.4,571536,10586,2528,2500
Lounge,13,Inst_1_test_IMG_3862,0.1,571536,9504,517955,9504
Lounge,13,Inst_1_test_IMG_3862,0.2,571536,9504,268710,9504
Lounge,13,Inst_1_test_IMG_3862,0.3,571536,9504,106744,9504
Lounge,13,Inst_1_test_IMG_3862,0.4,571536,9504,49967,9504
Lounge,13,Inst_1_test_IMG_3862,0.5,571536,9504,33033,9495
Lounge,13,Inst_1_test_IMG_3862,0.6,571536,9504,25544,9466
Lounge,13,Inst_1_test_IMG_3862,0.7,571536,9504,20924,9405
Lounge,13,Inst_1_test_IMG_3862,0.8,571536,9504,16814,9120
Lounge,13,Inst_1_test_IMG_3862,0.9,571536,9504,13384,8657
Lounge,13,Inst_1_test_IMG_3862,1.0,571536,9504,10595,7888
Lounge,13,Inst_1_test_IMG_3862,1.2,571536,9504,6650,6030
Lounge,13,Inst_1_test_IMG_3862,1.4,571536,9504,3830,3749
Lounge,14,Inst_1_test_IMG_3863,0.1,571536,8695,464709,8695
Lounge,14,Inst_1_test_IMG_3863,0.2,571536,8695,178089,8695
Lounge,14,Inst_1_test_IMG_3863,0.3,571536,8695,56147,8694
Lounge,14,Inst_1_test_IMG_3863,0.4,571536,8695,32391,8687
Lounge,14,Inst_1_test_IMG_3863,0.5,571536,8695,24240,8664
Lounge,14,Inst_1_test_IMG_3863,0.6,571536,8695,19359,8614
Lounge,14,Inst_1_test_IMG_3863,0.7,571536,8695,15752,8424
Lounge,14,Inst_1_test_IMG_3863,0.8,571536,8695,12819,8137
Lounge,14,Inst_1_test_IMG_3863,0.9,571536,8695,10294,7550
Lounge,14,Inst_1_test_IMG_3863,1.0,571536,8695,8296,6765
Lounge,14,Inst_1_test_IMG_3863,1.2,571536,8695,5624,5331
Lounge,14,Inst_1_test_IMG_3863,1.4,571536,8695,2806,2789
Lounge,15,Inst_1_test_IMG_3864,0.1,571536,7801,470382,7801
Lounge,15,Inst_1_test_IMG_3864,0.2,571536,7801,252961,7800
Lounge,15,Inst_1_test_IMG_3864,0.3,571536,7801,103159,7794
Lounge,15,Inst_1_test_IMG_3864,0.4,571536,7801,49397,7781
Lounge,15,Inst_1_test_IMG_3864,0.5,571536,7801,29135,7724
Lounge,15,Inst_1_test_IMG_3864,0.6,571536,7801,21011,7634
Lounge,15,Inst_1_test_IMG_3864,0.7,571536,7801,16132,7497
Lounge,15,Inst_1_test_IMG_3864,0.8,571536,7801,12580,7307
Lounge,15,Inst_1_test_IMG_3864,0.9,571536,7801,10080,6946
Lounge,15,Inst_1_test_IMG_3864,1.0,571536,7801,8181,6294
Lounge,15,Inst_1_test_IMG_3864,1.2,571536,7801,5249,4901
Lounge,15,Inst_1_test_IMG_3864,1.4,571536,7801,2487,2471
Lounge,16,Inst_1_test_IMG_3868,0.1,571536,5907,544635,5907
Lounge,16,Inst_1_test_IMG_3868,0.2,571536,5907,386842,5907
Lounge,16,Inst_1_test_IMG_3868,0.3,571536,5907,235705,5885
Lounge,16,Inst_1_test_IMG_3868,0.4,571536,5907,137548,5861
Lounge,16,Inst_1_test_IMG_3868,0.5,571536,5907,90484,5831
Lounge,16,Inst_1_test_IMG_3868,0.6,571536,5907,65308,5787
Lounge,16,Inst_1_test_IMG_3868,0.7,571536,5907,47578,5719
Lounge,16,Inst_1_test_IMG_3868,0.8,571536,5907,34948,5546
Lounge,16,Inst_1_test_IMG_3868,0.9,571536,5907,25306,5342
Lounge,16,Inst_1_test_IMG_3868,1.0,571536,5907,17769,4996
Lounge,16,Inst_1_test_IMG_3868,1.2,571536,5907,7864,4326
Lounge,16,Inst_1_test_IMG_3868,1.4,571536,5907,3966,2998
Lounge,17,Inst_1_test_IMG_3871,0.1,571536,7850,469135,7850
Lounge,17,Inst_1_test_IMG_3871,0.2,571536,7850,239557,7850
Lounge,17,Inst_1_test_IMG_3871,0.3,571536,7850,127590,7850
Lounge,17,Inst_1_test_IMG_3871,0.4,571536,7850,84807,7840
Lounge,17,Inst_1_test_IMG_3871,0.5,571536,7850,53625,7799
Lounge,17,Inst_1_test_IMG_3871,0.6,571536,7850,34074,7723
Lounge,17,Inst_1_test_IMG_3871,0.7,571536,7850,23050,7610
Lounge,17,Inst_1_test_IMG_3871,0.8,571536,7850,16315,7462
Lounge,17,Inst_1_test_IMG_3871,0.9,571536,7850,12344,7307
Lounge,17,Inst_1_test_IMG_3871,1.0,571536,7850,9805,6891
Lounge,17,Inst_1_test_IMG_3871,1.2,571536,7850,6373,5524
Lounge,17,Inst_1_test_IMG_3871,1.4,571536,7850,4220,4171
Lounge,18,Inst_1_test_IMG_3872,0.1,571536,8882,525721,8882
Lounge,18,Inst_1_test_IMG_3872,0.2,571536,8882,301400,8882
Lounge,18,Inst_1_test_IMG_3872,0.3,571536,8882,175788,8882
Lounge,18,Inst_1_test_IMG_3872,0.4,571536,8882,117676,8882
Lounge,18,Inst_1_test_IMG_3872,0.5,571536,8882,75064,8863
Lounge,18,Inst_1_test_IMG_3872,0.6,571536,8882,47004,8814
Lounge,18,Inst_1_test_IMG_3872,0.7,571536,8882,28954,8688
Lounge,18,Inst_1_test_IMG_3872,0.8,571536,8882,19652,8490
Lounge,18,Inst_1_test_IMG_3872,0.9,571536,8882,14512,8174
Lounge,18,Inst_1_test_IMG_3872,1.0,571536,8882,10771,7438
Lounge,18,Inst_1_test_IMG_3872,1.2,571536,8882,6661,6019
Lounge,18,Inst_1_test_IMG_3872,1.4,571536,8882,3774,3743
Lounge,19,Inst_1_test_IMG_3874,0.1,571536,10773,495670,10773
Lounge,19,Inst_1_test_IMG_3874,0.2,571536,10773,243930,10773
Lounge,19,Inst_1_test_IMG_3874,0.3,571536,10773,125972,10773
Lounge,19,Inst_1_test_IMG_3874,0.4,571536,10773,75746,10773
Lounge,19,Inst_1_test_IMG_3874,0.5,571536,10773,50119,10760
Lounge,19,Inst_1_test_IMG_3874,0.6,571536,10773,34516,10721
Lounge,19,Inst_1_test_IMG_3874,0.7,571536,10773,24465,10596
Lounge,19,Inst_1_test_IMG_3874,0.8,571536,10773,17581,10241
Lounge,19,Inst_1_test_IMG_3874,0.9,571536,10773,13654,9551
Lounge,19,Inst_1_test_IMG_3874,1.0,571536,10773,10801,8686
Lounge,19,Inst_1_test_IMG_3874,1.2,571536,10773,7309,6910
Lounge,19,Inst_1_test_IMG_3874,1.4,571536,10773,3121,3110
Lounge,20,Inst_1_test_IMG_3877,0.1,571536,8662,463071,8662
Lounge,20,Inst_1_test_IMG_3877,0.2,571536,8662,198178,8662
Lounge,20,Inst_1_test_IMG_3877,0.3,571536,8662,85255,8662
Lounge,20,Inst_1_test_IMG_3877,0.4,571536,8662,44813,8645
Lounge,20,Inst_1_test_IMG_3877,0.5,571536,8662,26795,8574
Lounge,20,Inst_1_test_IMG_3877,0.6,571536,8662,17507,8369
Lounge,20,Inst_1_test_IMG_3877,0.7,571536,8662,13484,7945
Lounge,20,Inst_1_test_IMG_3877,0.8,571536,8662,10898,7506
Lounge,20,Inst_1_test_IMG_3877,0.9,571536,8662,8819,6960
Lounge,20,Inst_1_test_IMG_3877,1.0,571536,8662,7338,6323
Lounge,20,Inst_1_test_IMG_3877,1.2,571536,8662,4429,4283
Lounge,20,Inst_1_test_IMG_3877,1.4,571536,8662,2440,2423
Lounge,21,Inst_1_test_IMG_3878,0.1,571536,14737,483348,14737
Lounge,21,Inst_1_test_IMG_3878,0.2,571536,14737,311611,14737
Lounge,21,Inst_1_test_IMG_3878,0.3,571536,14737,188534,14737
Lounge,21,Inst_1_test_IMG_3878,0.4,571536,14737,124549,14725
Lounge,21,Inst_1_test_IMG_3878,0.5,571536,14737,87697,14704
Lounge,21,Inst_1_test_IMG_3878,0.6,571536,14737,60389,14518
Lounge,21,Inst_1_test_IMG_3878,0.7,571536,14737,42252,13976
Lounge,21,Inst_1_test_IMG_3878,0.8,571536,14737,31028,13340
Lounge,21,Inst_1_test_IMG_3878,0.9,571536,14737,23155,12757
Lounge,21,Inst_1_test_IMG_3878,1.0,571536,14737,18040,11952
Lounge,21,Inst_1_test_IMG_3878,1.2,571536,14737,10459,8591
Lounge,21,Inst_1_test_IMG_3878,1.4,571536,14737,2777,2649
Lounge,22,Inst_1_test_IMG_3880,0.1,571536,9988,550876,9988
Lounge,22,Inst_1_test_IMG_3880,0.2,571536,9988,450934,9988
Lounge,22,Inst_1_test_IMG_3880,0.3,571536,9988,309153,9988
Lounge,22,Inst_1_test_IMG_3880,0.4,571536,9988,201725,9988
Lounge,22,Inst_1_test_IMG_3880,0.5,571536,9988,139679,9979
Lounge,22,Inst_1_test_IMG_3880,0.6,571536,9988,95650,9879
Lounge,22,Inst_1_test_IMG_3880,0.7,571536,9988,66223,9585
Lounge,22,Inst_1_test_IMG_3880,0.8,571536,9988,45413,9135
Lounge,22,Inst_1_test_IMG_3880,0.9,571536,9988,30780,8806
Lounge,22,Inst_1_test_IMG_3880,1.0,571536,9988,21148,8341
Lounge,22,Inst_1_test_IMG_3880,1.2,571536,9988,9073,6836
Lounge,22,Inst_1_test_IMG_3880,1.4,571536,9988,3471,3355
Lounge,23,Inst_1_test_IMG_3881,0.1,571536,8235,510621,8235
Lounge,23,Inst_1_test_IMG_3881,0.2,571536,8235,227247,8235
Lounge,23,Inst_1_test_IMG_3881,0.3,571536,8235,83619,8235
Lounge,23,Inst_1_test_IMG_3881,0.4,571536,8235,40612,8216
Lounge,23,Inst_1_test_IMG_3881,0.5,571536,8235,25236,8161
Lounge,23,Inst_1_test_IMG_3881,0.6,571536,8235,18106,8033
Lounge,23,Inst_1_test_IMG_3881,0.7,571536,8235,13585,7790
Lounge,23,Inst_1_test_IMG_3881,0.8,571536,8235,10451,7213
Lounge,23,Inst_1_test_IMG_3881,0.9,571536,8235,8484,6681
Lounge,23,Inst_1_test_IMG_3881,1.0,571536,8235,6865,6010
Lounge,23,Inst_1_test_IMG_3881,1.2,571536,8235,4104,3999
Lounge,23,Inst_1_test_IMG_3881,1.4,571536,8235,1696,1675
Lounge,24,Inst_1_test_IMG_3882,0.1,571536,16538,524842,16538
Lounge,24,Inst_1_test_IMG_3882,0.2,571536,16538,332131,16538
Lounge,24,Inst_1_test_IMG_3882,0.3,571536,16538,205831,16538
Lounge,24,Inst_1_test_IMG_3882,0.4,571536,16538,130795,16536
Lounge,24,Inst_1_test_IMG_3882,0.5,571536,16538,87641,16496
Lounge,24,Inst_1_test_IMG_3882,0.6,571536,16538,56779,16327
Lounge,24,Inst_1_test_IMG_3882,0.7,571536,16538,36483,15887
Lounge,24,Inst_1_test_IMG_3882,0.8,571536,16538,23892,14866
Lounge,24,Inst_1_test_IMG_3882,0.9,571536,16538,17975,13787
Lounge,24,Inst_1_test_IMG_3882,1.0,571536,16538,13892,11989
Lounge,24,Inst_1_test_IMG_3882,1.2,571536,16538,9111,8855
Lounge,24,Inst_1_test_IMG_3882,1.4,571536,16538,2024,2010
Lunch_room,0,Inst_1_test_IMG_3508,0.1,572544,5427,522802,5427
Lunch_room,0,Inst_1_test_IMG_3508,0.2,572544,5427,354972,5427
Lunch_room,0,Inst_1_test_IMG_3508,0.3,572544,5427,215616,5415
Lunch_room,0,Inst_1_test_IMG_3508,0.4,572544,5427,122375,5390
Lunch_room,0,Inst_1_test_IMG_3508,0.5,572544,5427,56911,5284
Lunch_room,0,Inst_1_test_IMG_3508,0.6,572544,5427,23616,5163
Lunch_room,0,Inst_1_test_IMG_3508,0.7,572544,5427,12681,5020
Lunch_room,0,Inst_1_test_IMG_3508,0.8,572544,5427,9469,4870
Lunch_room,0,Inst_1_test_IMG_3508,0.9,572544,5427,7776,4611
Lunch_room,0,Inst_1_test_IMG_3508,1.0,572544,5427,6533,4333
Lunch_room,0,Inst_1_test_IMG_3508,1.2,572544,5427,4477,3546
Lunch_room,0,Inst_1_test_IMG_3508,1.4,572544,5427,1533,1430
Lunch_room,1,Inst_1_test_IMG_3509,0.1,572544,8330,532710,8330
Lunch_room,1,Inst_1_test_IMG_3509,0.2,572544,8330,360371,8330
Lunch_room,1,Inst_1_test_IMG_3509,0.3,572544,8330,230653,8313
Lunch_room,1,Inst_1_test_IMG_3509,0.4,572544,8330,147287,8215
Lunch_room,1,Inst_1_test_IMG_3509,0.5,572544,8330,79207,8110
Lunch_room,1,Inst_1_test_IMG_3509,0.6,572544,8330,38411,7941
Lunch_room,1,Inst_1_test_IMG_3509,0.7,572544,8330,19861,7820
Lunch_room,1,Inst_1_test_IMG_3509,0.8,572544,8330,12494,7546
Lunch_room,1,Inst_1_test_IMG_3509,0.9,572544,8330,9074,6594
Lunch_room,1,Inst_1_test_IMG_3509,1.0,572544,8330,7365,5834
Lunch_room,1,Inst_1_test_IMG_3509,1.2,572544,8330,4405,3972
Lunch_room,1,Inst_1_test_IMG_3509,1.4,572544,8330,1850,1839
Lunch_room,2,Inst_1_test_IMG_3510,0.1,572544,7795,536381,7795
Lunch_room,2,Inst_1_test_IMG_3510,0.2,572544,7795,384823,7795
Lunch_room,2,Inst_1_test_IMG_3510,0.3,572544,7795,242755,7783
Lunch_room,2,Inst_1_test_IMG_3510,0.4,572544,7795,162172,7711
Lunch_room,2,Inst_1_test_IMG_3510,0.5,572544,7795,99541,7554
Lunch_room,2,Inst_1_test_IMG_3510,0.6,572544,7795,53507,7400
Lunch_room,2,Inst_1_test_IMG_3510,0.7,572544,7795,26751,7045
Lunch_room,2,Inst_1_test_IMG_3510,0.8,572544,7795,14236,6343
Lunch_room,2,Inst_1_test_IMG_3510,0.9,572544,7795,9634,5777
Lunch_room,2,Inst_1_test_IMG_3510,1.0,572544,7795,7334,5071
Lunch_room,2,Inst_1_test_IMG_3510,1.2,572544,7795,4331,3617
Lunch_room,2,Inst_1_test_IMG_3510,1.4,572544,7795,1715,1639
Lunch_room,3,Inst_1_test_IMG_3513,0.1,572544,3735,526948,3735
Lunch_room,3,Inst_1_test_IMG_3513,0.2,572544,3735,394755,3735
Lunch_room,3,Inst_1_test_IMG_3513,0.3,572544,3735,248937,3734
Lunch_room,3,Inst_1_test_IMG_3513,0.4,572544,3735,142106,3702
Lunch_room,3,Inst_1_test_IMG_3513,0.5,572544,3735,74571,3604
Lunch_room,3,Inst_1_test_IMG_3513,0.6,572544,3735,34528,3473
Lunch_room,3,Inst_1_test_IMG_3513,0.7,572544,3735,15387,3359
Lunch_room,3,Inst_1_test_IMG_3513,0.8,572544,3735,9594,3259
Lunch_room,3,Inst_1_test_IMG_3513,0.9,572544,3735,6628,3100
Lunch_room,3,Inst_1_test_IMG_3513,1.0,572544,3735,4882,2845
Lunch_room,3,Inst_1_test_IMG_3513,1.2,572544,3735,2498,1990
Lunch_room,3,Inst_1_test_IMG_3513,1.4,572544,3735,483,466
Lunch_room,4,Inst_1_test_IMG_3514,0.1,572544,4210,543452,4210
Lunch_room,4,Inst_1_test_IMG_3514,0.2,572544,4210,471160,4210
Lunch_room,4,Inst_1_test_IMG_3514,0.3,572544,4210,357141,4078
Lunch_room,4,Inst_1_test_IMG_3514,0.4,572544,4210,234547,3788
Lunch_room,4,Inst_1_test_IMG_3514,0.5,572544,4210,148132,3355
Lunch_room,4,Inst_1_test_IMG_3514,0.6,572544,4210,92019,2757
Lunch_room,4,Inst_1_test_IMG_3514,0.7,572544,4210,57811,2093
Lunch_room,4,Inst_1_test_IMG_3514,0.8,572544,4210,36134,1730
Lunch_room,4,Inst_1_test_IMG_3514,0.9,572544,4210,23798,1487
Lunch_room,4,Inst_1_test_IMG_3514,1.0,572544,4210,16404,1298
Lunch_room,4,Inst_1_test_IMG_3514,1.2,572544,4210,7551,800
Lunch_room,4,Inst_1_test_IMG_3514,1.4,572544,4210,2605,182
Lunch_room,5,Inst_1_test_IMG_3515,0.1,572544,11944,515930,11944
Lunch_room,5,Inst_1_test_IMG_3515,0.2,572544,11944,391782,11944
Lunch_room,5,Inst_1_test_IMG_3515,0.3,572544,11944,273548,11940
Lunch_room,5,Inst_1_test_IMG_3515,0.4,572544,11944,190567,11911
Lunch_room,5,Inst_1_test_IMG_3515,0.5,572544,11944,127967,11851
Lunch_room,5,Inst_1_test_IMG_3515,0.6,572544,11944,80491,11693
Lunch_room,5,Inst_1_test_IMG_3515,0.7,572544,11944,45991,10747
Lunch_room,5,Inst_1_test_IMG_3515,0.8,572544,11944,26183,8746
Lunch_room,5,Inst_1_test_IMG_3515,0.9,572544,11944,15760,7006
Lunch_room,5,Inst_1_test_IMG_3515,1.0,572544,11944,9749,5012
Lunch_room,5,Inst_1_test_IMG_3515,1.2,572544,11944,3424,2444
Lunch_room,5,Inst_1_test_IMG_3515,1.4,572544,11944,1479,1330
Lunch_room,6,Inst_1_test_IMG_3516,0.1,572544,5949,518243,5949
Lunch_room,6,Inst_1_test_IMG_3516,0.2,572544,5949,369343,5949
Lunch_room,6,Inst_1_test_IMG_3516,0.3,572544,5949,251470,5922
Lunch_room,6,Inst_1_test_IMG_3516,0.4,572544,5949,160913,5862
Lunch_room,6,Inst_1_test_IMG_3516,0.5,572544,5949,93336,5761
Lunch_room,6,Inst_1_test_IMG_3516,0.6,572544,5949,47352,5654
Lunch_room,6,Inst_1_test_IMG_3516,0.7,572544,5949,22017,5478
Lunch_room,6,Inst_1_test_IMG_3516,0.8,572544,5949,12009,5281
Lunch_room,6,Inst_1_test_IMG_3516,0.9,572544,5949,7702,4894
Lunch_room,6,Inst_1_test_IMG_3516,1.0,572544,5949,5694,4505
Lunch_room,6,Inst_1_test_IMG_3516,1.2,572544,5949,4065,3898
Lunch_room,6,Inst_1_test_IMG_3516,1.4,572544,5949,2866,2845
Lunch_room,7,Inst_1_test_IMG_3517,0.1,572544,988,500029,988
Lunch_room,7,Inst_1_test_IMG_3517,0.2,572544,988,321969,988
Lunch_room,7,Inst_1_test_IMG_3517,0.3,572544,988,212258,988
Lunch_room,7,Inst_1_test_IMG_3517,0.4,572544,988,118551,972
Lunch_room,7,Inst_1_test_IMG_3517,0.5,572544,988,60713,941
Lunch_room,7,Inst_1_test_IMG_3517,0.6,572544,988,29455,900
Lunch_room,7,Inst_1_test_IMG_3517,0.7,572544,988,14106,826
Lunch_room,7,Inst_1_test_IMG_3517,0.8,572544,988,7029,767
Lunch_room,7,Inst_1_test_IMG_3517,0.9,572544,988,3463,723
Lunch_room,7,Inst_1_test_IMG_3517,1.0,572544,988,2102,675
Lunch_room,7,Inst_1_test_IMG_3517,1.2,572544,988,796,476
Lunch_room,7,Inst_1_test_IMG_3517,1.4,572544,988,165,123
Lunch_room,8,Inst_1_test_IMG_3518,0.1,572544,5763,516294,5763
Lunch_room,8,Inst_1_test_IMG_3518,0.2,572544,5763,373693,5763
Lunch_room,8,Inst_1_test_IMG_3518,0.3,572544,5763,264189,5682
Lunch_room,8,Inst_1_test_IMG_3518,0.4,572544,5763,181009,5573
Lunch_room,8,Inst_1_test_IMG_3518,0.5,572544,5763,94740,5500
Lunch_room,8,Inst_1_test_IMG_3518,0.6,572544,5763,37839,5431
Lunch_room,8,Inst_1_test_IMG_3518,0.7,572544,5763,18815,5370
Lunch_room,8,Inst_1_test_IMG_3518,0.8,572544,5763,11982,5283
Lunch_room,8,Inst_1_test_IMG_3518,0.9,572544,5763,8707,5113
Lunch_room,8,Inst_1_test_IMG_3518,1.0,572544,5763,7008,4903
Lunch_room,8,Inst_1_test_IMG_3518,1.2,572544,5763,4743,4023
Lunch_room,8,Inst_1_test_IMG_3518,1.4,572544,5763,1316,1086
Lunch_room,9,Inst_1_test_IMG_3519,0.1,572544,4835,474123,4835
Lunch_room,9,Inst_1_test_IMG_3519,0.2,572544,4835,326291,4777
Lunch_room,9,Inst_1_test_IMG_3519,0.3,572544,4835,186295,4735
Lunch_room,9,Inst_1_test_IMG_3519,0.4,572544,4835,99226,4665
Lunch_room,9,Inst_1_test_IMG_3519,0.5,572544,4835,56421,4578
Lunch_room,9,Inst_1_test_IMG_3519,0.6,572544,4835,32995,4481
Lunch_room,9,Inst_1_test_IMG_3519,0.7,572544,4835,19095,4406
Lunch_room,9,Inst_1_test_IMG_3519,0.8,572544,4835,11688,4211
Lunch_room,9,Inst_1_test_IMG_3519,0.9,572544,4835,8171,4067
Lunch_room,9,Inst_1_test_IMG_3519,1.0,572544,4835,6291,3866
Lunch_room,9,Inst_1_test_IMG_3519,1.2,572544,4835,3314,2768
Lunch_room,9,Inst_1_test_IMG_3519,1.4,572544,4835,950,941
Lunch_room,10,Inst_1_test_IMG_3520,0.1,572544,11656,459109,11656
Lunch_room,10,Inst_1_test_IMG_3520,0.2,572544,11656,260021,11604
Lunch_room,10,Inst_1_test_IMG_3520,0.3,572544,11656,120851,11228
Lunch_room,10,Inst_1_test_IMG_3520,0.4,572544,11656,57663,10084
Lunch_room,10,Inst_1_test_IMG_3520,0.5,572544,11656,30755,8604
Lunch_room,10,Inst_1_test_IMG_3520,0.6,572544,11656,19232,7457
Lunch_room,10,Inst_1_test_IMG_3520,0.7,572544,11656,14139,6767
Lunch_room,10,Inst_1_test_IMG_3520,0.8,572544,11656,11099,6168
Lunch_room,10,Inst_1_test_IMG_3520,0.9,572544,11656,9174,5595
Lunch_room,10,Inst_1_test_IMG_3520,1.0,572544,11656,7534,4956
Lunch_room,10,Inst_1_test_IMG_3520,1.2,572544,11656,4859,3851
Lunch_room,10,Inst_1_test_IMG_3520,1.4,572544,11656,1004,953
Lunch_room,11,Inst_1_test_IMG_3521,0.1,572544,25468,492281,25468
Lunch_room,11,Inst_1_test_IMG_3521,0.2,572544,25468,320762,25446
Lunch_room,11,Inst_1_test_IMG_3521,0.3,572544,25468,176581,25393
Lunch_room,11,Inst_1_test_IMG_3521,0.4,572544,25468,107230,25332
Lunch_room,11,Inst_1_test_IMG_3521,0.5,572544,25468,71095,25279
Lunch_room,11,Inst_1_test_IMG_3521,0.6,572544,25468,53438,25223
Lunch_room,11,Inst_1_test_IMG_3521,0.7,572544,25468,43085,24342
Lunch_room,11,Inst_1_test_IMG_3521,0.8,572544,25468,34965,22180
Lunch_room,11,Inst_1_test_IMG_3521,0.9,572544,25468,29574,21078
Lunch_room,11,Inst_1_test_IMG_3521,1.0,572544,25468,25268,20023
Lunch_room,11,Inst_1_test_IMG_3521,1.2,572544,25468,17542,15672
Lunch_room,11,Inst_1_test_IMG_3521,1.4,572544,25468,8505,8177
Lunch_room,12,Inst_1_test_IMG_3522,0.1,572544,28032,474837,28032
Lunch_room,12,Inst_1_test_IMG_3522,0.2,572544,28032,284233,27955
Lunch_room,12,Inst_1_test_IMG_3522,0.3,572544,28032,150449,27896
Lunch_room,12,Inst_1_test_IMG_3522,0.4,572544,28032,88010,26989
Lunch_room,12,Inst_1_test_IMG_3522,0.5,572544,28032,55428,24873
Lunch_room,12,Inst_1_test_IMG_3522,0.6,572544,28032,40973,23530
Lunch_room,12,Inst_1_test_IMG_3522,0.7,572544,28032,33279,22494
Lunch_room,12,Inst_1_test_IMG_3522,0.8,572544,28032,28588,21700
Lunch_room,12,Inst_1_test_IMG_3522,0.9,572544,28032,25367,21068
Lunch_room,12,Inst_1_test_IMG_3522,1.0,572544,28032,20658,18099
Lunch_room,12,Inst_1_test_IMG_3522,1.2,572544,28032,9653,9104
Lunch_room,12,Inst_1_test_IMG_3522,1.4,572544,28032,3740,3719
Lunch_room,13,Inst_1_test_IMG_3523,0.1,572544,20428,518959,20428
Lunch_room,13,Inst_1_test_IMG_3523,0.2,572544,20428,354112,20398
Lunch_room,13,Inst_1_test_IMG_3523,0.3,572544,20428,214138,20280
Lunch_room,13,Inst_1_test_IMG_3523,0.4,572544,20428,121658,20232
Lunch_room,13,Inst_1_test_IMG_3523,0.5,572544,20428,69818,20195
Lunch_room,13,Inst_1_test_IMG_3523,0.6,572544,20428,44868,20151
Lunch_room,13,Inst_1_test_IMG_3523,0.7,572544,20428,33407,20075
Lunch_room,13,Inst_1_test_IMG_3523,0.8,572544,20428,27650,19584
Lunch_room,13,Inst_1_test_IMG_3523,0.9,572544,20428,22983,17615
Lunch_room,13,Inst_1_test_IMG_3523,1.0,572544,20428,17198,13725
Lunch_room,13,Inst_1_test_IMG_3523,1.2,572544,20428,9204,8133
Lunch_room,13,Inst_1_test_IMG_3523,1.4,572544,20428,3611,3512
Lunch_room,14,Inst_1_test_IMG_3525,0.1,572544,2134,533143,2134
Lunch_room,14,Inst_1_test_IMG_3525,0.2,572544,2134,410049,2134
Lunch_room,14,Inst_1_test_IMG_3525,0.3,572544,2134,275329,2134
Lunch_room,14,Inst_1_test_IMG_3525,0.4,572544,2134,163521,2055
Lunch_room,14,Inst_1_test_IMG_3525,0.5,572544,2134,86176,1919
Lunch_room,14,Inst_1_test_IMG_3525,0.6,572544,2134,38719,1843
Lunch_room,14,Inst_1_test_IMG_3525,0.7,572544,2134,14691,1750
Lunch_room,14,Inst_1_test_IMG_3525,0.8,572544,2134,6291,1678
Lunch_room,14,Inst_1_test_IMG_3525,0.9,572544,2134,3685,1586
Lunch_room,14,Inst_1_test_IMG_3525,1.0,572544,2134,2543,1443
Lunch_room,14,Inst_1_test_IMG_3525,1.2,572544,2134,1386,1085
Lunch_room,14,Inst_1_test_IMG_3525,1.4,572544,2134,623,597
Lunch_room,15,Inst_1_test_IMG_3526,0.1,572544,2936,529201,2936
Lunch_room,15,Inst_1_test_IMG_3526,0.2,572544,2936,416143,2909
Lunch_room,15,Inst_1_test_IMG_3526,0.3,572544,2936,301241,2857
Lunch_room,15,Inst_1_test_IMG_3526,0.4,572544,2936,208196,2751
Lunch_room,15,Inst_1_test_IMG_3526,0.5,572544,2936,122301,2655
Lunch_room,15,Inst_1_test_IMG_3526,0.6,572544,2936,58894,2567
Lunch_room,15,Inst_1_test_IMG_3526,0.7,572544,2936,26890,2478
Lunch_room,15,Inst_1_test_IMG_3526,0.8,572544,2936,13569,2391
Lunch_room,15,Inst_1_test_IMG_3526,0.9,572544,2936,8405,2315
Lunch_room,15,Inst_1_test_IMG_3526,1.0,572544,2936,6021,2207
Lunch_room,15,Inst_1_test_IMG_3526,1.2,572544,2936,2913,1735
Lunch_room,15,Inst_1_test_IMG_3526,1.4,572544,2936,1257,1074
Lunch_room,16,Inst_1_test_IMG_3527,0.1,572544,5261,527291,5261
Lunch_room,16,Inst_1_test_IMG_3527,0.2,572544,5261,414113,5261
Lunch_room,16,Inst_1_test_IMG_3527,0.3,572544,5261,266639,5261
Lunch_room,16,Inst_1_test_IMG_3527,0.4,572544,5261,155397,5258
Lunch_room,16,Inst_1_test_IMG_3527,0.5,572544,5261,81764,5149
Lunch_room,16,Inst_1_test_IMG_3527,0.6,572544,5261,40976,4969
Lunch_room,16,Inst_1_test_IMG_3527,0.7,572544,5261,22312,4769
Lunch_room,16,Inst_1_test_IMG_3527,0.8,572544,5261,14601,4559
Lunch_room,16,Inst_1_test_IMG_3527,0.9,572544,5261,10698,4330
Lunch_room,16,Inst_1_test_IMG_3527,1.0,572544,5261,8266,4082
Lunch_room,16,Inst_1_test_IMG_3527,1.2,572544,5261,5219,3474
Lunch_room,16,Inst_1_test_IMG_3527,1.4,572544,5261,2228,1992
Lunch_room,17,Inst_1_test_IMG_3528,0.1,572544,7225,511207,7225
Lunch_room,17,Inst_1_test_IMG_3528,0.2,572544,7225,313362,7225
Lunch_room,17,Inst_1_test_IMG_3528,0.3,572544,7225,195933,7217
Lunch_room,17,Inst_1_test_IMG_3528,0.4,572544,7225,120648,7195
Lunch_room,17,Inst_1_test_IMG_3528,0.5,572544,7225,62815,7110
Lunch_room,17,Inst_1_test_IMG_3528,0.6,572544,7225,28062,7001
Lunch_room,17,Inst_1_test_IMG_3528,0.7,572544,7225,14191,6776
Lunch_room,17,Inst_1_test_IMG_3528,0.8,572544,7225,9576,6206
Lunch_room,17,Inst_1_test_IMG_3528,0.9,572544,7225,7720,5736
Lunch_room,17,Inst_1_test_IMG_3528,1.0,572544,7225,6672,5320
Lunch_room,17,Inst_1_test_IMG_3528,1.2,572544,7225,4814,4224
Lunch_room,17,Inst_1_test_IMG_3528,1.4,572544,7225,1899,1844
Lunch_room,18,Inst_1_test_IMG_3529,0.1,572544,5295,536309,5295
Lunch_room,18,Inst_1_test_IMG_3529,0.2,572544,5295,422667,5295
Lunch_room,18,Inst_1_test_IMG_3529,0.3,572544,5295,271060,5283
Lunch_room,18,Inst_1_test_IMG_3529,0.4,572544,5295,174713,5226
Lunch_room,18,Inst_1_test_IMG_3529,0.5,572544,5295,100822,5120
Lunch_room,18,Inst_1_test_IMG_3529,0.6,572544,5295,51206,4993
Lunch_room,18,Inst_1_test_IMG_3529,0.7,572544,5295,24157,4808
Lunch_room,18,Inst_1_test_IMG_3529,0.8,572544,5295,11896,4448
Lunch_room,18,Inst_1_test_IMG_3529,0.9,572544,5295,7252,4054
Lunch_room,18,Inst_1_test_IMG_3529,1.0,572544,5295,5114,3412
Lunch_room,18,Inst_1_test_IMG_3529,1.2,572544,5295,2723,2164
Lunch_room,18,Inst_1_test_IMG_3529,1.4,572544,5295,1138,1106
Lunch_room,19,Inst_1_test_IMG_3531,0.1,572544,4212,512068,4212
Lunch_room,19,Inst_1_test_IMG_3531,0.2,572544,4212,378932,4212
Lunch_room,19,Inst_1_test_IMG_3531,0.3,572544,4212,232478,4205
Lunch_room,19,Inst_1_test_IMG_3531,0.4,572544,4212,138067,4118
Lunch_room,19,Inst_1_test_IMG_3531,0.5,572544,4212,80983,3971
Lunch_room,19,Inst_1_test_IMG_3531,0.6,572544,4212,44507,3833
Lunch_room,19,Inst_1_test_IMG_3531,0.7,572544,4212,26789,3699
Lunch_room,19,Inst_1_test_IMG_3531,0.8,572544,4212,17614,3555
Lunch_room,19,Inst_1_test_IMG_3531,0.9,572544,4212,11051,3248
Lunch_room,19,Inst_1_test_IMG_3531,1.0,572544,4212,7302,2873
Lunch_room,19,Inst_1_test_IMG_3531,1.2,572544,4212,3184,1904
Lunch_room,19,Inst_1_test_IMG_3531,1.4,572544,4212,800,573
Lunch_room,20,Inst_1_test_IMG_3533,0.1,572544,10799,532471,10799
Lunch_room,20,Inst_1_test_IMG_3533,0.2,572544,10799,405111,10799
Lunch_room,20,Inst_1_test_IMG_3533,0.3,572544,10799,289234,10793
Lunch_room,20,Inst_1_test_IMG_3533,0.4,572544,10799,204443,10761
Lunch_room,20,Inst_1_test_IMG_3533,0.5,572544,10799,142827,10725
Lunch_room,20,Inst_1_test_IMG_3533,0.6,572544,10799,92280,10635
Lunch_room,20,Inst_1_test_IMG_3533,0.7,572544,10799,55178,10345
Lunch_room,20,Inst_1_test_IMG_3533,0.8,572544,10799,33225,9562
Lunch_room,20,Inst_1_test_IMG_3533,0.9,572544,10799,19221,7280
Lunch_room,20,Inst_1_test_IMG_3533,1.0,572544,10799,11025,5265
Lunch_room,20,Inst_1_test_IMG_3533,1.2,572544,10799,3859,2711
Lunch_room,20,Inst_1_test_IMG_3533,1.4,572544,10799,1669,1505
Lunch_room,21,Inst_1_test_IMG_3535,0.1,572544,11484,533908,11484
Lunch_room,21,Inst_1_test_IMG_3535,0.2,572544,11484,387633,11484
Lunch_room,21,Inst_1_test_IMG_3535,0.3,572544,11484,270710,11481
Lunch_room,21,Inst_1_test_IMG_3535,0.4,572544,11484,196110,11473
Lunch_room,21,Inst_1_test_IMG_3535,0.5,572544,11484,128634,11427
Lunch_room,21,Inst_1_test_IMG_3535,0.6,572544,11484,78296,11114
Lunch_room,21,Inst_1_test_IMG_3535,0.7,572544,11484,45577,10570
Lunch_room,21,Inst_1_test_IMG_3535,0.8,572544,11484,26611,10043
Lunch_room,21,Inst_1_test_IMG_3535,0.9,572544,11484,17194,9652
Lunch_room,21,Inst_1_test_IMG_3535,1.0,572544,11484,13198,9255
Lunch_room,21,Inst_1_test_IMG_3535,1.2,572544,11484,9499,8176
Lunch_room,21,Inst_1_test_IMG_3535,1.4,572544,11484,4903,4694
Lunch_room,22,Inst_1_test_IMG_3536,0.1,572544,17603,506533,17603
Lunch_room,22,Inst_1_test_IMG_3536,0.2,572544,17603,290123,17602
Lunch_room,22,Inst_1_test_IMG_3536,0.3,572544,17603,127844,17405
Lunch_room,22,Inst_1_test_IMG_3536,0.4,572544,17603,72744,17026
Lunch_room,22,Inst_1_test_IMG_3536,0.5,572544,17603,45912,15895
Lunch_room,22,Inst_1_test_IMG_3536,0.6,572544,17603,32005,14914
Lunch_room,22,Inst_1_test_IMG_3536,0.7,572544,17603,24219,14173
Lunch_room,22,Inst_1_test_IMG_3536,0.8,572544,17603,19788,13281
Lunch_room,22,Inst_1_test_IMG_3536,0.9,572544,17603,16172,11867
Lunch_room,22,Inst_1_test_IMG_3536,1.0,572544,17603,12829,10160
Lunch_room,22,Inst_1_test_IMG_3536,1.2,572544,17603,4812,4172
Lunch_room,22,Inst_1_test_IMG_3536,1.4,572544,17603,628,609
Lunch_room,23,Inst_1_test_IMG_3537,0.1,572544,29339,487284,29339
Lunch_room,23,Inst_1_test_IMG_3537,0.2,572544,29339,321884,29320
Lunch_room,23,Inst_1_test_IMG_3537,0.3,572544,29339,211993,29192
Lunch_room,23,Inst_1_test_IMG_3537,0.4,572544,29339,133530,29172
Lunch_room,23,Inst_1_test_IMG_3537,0.5,572544,29339,81394,29131
Lunch_room,23,Inst_1_test_IMG_3537,0.6,572544,29339,54938,28848
Lunch_room,23,Inst_1_test_IMG_3537,0.7,572544,29339,41056,26676
Lunch_room,23,Inst_1_test_IMG_3537,0.8,572544,29339,30286,21614
Lunch_room,23,Inst_1_test_IMG_3537,0.9,572544,29339,21166,15914
Lunch_room,23,Inst_1_test_IMG_3537,1.0,572544,29339,13770,10776
Lunch_room,23,Inst_1_test_IMG_3537,1.2,572544,29339,6430,5900
Lunch_room,23,Inst_1_test_IMG_3537,1.4,572544,29339,2055,1985
Lunch_room,24,Inst_1_test_IMG_3538,0.1,572544,3758,528110,3758
Lunch_room,24,Inst_1_test_IMG_3538,0.2,572544,3758,411019,3751
Lunch_room,24,Inst_1_test_IMG_3538,0.3,572544,3758,285154,3655
Lunch_room,24,Inst_1_test_IMG_3538,0.4,572544,3758,166527,3574
Lunch_room,24,Inst_1_test_IMG_3538,0.5,572544,3758,85553,3511
Lunch_room,24,Inst_1_test_IMG_3538,0.6,572544,3758,40915,3433
Lunch_room,24,Inst_1_test_IMG_3538,0.7,572544,3758,21920,3389
Lunch_room,24,Inst_1_test_IMG_3538,0.8,572544,3758,13620,3319
Lunch_room,24,Inst_1_test_IMG_3538,0.9,572544,3758,8952,3245
Lunch_room,24,Inst_1_test_IMG_3538,1.0,572544,3758,6429,3164
Lunch_room,24,Inst_1_test_IMG_3538,1.2,572544,3758,3507,2575
Lunch_room,24,Inst_1_test_IMG_3538,1.4,572544,3758,1574,1432
Meeting_room,0,Inst_1_test_IMG_1862,0.1,573112,19282,519821,19282
Meeting_room,0,Inst_1_test_IMG_1862,0.2,573112,19282,307500,19282
Meeting_room,0,Inst_1_test_IMG_1862,0.3,573112,19282,197505,19281
Meeting_room,0,Inst_1_test_IMG_1862,0.4,573112,19282,133054,19226
Meeting_room,0,Inst_1_test_IMG_1862,0.5,573112,19282,93928,19090
Meeting_room,0,Inst_1_test_IMG_1862,0.6,573112,19282,56522,18643
Meeting_room,0,Inst_1_test_IMG_1862,0.7,573112,19282,33439,17436
Meeting_room,0,Inst_1_test_IMG_1862,0.8,573112,19282,24837,15968
Meeting_room,0,Inst_1_test_IMG_1862,0.9,573112,19282,19176,14093
Meeting_room,0,Inst_1_test_IMG_1862,1.0,573112,19282,12871,9814
Meeting_room,0,Inst_1_test_IMG_1862,1.2,573112,19282,6329,5626
Meeting_room,0,Inst_1_test_IMG_1862,1.4,573112,19282,2879,2767
Meeting_room,1,Inst_1_test_IMG_1863,0.1,573112,14340,561140,14340
Meeting_room,1,Inst_1_test_IMG_1863,0.2,573112,14340,439973,14340
Meeting_room,1,Inst_1_test_IMG_1863,0.3,573112,14340,289847,14336
Meeting_room,1,Inst_1_test_IMG_1863,0.4,573112,14340,194748,14283
Meeting_room,1,Inst_1_test_IMG_1863,0.5,573112,14340,126366,14198
Meeting_room,1,Inst_1_test_IMG_1863,0.6,573112,14340,85344,13989
Meeting_room,1,Inst_1_test_IMG_1863,0.7,573112,14340,61663,12897
Meeting_room,1,Inst_1_test_IMG_1863,0.8,573112,14340,42841,11234
Meeting_room,1,Inst_1_test_IMG_1863,0.9,573112,14340,31639,9871
Meeting_room,1,Inst_1_test_IMG_1863,1.0,573112,14340,23531,8640
Meeting_room,1,Inst_1_test_IMG_1863,1.2,573112,14340,13432,6023
Meeting_room,1,Inst_1_test_IMG_1863,1.4,573112,14340,5705,3689
Meeting_room,2,Inst_1_test_IMG_1864,0.1,573112,21029,535682,21029
Meeting_room,2,Inst_1_test_IMG_1864,0.2,573112,21029,353696,21029
Meeting_room,2,Inst_1_test_IMG_1864,0.3,573112,21029,180051,21029
Meeting_room,2,Inst_1_test_IMG_1864,0.4,573112,21029,113889,21019
Meeting_room,2,Inst_1_test_IMG_1864,0.5,573112,21029,74064,20946
Meeting_room,2,Inst_1_test_IMG_1864,0.6,573112,21029,53041,20829
Meeting_room,2,Inst_1_test_IMG_1864,0.7,573112,21029,41510,20629
Meeting_room,2,Inst_1_test_IMG_1864,0.8,573112,21029,34698,20126
Meeting_room,2,Inst_1_test_IMG_1864,0.9,573112,21029,27138,17810
Meeting_room,2,Inst_1_test_IMG_1864,1.0,573112,21029,19713,13802
Meeting_room,2,Inst_1_test_IMG_1864,1.2,573112,21029,11355,9340
Meeting_room,2,Inst_1_test_IMG_1864,1.4,573112,21029,7337,6735
Meeting_room,3,Inst_1_test_IMG_1865,0.1,573112,33311,521973,33311
Meeting_room,3,Inst_1_test_IMG_1865,0.2,573112,33311,347090,33311
Meeting_room,3,Inst_1_test_IMG_1865,0.3,573112,33311,208053,33311
Meeting_room,3,Inst_1_test_IMG_1865,0.4,573112,33311,134423,33231
Meeting_room,3,Inst_1_test_IMG_1865,0.5,573112,33311,90341,33006
Meeting_room,3,Inst_1_test_IMG_1865,0.6,573112,33311,68196,32673
Meeting_room,3,Inst_1_test_IMG_1865,0.7,573112,33311,55132,31622
Meeting_room,3,Inst_1_test_IMG_1865,0.8,573112,33311,43951,28208
Meeting_room,3,Inst_1_test_IMG_1865,0.9,573112,33311,35089,24909
Meeting_room,3,Inst_1_test_IMG_1865,1.0,573112,33311,28912,22354
Meeting_room,3,Inst_1_test_IMG_1865,1.2,573112,33311,19854,17788
Meeting_room,3,Inst_1_test_IMG_1865,1.4,573112,33311,12994,12259
Meeting_room,4,Inst_1_test_IMG_1866,0.1,573112,39745,511406,39745
Meeting_room,4,Inst_1_test_IMG_1866,0.2,573112,39745,293958,39745
Meeting_room,4,Inst_1_test_IMG_1866,0.3,573112,39745,185809,39742
Meeting_room,4,Inst_1_test_IMG_1866,0.4,573112,39745,136603,39681
Meeting_room,4,Inst_1_test_IMG_1866,0.5,573112,39745,104932,39594
Meeting_room,4,Inst_1_test_IMG_1866,0.6,573112,39745,78466,39420
Meeting_room,4,Inst_1_test_IMG_1866,0.7,573112,39745,63196,38832
Meeting_room,4,Inst_1_test_IMG_1866,0.8,573112,39745,50806,36300
Meeting_room,4,Inst_1_test_IMG_1866,0.9,573112,39745,42367,33933
Meeting_room,4,Inst_1_test_IMG_1866,1.0,573112,39745,37074,31576
Meeting_room,4,Inst_1_test_IMG_1866,1.2,573112,39745,22648,20775
Meeting_room,4,Inst_1_test_IMG_1866,1.4,573112,39745,15659,14927
Meeting_room,5,Inst_1_test_IMG_1867,0.1,573112,22940,558277,22940
Meeting_room,5,Inst_1_test_IMG_1867,0.2,573112,22940,372847,22940
Meeting_room,5,Inst_1_test_IMG_1867,0.3,573112,22940,227453,22940
Meeting_room,5,Inst_1_test_IMG_1867,0.4,573112,22940,138808,22915
Meeting_room,5,Inst_1_test_IMG_1867,0.5,573112,22940,96897,22784
Meeting_room,5,Inst_1_test_IMG_1867,0.6,573112,22940,75022,22444
Meeting_room,5,Inst_1_test_IMG_1867,0.7,573112,22940,61102,20488
Meeting_room,5,Inst_1_test_IMG_1867,0.8,573112,22940,48427,17849
Meeting_room,5,Inst_1_test_IMG_1867,0.9,573112,22940,38074,16122
Meeting_room,5,Inst_1_test_IMG_1867,1.0,573112,22940,28699,15059
Meeting_room,5,Inst_1_test_IMG_1867,1.2,573112,22940,16836,12563
Meeting_room,5,Inst_1_test_IMG_1867,1.4,573112,22940,11070,10258
Meeting_room,6,Inst_1_test_IMG_1868,0.1,573112,15467,530741,15467
Meeting_room,6,Inst_1_test_IMG_1868,0.2,573112,15467,333134,15467
Meeting_room,6,Inst_1_test_IMG_1868,0.3,573112,15467,202189,15467
Meeting_room,6,Inst_1_test_IMG_1868,0.4,573112,15467,123268,15467
Meeting_room,6,Inst_1_test_IMG_1868,0.5,573112,15467,71240,15459
Meeting_room,6,Inst_1_test_IMG_1868,0.6,573112,15467,42740,15429
Meeting_room,6,Inst_1_test_IMG_1868,0.7,573112,15467,27491,15186
Meeting_room,6,Inst_1_test_IMG_1868,0.8,573112,15467,21439,14077
Meeting_room,6,Inst_1_test_IMG_1868,0.9,573112,15467,17319,12465
Meeting_room,6,Inst_1_test_IMG_1868,1.0,573112,15467,13726,10572
Meeting_room,6,Inst_1_test_IMG_1868,1.2,573112,15467,9376,8519
Meeting_room,6,Inst_1_test_IMG_1868,1.4,573112,15467,6374,6285
Meeting_room,7,Inst_1_test_IMG_1869,0.1,573112,17174,515303,17174
Meeting_room,7,Inst_1_test_IMG_1869,0.2,573112,17174,340421,17174
Meeting_room,7,Inst_1_test_IMG_1869,0.3,573112,17174,209687,17174
Meeting_room,7,Inst_1_test_IMG_1869,0.4,573112,17174,118195,17174
Meeting_room,7,Inst_1_test_IMG_1869,0.5,573112,17174,72562,17169
Meeting_room,7,Inst_1_test_IMG_1869,0.6,573112,17174,48749,17149
Meeting_room,7,Inst_1_test_IMG_1869,0.7,573112,17174,34024,16599
Meeting_room,7,Inst_1_test_IMG_1869,0.8,573112,17174,25732,15412
Meeting_room,7,Inst_1_test_IMG_1869,0.9,573112,17174,21480,14694
Meeting_room,7,Inst_1_test_IMG_1869,1.0,573112,17174,17548,13280
Meeting_room,7,Inst_1_test_IMG_1869,1.2,573112,17174,9096,8115
Meeting_room,7,Inst_1_test_IMG_1869,1.4,573112,17174,4967,4764
Meeting_room,8,Inst_1_test_IMG_1870,0.1,573112,10732,505672,10732
Meeting_room,8,Inst_1_test_IMG_1870,0.2,573112,10732,293936,10732
Meeting_room,8,Inst_1_test_IMG_1870,0.3,573112,10732,143624,10729
Meeting_room,8,Inst_1_test_IMG_1870,0.4,573112,10732,76876,10710
Meeting_room,8,Inst_1_test_IMG_1870,0.5,573112,10732,43289,10672
Meeting_room,8,Inst_1_test_IMG_1870,0.6,573112,10732,28325,10620
Meeting_room,8,Inst_1_test_IMG_1870,0.7,573112,10732,20965,10533
Meeting_room,8,Inst_1_test_IMG_1870,0.8,573112,10732,16458,9589
Meeting_room,8,Inst_1_test_IMG_1870,0.9,573112,10732,13107,8864
Meeting_room,8,Inst_1_test_IMG_1870,1.0,573112,10732,10515,8114
Meeting_room,8,Inst_1_test_IMG_1870,1.2,573112,10732,5624,5186
Meeting_room,8,Inst_1_test_IMG_1870,1.4,573112,10732,3033,2955
Meeting_room,9,Inst_1_test_IMG_1871,0.1,573112,10170,485875,10170
Meeting_room,9,Inst_1_test_IMG_1871,0.2,573112,10170,271767,10170
Meeting_room,9,Inst_1_test_IMG_1871,0.3,573112,10170,159043,10170
Meeting_room,9,Inst_1_test_IMG_1871,0.4,573112,10170,106030,10170
Meeting_room,9,Inst_1_test_IMG_1871,0.5,573112,10170,67011,10170
Meeting_room,9,Inst_1_test_IMG_1871,0.6,573112,10170,39872,10157
Meeting_room,9,Inst_1_test_IMG_1871,0.7,573112,10170,26076,10101
Meeting_room,9,Inst_1_test_IMG_1871,0.8,573112,10170,19117,9596
Meeting_room,9,Inst_1_test_IMG_1871,0.9,573112,10170,14679,9071
Meeting_room,9,Inst_1_test_IMG_1871,1.0,573112,10170,11541,8531
Meeting_room,9,Inst_1_test_IMG_1871,1.2,573112,10170,5684,5267
Meeting_room,9,Inst_1_test_IMG_1871,1.4,573112,10170,1697,1607
Meeting_room,10,Inst_1_test_IMG_1872,0.1,573112,11287,493398,11287
Meeting_room,10,Inst_1_test_IMG_1872,0.2,573112,11287,364129,11281
Meeting_room,10,Inst_1_test_IMG_1872,0.3,573112,11287,229378,11269
Meeting_room,10,Inst_1_test_IMG_1872,0.4,573112,11287,150016,11264
Meeting_room,10,Inst_1_test_IMG_1872,0.5,573112,11287,97199,11254
Meeting_room,10,Inst_1_test_IMG_1872,0.6,573112,11287,56994,11196
Meeting_room,10,Inst_1_test_IMG_1872,0.7,573112,11287,35042,11072
Meeting_room,10,Inst_1_test_IMG_1872,0.8,573112,11287,23084,10762
Meeting_room,10,Inst_1_test_IMG_1872,0.9,573112,11287,17206,10407
Meeting_room,10,Inst_1_test_IMG_1872,1.0,573112,11287,13786,9985
Meeting_room,10,Inst_1_test_IMG_1872,1.2,573112,11287,6494,5762
Meeting_room,10,Inst_1_test_IMG_1872,1.4,573112,11287,2472,2373
Meeting_room,11,Inst_1_test_IMG_1873,0.1,573112,11180,526301,11180
Meeting_room,11,Inst_1_test_IMG_1873,0.2,573112,11180,308246,11180
Meeting_room,11,Inst_1_test_IMG_1873,0.3,573112,11180,185603,11180
Meeting_room,11,Inst_1_test_IMG_1873,0.4,573112,11180,116011,11180
Meeting_room,11,Inst_1_test_IMG_1873,0.5,573112,11180,74091,11172
Meeting_room,11,Inst_1_test_IMG_1873,0.6,573112,11180,43450,11130
Meeting_room,11,Inst_1_test_IMG_1873,0.7,573112,11180,23600,10764
Meeting_room,11,Inst_1_test_IMG_1873,0.8,573112,11180,17211,10181
Meeting_room,11,Inst_1_test_IMG_1873,0.9,573112,11180,13875,9524
Meeting_room,11,Inst_1_test_IMG_1873,1.0,573112,11180,12177,8997
Meeting_room,11,Inst_1_test_IMG_1873,1.2,573112,11180,8614,7153
Meeting_room,11,Inst_1_test_IMG_1873,1.4,573112,11180,5710,5345
Meeting_room,12,Inst_1_test_IMG_1874,0.1,573112,14723,533811,14723
Meeting_room,12,Inst_1_test_IMG_1874,0.2,573112,14723,359353,14723
Meeting_room,12,Inst_1_test_IMG_1874,0.3,573112,14723,225579,14723
Meeting_room,12,Inst_1_test_IMG_1874,0.4,573112,14723,142895,14723
Meeting_room,12,Inst_1_test_IMG_1874,0.5,573112,14723,85991,14723
Meeting_room,12,Inst_1_test_IMG_1874,0.6,573112,14723,46218,14680
Meeting_room,12,Inst_1_test_IMG_1874,0.7,573112,14723,29337,14454
Meeting_room,12,Inst_1_test_IMG_1874,0.8,573112,14723,22839,13711
Meeting_room,12,Inst_1_test_IMG_1874,0.9,573112,14723,19247,13114
Meeting_room,12,Inst_1_test_IMG_1874,1.0,573112,14723,16726,12580
Meeting_room,12,Inst_1_test_IMG_1874,1.2,573112,14723,10421,8708
Meeting_room,12,Inst_1_test_IMG_1874,1.4,573112,14723,7221,6649
Meeting_room,13,Inst_1_test_IMG_1875,0.1,573112,28507,558240,28507
Meeting_room,13,Inst_1_test_IMG_1875,0.2,573112,28507,441910,28507
Meeting_room,13,Inst_1_test_IMG_1875,0.3,573112,28507,295594,28507
Meeting_room,13,Inst_1_test_IMG_1875,0.4,573112,28507,192717,28502
Meeting_room,13,Inst_1_test_IMG_1875,0.5,573112,28507,131664,28493
Meeting_room,13,Inst_1_test_IMG_1875,0.6,573112,28507,93055,28426
Meeting_room,13,Inst_1_test_IMG_1875,0.7,573112,28507,67438,28131
Meeting_room,13,Inst_1_test_IMG_1875,0.8,573112,28507,52695,27282
Meeting_room,13,Inst_1_test_IMG_1875,0.9,573112,28507,42020,25059
Meeting_room,13,Inst_1_test_IMG_1875,1.0,573112,28507,32220,21453
Meeting_room,13,Inst_1_test_IMG_1875,1.2,573112,28507,18813,14932
Meeting_room,13,Inst_1_test_IMG_1875,1.4,573112,28507,11536,10496
Meeting_room,14,Inst_1_test_IMG_1876,0.1,573112,18073,544496,18073
Meeting_room,14,Inst_1_test_IMG_1876,0.2,573112,18073,416090,18073
Meeting_room,14,Inst_1_test_IMG_1876,0.3,573112,18073,270093,18073
Meeting_room,14,Inst_1_test_IMG_1876,0.4,573112,18073,143613,18073
Meeting_room,14,Inst_1_test_IMG_1876,0.5,573112,18073,98169,18062
Meeting_room,14,Inst_1_test_IMG_1876,0.6,573112,18073,70414,18015
Meeting_room,14,Inst_1_test_IMG_1876,0.7,573112,18073,45435,17525
Meeting_room,14,Inst_1_test_IMG_1876,0.8,573112,18073,31613,16721
Meeting_room,14,Inst_1_test_IMG_1876,0.9,573112,18073,24604,15821
Meeting_room,14,Inst_1_test_IMG_1876,1.0,573112,18073,19879,14387
Meeting_room,14,Inst_1_test_IMG_1876,1.2,573112,18073,11780,9454
Meeting_room,14,Inst_1_test_IMG_1876,1.4,573112,18073,9126,8349
Meeting_room,15,Inst_1_test_IMG_1877,0.1,573112,17124,546154,17124
Meeting_room,15,Inst_1_test_IMG_1877,0.2,573112,17124,405114,17124
Meeting_room,15,Inst_1_test_IMG_1877,0.3,573112,17124,257914,17124
Meeting_room,15,Inst_1_test_IMG_1877,0.4,573112,17124,161648,17124
Meeting_room,15,Inst_1_test_IMG_1877,0.5,573112,17124,96428,17121
Meeting_room,15,Inst_1_test_IMG_1877,0.6,573112,17124,62145,17056
Meeting_room,15,Inst_1_test_IMG_1877,0.7,573112,17124,41408,16965
Meeting_room,15,Inst_1_test_IMG_1877,0.8,573112,17124,30272,16099
Meeting_room,15,Inst_1_test_IMG_1877,0.9,573112,17124,22958,14985
Meeting_room,15,Inst_1_test_IMG_1877,1.0,573112,17124,18941,14126
Meeting_room,15,Inst_1_test_IMG_1877,1.2,573112,17124,14052,12127
Meeting_room,15,Inst_1_test_IMG_1877,1.4,573112,17124,11464,10785
Meeting_room,16,Inst_1_test_IMG_1878,0.1,573112,18403,537349,18403
Meeting_room,16,Inst_1_test_IMG_1878,0.2,573112,18403,371656,18403
Meeting_room,16,Inst_1_test_IMG_1878,0.3,573112,18403,235160,18403
Meeting_room,16,Inst_1_test_IMG_1878,0.4,573112,18403,141935,18327
Meeting_room,16,Inst_1_test_IMG_1878,0.5,573112,18403,88502,18170
Meeting_room,16,Inst_1_test_IMG_1878,0.6,573112,18403,60181,17930
Meeting_room,16,Inst_1_test_IMG_1878,0.7,573112,18403,44111,17530
Meeting_room,16,Inst_1_test_IMG_1878,0.8,573112,18403,33778,16595
Meeting_room,16,Inst_1_test_IMG_1878,0.9,573112,18403,26410,15348
Meeting_room,16,Inst_1_test_IMG_1878,1.0,573112,18403,21319,14643
Meeting_room,16,Inst_1_test_IMG_1878,1.2,573112,18403,13995,12059
Meeting_room,16,Inst_1_test_IMG_1878,1.4,573112,18403,10671,9740
Meeting_room,17,Inst_1_test_IMG_1879,0.1,573112,13007,552330,13007
Meeting_room,17,Inst_1_test_IMG_1879,0.2,573112,13007,386228,13007
Meeting_room,17,Inst_1_test_IMG_1879,0.3,573112,13007,214154,13007
Meeting_room,17,Inst_1_test_IMG_1879,0.4,573112,13007,134434,13007
Meeting_room,17,Inst_1_test_IMG_1879,0.5,573112,13007,82504,12972
Meeting_room,17,Inst_1_test_IMG_1879,0.6,573112,13007,51173,12664
Meeting_room,17,Inst_1_test_IMG_1879,0.7,573112,13007,34357,12263
Meeting_room,17,Inst_1_test_IMG_1879,0.8,573112,13007,22900,11554
Meeting_room,17,Inst_1_test_IMG_1879,0.9,573112,13007,16674,10528
Meeting_room,17,Inst_1_test_IMG_1879,1.0,573112,13007,13212,9340
Meeting_room,17,Inst_1_test_IMG_1879,1.2,573112,13007,9315,7768
Meeting_room,17,Inst_1_test_IMG_1879,1.4,573112,13007,7238,6729
Meeting_room,18,Inst_1_test_IMG_1880,0.1,573112,10798,532263,10798
Meeting_room,18,Inst_1_test_IMG_1880,0.2,573112,10798,312890,10798
Meeting_room,18,Inst_1_test_IMG_1880,0.3,573112,10798,148201,10797
Meeting_room,18,Inst_1_test_IMG_1880,0.4,573112,10798,78000,10762
Meeting_room,18,Inst_1_test_IMG_1880,0.5,573112,10798,46577,10579
Meeting_room,18,Inst_1_test_IMG_1880,0.6,573112,10798,31265,10024
Meeting_room,18,Inst_1_test_IMG_1880,0.7,573112,10798,22158,9037
Meeting_room,18,Inst_1_test_IMG_1880,0.8,573112,10798,15531,7571
Meeting_room,18,Inst_1_test_IMG_1880,0.9,573112,10798,10589,6042
Meeting_room,18,Inst_1_test_IMG_1880,1.0,573112,10798,7674,5032
Meeting_room,18,Inst_1_test_IMG_1880,1.2,573112,10798,4886,3871
Meeting_room,18,Inst_1_test_IMG_1880,1.4,573112,10798,3247,2774
Meeting_room,19,Inst_1_test_IMG_1881,0.1,573112,9774,522251,9774
Meeting_room,19,Inst_1_test_IMG_1881,0.2,573112,9774,393292,9774
Meeting_room,19,Inst_1_test_IMG_1881,0.3,573112,9774,249226,9774
Meeting_room,19,Inst_1_test_IMG_1881,0.4,573112,9774,130203,9765
Meeting_room,19,Inst_1_test_IMG_1881,0.5,573112,9774,75322,9692
Meeting_room,19,Inst_1_test_IMG_1881,0.6,573112,9774,50546,9503
Meeting_room,19,Inst_1_test_IMG_1881,0.7,573112,9774,35900,9008
Meeting_room,19,Inst_1_test_IMG_1881,0.8,573112,9774,26125,8512
Meeting_room,19,Inst_1_test_IMG_1881,0.9,573112,9774,18345,7744
Meeting_room,19,Inst_1_test_IMG_1881,1.0,573112,9774,11885,6799
Meeting_room,19,Inst_1_test_IMG_1881,1.2,573112,9774,4866,4170
Meeting_room,19,Inst_1_test_IMG_1881,1.4,573112,9774,2608,2509
Meeting_room,20,Inst_1_test_IMG_1882,0.1,573112,8850,542364,8850
Meeting_room,20,Inst_1_test_IMG_1882,0.2,573112,8850,394820,8850
Meeting_room,20,Inst_1_test_IMG_1882,0.3,573112,8850,241171,8850
Meeting_room,20,Inst_1_test_IMG_1882,0.4,573112,8850,140683,8815
Meeting_room,20,Inst_1_test_IMG_1882,0.5,573112,8850,81805,8653
Meeting_room,20,Inst_1_test_IMG_1882,0.6,573112,8850,52093,8301
Meeting_room,20,Inst_1_test_IMG_1882,0.7,573112,8850,34329,7873
Meeting_room,20,Inst_1_test_IMG_1882,0.8,573112,8850,22746,7316
Meeting_room,20,Inst_1_test_IMG_1882,0.9,573112,8850,15801,6431
Meeting_room,20,Inst_1_test_IMG_1882,1.0,573112,8850,10101,4879
Meeting_room,20,Inst_1_test_IMG_1882,1.2,573112,8850,4178,2754
Meeting_room,20,Inst_1_test_IMG_1882,1.4,573112,8850,2258,1905
Meeting_room,21,Inst_1_test_IMG_1883,0.1,573112,6558,526371,6558
Meeting_room,21,Inst_1_test_IMG_1883,0.2,573112,6558,386654,6558
Meeting_room,21,Inst_1_test_IMG_1883,0.3,573112,6558,253021,6419
Meeting_room,21,Inst_1_test_IMG_1883,0.4,573112,6558,160841,6199
Meeting_room,21,Inst_1_test_IMG_1883,0.5,573112,6558,94246,6028
Meeting_room,21,Inst_1_test_IMG_1883,0.6,573112,6558,54134,5860
Meeting_room,21,Inst_1_test_IMG_1883,0.7,573112,6558,36159,5674
Meeting_room,21,Inst_1_test_IMG_1883,0.8,573112,6558,24493,5331
Meeting_room,21,Inst_1_test_IMG_1883,0.9,573112,6558,17276,4969
Meeting_room,21,Inst_1_test_IMG_1883,1.0,573112,6558,12192,4434
Meeting_room,21,Inst_1_test_IMG_1883,1.2,573112,6558,4971,2711
Meeting_room,21,Inst_1_test_IMG_1883,1.4,573112,6558,1818,1048
Meeting_room,22,Inst_1_test_IMG_1884,0.1,573112,4838,540253,4838
Meeting_room,22,Inst_1_test_IMG_1884,0.2,573112,4838,378159,4838
Meeting_room,22,Inst_1_test_IMG_1884,0.3,573112,4838,235860,4794
Meeting_room,22,Inst_1_test_IMG_1884,0.4,573112,4838,122755,4572
Meeting_room,22,Inst_1_test_IMG_1884,0.5,573112,4838,62193,4330
Meeting_room,22,Inst_1_test_IMG_1884,0.6,573112,4838,34276,4116
Meeting_room,22,Inst_1_test_IMG_1884,0.7,573112,4838,20882,3911
Meeting_room,22,Inst_1_test_IMG_1884,0.8,573112,4838,13683,3663
Meeting_room,22,Inst_1_test_IMG_1884,0.9,573112,4838,9090,3241
Meeting_room,22,Inst_1_test_IMG_1884,1.0,573112,4838,6184,2871
Meeting_room,22,Inst_1_test_IMG_1884,1.2,573112,4838,2440,1855
Meeting_room,22,Inst_1_test_IMG_1884,1.4,573112,4838,588,533
Meeting_room,23,Inst_1_test_IMG_1885,0.1,573112,3923,532504,3923
Meeting_room,23,Inst_1_test_IMG_1885,0.2,573112,3923,413272,3923
Meeting_room,23,Inst_1_test_IMG_1885,0.3,573112,3923,281488,3868
Meeting_room,23,Inst_1_test_IMG_1885,0.4,573112,3923,170011,3578
Meeting_room,23,Inst_1_test_IMG_1885,0.5,573112,3923,88904,3437
Meeting_room,23,Inst_1_test_IMG_1885,0.6,573112,3923,39626,3339
Meeting_room,23,Inst_1_test_IMG_1885,0.7,573112,3923,22489,3231
Meeting_room,23,Inst_1_test_IMG_1885,0.8,573112,3923,13782,3052
Meeting_room,23,Inst_1_test_IMG_1885,0.9,573112,3923,8525,2679
Meeting_room,23,Inst_1_test_IMG_1885,1.0,573112,3923,5598,2407
Meeting_room,23,Inst_1_test_IMG_1885,1.2,573112,3923,2254,1599
Meeting_room,23,Inst_1_test_IMG_1885,1.4,573112,3923,506,415
Meeting_room,24,Inst_1_test_IMG_1886,0.1,573112,4108,541386,4108
Meeting_room,24,Inst_1_test_IMG_1886,0.2,573112,4108,371369,4108
Meeting_room,24,Inst_1_test_IMG_1886,0.3,573112,4108,238844,4108
Meeting_room,24,Inst_1_test_IMG_1886,0.4,573112,4108,144515,4102
Meeting_room,24,Inst_1_test_IMG_1886,0.5,573112,4108,80882,4075
Meeting_room,24,Inst_1_test_IMG_1886,0.6,573112,4108,41462,3849
Meeting_room,24,Inst_1_test_IMG_1886,0.7,573112,4108,22351,3248
Meeting_room,24,Inst_1_test_IMG_1886,0.8,573112,4108,14188,2833
Meeting_room,24,Inst_1_test_IMG_1886,0.9,573112,4108,9289,2503
Meeting_room,24,Inst_1_test_IMG_1886,1.0,573112,4108,6213,2130
Meeting_room,24,Inst_1_test_IMG_1886,1.2,573112,4108,2537,1671
Meeting_room,24,Inst_1_test_IMG_1886,1.4,573112,4108,724,610
Playground,0,Inst_1_test_IMG_E7022,0.1,567825,4512,554689,4512
Playground,0,Inst_1_test_IMG_E7022,0.2,567825,4512,445564,4512
Playground,0,Inst_1_test_IMG_E7022,0.3,567825,4512,284709,4512
Playground,0,Inst_1_test_IMG_E7022,0.4,567825,4512,150080,4507
Playground,0,Inst_1_test_IMG_E7022,0.5,567825,4512,73537,4492
Playground,0,Inst_1_test_IMG_E7022,0.6,567825,4512,37135,4463
Playground,0,Inst_1_test_IMG_E7022,0.7,567825,4512,20477,4404
Playground,0,Inst_1_test_IMG_E7022,0.8,567825,4512,11448,4314
Playground,0,Inst_1_test_IMG_E7022,0.9,567825,4512,7555,4155
Playground,0,Inst_1_test_IMG_E7022,1.0,567825,4512,5768,3966
Playground,0,Inst_1_test_IMG_E7022,1.2,567825,4512,4007,3510
Playground,0,Inst_1_test_IMG_E7022,1.4,567825,4512,2684,2647
Playground,1,Inst_1_test_IMG_E7024,0.1,567825,5026,545313,5026
Playground,1,Inst_1_test_IMG_E7024,0.2,567825,5026,397592,5026
Playground,1,Inst_1_test_IMG_E7024,0.3,567825,5026,241988,5013
Playground,1,Inst_1_test_IMG_E7024,0.4,567825,5026,119021,4980
Playground,1,Inst_1_test_IMG_E7024,0.5,567825,5026,56087,4945
Playground,1,Inst_1_test_IMG_E7024,0.6,567825,5026,28122,4900
Playground,1,Inst_1_test_IMG_E7024,0.7,567825,5026,14786,4837
Playground,1,Inst_1_test_IMG_E7024,0.8,567825,5026,9367,4721
Playground,1,Inst_1_test_IMG_E7024,0.9,567825,5026,7200,4581
Playground,1,Inst_1_test_IMG_E7024,1.0,567825,5026,5943,4392
Playground,1,Inst_1_test_IMG_E7024,1.2,567825,5026,4161,3824
Playground,1,Inst_1_test_IMG_E7024,1.4,567825,5026,3140,3101
Playground,2,Inst_1_test_IMG_E7028,0.1,567825,4765,554327,4765
Playground,2,Inst_1_test_IMG_E7028,0.2,567825,4765,441949,4765
Playground,2,Inst_1_test_IMG_E7028,0.3,567825,4765,278648,4761
Playground,2,Inst_1_test_IMG_E7028,0.4,567825,4765,150817,4737
Playground,2,Inst_1_test_IMG_E7028,0.5,567825,4765,77886,4695
Playground,2,Inst_1_test_IMG_E7028,0.6,567825,4765,38241,4591
Playground,2,Inst_1_test_IMG_E7028,0.7,567825,4765,20270,4461
Playground,2,Inst_1_test_IMG_E7028,0.8,567825,4765,11553,4308
Playground,2,Inst_1_test_IMG_E7028,0.9,567825,4765,7660,4151
Playground,2,Inst_1_test_IMG_E7028,1.0,567825,4765,5998,3975
Playground,2,Inst_1_test_IMG_E7028,1.2,567825,4765,4243,3668
Playground,2,Inst_1_test_IMG_E7028,1.4,567825,4765,3302,3235
Playground,3,Inst_1_test_IMG_E7031,0.1,567825,4527,509609,4527
Playground,3,Inst_1_test_IMG_E7031,0.2,567825,4527,339999,4527
Playground,3,Inst_1_test_IMG_E7031,0.3,567825,4527,191254,4519
Playground,3,Inst_1_test_IMG_E7031,0.4,567825,4527,93525,4457
Playground,3,Inst_1_test_IMG_E7031,0.5,567825,4527,44026,4347
Playground,3,Inst_1_test_IMG_E7031,0.6,567825,4527,22330,4212
Playground,3,Inst_1_test_IMG_E7031,0.7,567825,4527,12364,4056
Playground,3,Inst_1_test_IMG_E7031,0.8,567825,4527,8370,3920
Playground,3,Inst_1_test_IMG_E7031,0.9,567825,4527,6552,3788
Playground,3,Inst_1_test_IMG_E7031,1.0,567825,4527,5392,3615
Playground,3,Inst_1_test_IMG_E7031,1.2,567825,4527,4041,3359
Playground,3,Inst_1_test_IMG_E7031,1.4,567825,4527,3015,2903
Playground,4,Inst_1_test_IMG_E7034,0.1,567825,3994,499800,3994
Playground,4,Inst_1_test_IMG_E7034,0.2,567825,3994,319518,3994
Playground,4,Inst_1_test_IMG_E7034,0.3,567825,3994,163725,3993
Playground,4,Inst_1_test_IMG_E7034,0.4,567825,3994,82565,3946
Playground,4,Inst_1_test_IMG_E7034,0.5,567825,3994,41800,3839
Playground,4,Inst_1_test_IMG_E7034,0.6,567825,3994,21129,3663
Playground,4,Inst_1_test_IMG_E7034,0.7,567825,3994,11036,3433
Playground,4,Inst_1_test_IMG_E7034,0.8,567825,3994,6829,3201
Playground,4,Inst_1_test_IMG_E7034,0.9,567825,3994,5093,3030
Playground,4,Inst_1_test_IMG_E7034,1.0,567825,3994,4066,2906
Playground,4,Inst_1_test_IMG_E7034,1.2,567825,3994,2885,2599
Playground,4,Inst_1_test_IMG_E7034,1.4,567825,3994,2111,2080
Playground,5,Inst_1_test_IMG_E7036,0.1,567825,3113,537609,3113
Playground,5,Inst_1_test_IMG_E7036,0.2,567825,3113,395811,3106
Playground,5,Inst_1_test_IMG_E7036,0.3,567825,3113,242362,3090
Playground,5,Inst_1_test_IMG_E7036,0.4,567825,3113,119823,3052
Playground,5,Inst_1_test_IMG_E7036,0.5,567825,3113,58260,2989
Playground,5,Inst_1_test_IMG_E7036,0.6,567825,3113,31752,2845
Playground,5,Inst_1_test_IMG_E7036,0.7,567825,3113,18302,2692
Playground,5,Inst_1_test_IMG_E7036,0.8,567825,3113,10596,2495
Playground,5,Inst_1_test_IMG_E7036,0.9,567825,3113,6621,2277
Playground,5,Inst_1_test_IMG_E7036,1.0,567825,3113,4580,2136
Playground,5,Inst_1_test_IMG_E7036,1.2,567825,3113,2840,2005
Playground,5,Inst_1_test_IMG_E7036,1.4,567825,3113,1928,1809
Playground,6,Inst_1_test_IMG_E7038,0.1,567825,2598,531378,2598
Playground,6,Inst_1_test_IMG_E7038,0.2,567825,2598,370103,2596
Playground,6,Inst_1_test_IMG_E7038,0.3,567825,2598,192487,2573
Playground,6,Inst_1_test_IMG_E7038,0.4,567825,2598,86069,2547
Playground,6,Inst_1_test_IMG_E7038,0.5,567825,2598,39607,2481
Playground,6,Inst_1_test_IMG_E7038,0.6,567825,2598,21265,2369
Playground,6,Inst_1_test_IMG_E7038,0.7,567825,2598,12653,2204
Playground,6,Inst_1_test_IMG_E7038,0.8,567825,2598,7699,1990
Playground,6,Inst_1_test_IMG_E7038,0.9,567825,2598,4745,1825
Playground,6,Inst_1_test_IMG_E7038,1.0,567825,2598,3224,1710
Playground,6,Inst_1_test_IMG_E7038,1.2,567825,2598,1846,1509
Playground,6,Inst_1_test_IMG_E7038,1.4,567825,2598,1324,1285
Playground,7,Inst_1_test_IMG_E7041,0.1,567825,1930,557079,1930
Playground,7,Inst_1_test_IMG_E7041,0.2,567825,1930,452158,1905
Playground,7,Inst_1_test_IMG_E7041,0.3,567825,1930,295308,1881
Playground,7,Inst_1_test_IMG_E7041,0.4,567825,1930,174183,1866
Playground,7,Inst_1_test_IMG_E7041,0.5,567825,1930,93330,1818
Playground,7,Inst_1_test_IMG_E7041,0.6,567825,1930,52242,1765
Playground,7,Inst_1_test_IMG_E7041,0.7,567825,1930,30974,1697
Playground,7,Inst_1_test_IMG_E7041,0.8,567825,1930,18705,1575
Playground,7,Inst_1_test_IMG_E7041,0.9,567825,1930,11226,1398
Playground,7,Inst_1_test_IMG_E7041,1.0,567825,1930,6514,1270
Playground,7,Inst_1_test_IMG_E7041,1.2,567825,1930,2658,1207
Playground,7,Inst_1_test_IMG_E7041,1.4,567825,1930,1208,1014
Playground,8,Inst_1_test_IMG_E7044,0.1,567825,1226,546496,1226
Playground,8,Inst_1_test_IMG_E7044,0.2,567825,1226,425343,1221
Playground,8,Inst_1_test_IMG_E7044,0.3,567825,1226,242744,1209
Playground,8,Inst_1_test_IMG_E7044,0.4,567825,1226,120910,1175
Playground,8,Inst_1_test_IMG_E7044,0.5,567825,1226,53506,1117
Playground,8,Inst_1_test_IMG_E7044,0.6,567825,1226,23083,1001
Playground,8,Inst_1_test_IMG_E7044,0.7,567825,1226,10347,942
Playground,8,Inst_1_test_IMG_E7044,0.8,567825,1226,5493,888
Playground,8,Inst_1_test_IMG_E7044,0.9,567825,1226,3393,832
Playground,8,Inst_1_test_IMG_E7044,1.0,567825,1226,2230,789
Playground,8,Inst_1_test_IMG_E7044,1.2,567825,1226,1188,735
Playground,8,Inst_1_test_IMG_E7044,1.4,567825,1226,694,624
Playground,9,Inst_1_test_IMG_E7047,0.1,567825,1142,549933,1142
Playground,9,Inst_1_test_IMG_E7047,0.2,567825,1142,437669,1137
Playground,9,Inst_1_test_IMG_E7047,0.3,567825,1142,285517,1122
Playground,9,Inst_1_test_IMG_E7047,0.4,567825,1142,161880,1101
Playground,9,Inst_1_test_IMG_E7047,0.5,567825,1142,86155,1043
Playground,9,Inst_1_test_IMG_E7047,0.6,567825,1142,47451,957
Playground,9,Inst_1_test_IMG_E7047,0.7,567825,1142,29899,875
Playground,9,Inst_1_test_IMG_E7047,0.8,567825,1142,19201,796
Playground,9,Inst_1_test_IMG_E7047,0.9,567825,1142,11739,682
Playground,9,Inst_1_test_IMG_E7047,1.0,567825,1142,6811,619
Playground,9,Inst_1_test_IMG_E7047,1.2,567825,1142,1870,557
Playground,9,Inst_1_test_IMG_E7047,1.4,567825,1142,561,431
Playground,10,Inst_1_test_IMG_E7050,0.1,567825,1192,547478,1192
Playground,10,Inst_1_test_IMG_E7050,0.2,567825,1192,423159,1192
Playground,10,Inst_1_test_IMG_E7050,0.3,567825,1192,275204,1158
Playground,10,Inst_1_test_IMG_E7050,0.4,567825,1192,156908,1038
Playground,10,Inst_1_test_IMG_E7050,0.5,567825,1192,77713,919
Playground,10,Inst_1_test_IMG_E7050,0.6,567825,1192,38195,821
Playground,10,Inst_1_test_IMG_E7050,0.7,567825,1192,19521,713
Playground,10,Inst_1_test_IMG_E7050,0.8,567825,1192,9757,572
Playground,10,Inst_1_test_IMG_E7050,0.9,567825,1192,4699,422
Playground,10,Inst_1_test_IMG_E7050,1.0,567825,1192,2120,358
Playground,10,Inst_1_test_IMG_E7050,1.2,567825,1192,486,232
Playground,10,Inst_1_test_IMG_E7050,1.4,567825,1192,193,162
Playground,11,Inst_1_test_IMG_E7054,0.1,567825,1423,561300,1423
Playground,11,Inst_1_test_IMG_E7054,0.2,567825,1423,479081,1422
Playground,11,Inst_1_test_IMG_E7054,0.3,567825,1423,334238,1409
Playground,11,Inst_1_test_IMG_E7054,0.4,567825,1423,212207,1370
Playground,11,Inst_1_test_IMG_E7054,0.5,567825,1423,122432,1269
Playground,11,Inst_1_test_IMG_E7054,0.6,567825,1423,64928,1139
Playground,11,Inst_1_test_IMG_E7054,0.7,567825,1423,33078,943
Playground,11,Inst_1_test_IMG_E7054,0.8,567825,1423,16492,826
Playground,11,Inst_1_test_IMG_E7054,0.9,567825,1423,8422,737
Playground,11,Inst_1_test_IMG_E7054,1.0,567825,1423,4407,656
Playground,11,Inst_1_test_IMG_E7054,1.2,567825,1423,1382,420
Playground,11,Inst_1_test_IMG_E7054,1.4,567825,1423,381,104
Playground,12,Inst_1_test_IMG_E7056,0.1,567825,1473,563688,1473
Playground,12,Inst_1_test_IMG_E7056,0.2,567825,1473,481858,1470
Playground,12,Inst_1_test_IMG_E7056,0.3,567825,1473,317314,1463
Playground,12,Inst_1_test_IMG_E7056,0.4,567825,1473,199002,1443
Playground,12,Inst_1_test_IMG_E7056,0.5,567825,1473,118606,1377
Playground,12,Inst_1_test_IMG_E7056,0.6,567825,1473,69311,1266
Playground,12,Inst_1_test_IMG_E7056,0.7,567825,1473,40277,1111
Playground,12,Inst_1_test_IMG_E7056,0.8,567825,1473,22610,887
Playground,12,Inst_1_test_IMG_E7056,0.9,567825,1473,12083,696
Playground,12,Inst_1_test_IMG_E7056,1.0,567825,1473,6179,599
Playground,12,Inst_1_test_IMG_E7056,1.2,567825,1473,1393,391
Playground,12,Inst_1_test_IMG_E7056,1.4,567825,1473,298,166
Playground,13,Inst_1_test_IMG_E7058,0.1,567825,1826,554455,1826
Playground,13,Inst_1_test_IMG_E7058,0.2,567825,1826,433196,1826
Playground,13,Inst_1_test_IMG_E7058,0.3,567825,1826,279891,1817
Playground,13,Inst_1_test_IMG_E7058,0.4,567825,1826,174968,1785
Playground,13,Inst_1_test_IMG_E7058,0.5,567825,1826,107173,1692
Playground,13,Inst_1_test_IMG_E7058,0.6,567825,1826,64822,1543
Playground,13,Inst_1_test_IMG_E7058,0.7,567825,1826,37851,1303
Playground,13,Inst_1_test_IMG_E7058,0.8,567825,1826,20841,1019
Playground,13,Inst_1_test_IMG_E7058,0.9,567825,1826,10682,805
Playground,13,Inst_1_test_IMG_E7058,1.0,567825,1826,5204,675
Playground,13,Inst_1_test_IMG_E7058,1.2,567825,1826,1361,484
Playground,13,Inst_1_test_IMG_E7058,1.4,567825,1826,300,170
Playground,14,Inst_1_test_IMG_E7062,0.1,567825,2383,552184,2383
Playground,14,Inst_1_test_IMG_E7062,0.2,567825,2383,445758,2383
Playground,14,Inst_1_test_IMG_E7062,0.3,567825,2383,294731,2383
Playground,14,Inst_1_test_IMG_E7062,0.4,567825,2383,188416,2358
Playground,14,Inst_1_test_IMG_E7062,0.5,567825,2383,119859,2250
Playground,14,Inst_1_test_IMG_E7062,0.6,567825,2383,77883,2035
Playground,14,Inst_1_test_IMG_E7062,0.7,567825,2383,48083,1676
Playground,14,Inst_1_test_IMG_E7062,0.8,567825,2383,26543,1225
Playground,14,Inst_1_test_IMG_E7062,0.9,567825,2383,12879,895
Playground,14,Inst_1_test_IMG_E7062,1.0,567825,2383,5624,678
Playground,14,Inst_1_test_IMG_E7062,1.2,567825,2383,1166,447
Playground,14,Inst_1_test_IMG_E7062,1.4,567825,2383,201,94
Playground,15,Inst_1_test_IMG_E7064,0.1,567825,2459,560327,2459
Playground,15,Inst_1_test_IMG_E7064,0.2,567825,2459,419549,2459
Playground,15,Inst_1_test_IMG_E7064,0.3,567825,2459,229472,2458
Playground,15,Inst_1_test_IMG_E7064,0.4,567825,2459,123966,2457
Playground,15,Inst_1_test_IMG_E7064,0.5,567825,2459,68848,2422
Playground,15,Inst_1_test_IMG_E7064,0.6,567825,2459,38313,2312
Playground,15,Inst_1_test_IMG_E7064,0.7,567825,2459,22299,2094
Playground,15,Inst_1_test_IMG_E7064,0.8,567825,2459,13454,1817
Playground,15,Inst_1_test_IMG_E7064,0.9,567825,2459,8320,1381
Playground,15,Inst_1_test_IMG_E7064,1.0,567825,2459,4943,984
Playground,15,Inst_1_test_IMG_E7064,1.2,567825,2459,1402,536
Playground,15,Inst_1_test_IMG_E7064,1.4,567825,2459,308,189
Playground,16,Inst_1_test_IMG_E7068,0.1,567825,2627,555511,2627
Playground,16,Inst_1_test_IMG_E7068,0.2,567825,2627,474532,2627
Playground,16,Inst_1_test_IMG_E7068,0.3,567825,2627,344486,2627
Playground,16,Inst_1_test_IMG_E7068,0.4,567825,2627,223487,2621
Playground,16,Inst_1_test_IMG_E7068,0.5,567825,2627,131493,2585
Playground,16,Inst_1_test_IMG_E7068,0.6,567825,2627,75874,2451
Playground,16,Inst_1_test_IMG_E7068,0.7,567825,2627,42946,2129
Playground,16,Inst_1_test_IMG_E7068,0.8,567825,2627,22881,1798
Playground,16,Inst_1_test_IMG_E7068,0.9,567825,2627,10979,1379
Playground,16,Inst_1_test_IMG_E7068,1.0,567825,2627,5145,962
Playground,16,Inst_1_test_IMG_E7068,1.2,567825,2627,956,408
Playground,16,Inst_1_test_IMG_E7068,1.4,567825,2627,135,72
Playground,17,Inst_1_test_IMG_E7071,0.1,567825,2094,549688,2094
Playground,17,Inst_1_test_IMG_E7071,0.2,567825,2094,454031,2094
Playground,17,Inst_1_test_IMG_E7071,0.3,567825,2094,323338,2088
Playground,17,Inst_1_test_IMG_E7071,0.4,567825,2094,222150,1949
Playground,17,Inst_1_test_IMG_E7071,0.5,567825,2094,147011,1791
Playground,17,Inst_1_test_IMG_E7071,0.6,567825,2094,95198,1652
Playground,17,Inst_1_test_IMG_E7071,0.7,567825,2094,59945,1526
Playground,17,Inst_1_test_IMG_E7071,0.8,567825,2094,36275,1435
Playground,17,Inst_1_test_IMG_E7071,0.9,567825,2094,20252,1328
Playground,17,Inst_1_test_IMG_E7071,1.0,567825,2094,10178,1143
Playground,17,Inst_1_test_IMG_E7071,1.2,567825,2094,2221,834
Playground,17,Inst_1_test_IMG_E7071,1.4,567825,2094,424,302
Playground,18,Inst_1_test_IMG_E7073,0.1,567825,1742,538378,1742
Playground,18,Inst_1_test_IMG_E7073,0.2,567825,1742,440331,1740
Playground,18,Inst_1_test_IMG_E7073,0.3,567825,1742,309470,1733
Playground,18,Inst_1_test_IMG_E7073,0.4,567825,1742,224034,1695
Playground,18,Inst_1_test_IMG_E7073,0.5,567825,1742,158906,1634
Playground,18,Inst_1_test_IMG_E7073,0.6,567825,1742,104131,1541
Playground,18,Inst_1_test_IMG_E7073,0.7,567825,1742,65990,1425
Playground,18,Inst_1_test_IMG_E7073,0.8,567825,1742,41175,1316
Playground,18,Inst_1_test_IMG_E7073,0.9,567825,1742,24100,1207
Playground,18,Inst_1_test_IMG_E7073,1.0,567825,1742,12728,1119
Playground,18,Inst_1_test_IMG_E7073,1.2,567825,1742,2743,872
Playground,18,Inst_1_test_IMG_E7073,1.4,567825,1742,597,396
Playground,19,Inst_1_test_IMG_E7074,0.1,567825,2246,551583,2246
Playground,19,Inst_1_test_IMG_E7074,0.2,567825,2246,452361,2246
Playground,19,Inst_1_test_IMG_E7074,0.3,567825,2246,319813,2245
Playground,19,Inst_1_test_IMG_E7074,0.4,567825,2246,214681,2240
Playground,19,Inst_1_test_IMG_E7074,0.5,567825,2246,139891,2214
Playground,19,Inst_1_test_IMG_E7074,0.6,567825,2246,88598,2153
Playground,19,Inst_1_test_IMG_E7074,0.7,567825,2246,55506,2066
Playground,19,Inst_1_test_IMG_E7074,0.8,567825,2246,34466,2006
Playground,19,Inst_1_test_IMG_E7074,0.9,567825,2246,21262,1930
Playground,19,Inst_1_test_IMG_E7074,1.0,567825,2246,13087,1833
Playground,19,Inst_1_test_IMG_E7074,1.2,567825,2246,4648,1560
Playground,19,Inst_1_test_IMG_E7074,1.4,567825,2246,1138,648
Playground,20,Inst_1_test_IMG_E7078,0.1,567825,2116,550792,2116
Playground,20,Inst_1_test_IMG_E7078,0.2,567825,2116,418810,2116
Playground,20,Inst_1_test_IMG_E7078,0.3,567825,2116,250669,2104
Playground,20,Inst_1_test_IMG_E7078,0.4,567825,2116,150256,2063
Playground,20,Inst_1_test_IMG_E7078,0.5,567825,2116,92935,2024
Playground,20,Inst_1_test_IMG_E7078,0.6,567825,2116,62001,1981
Playground,20,Inst_1_test_IMG_E7078,0.7,567825,2116,41848,1936
Playground,20,Inst_1_test_IMG_E7078,0.8,567825,2116,25159,1861
Playground,20,Inst_1_test_IMG_E7078,0.9,567825,2116,13250,1769
Playground,20,Inst_1_test_IMG_E7078,1.0,567825,2116,6390,1493
Playground,20,Inst_1_test_IMG_E7078,1.2,567825,2116,953,380
Playground,20,Inst_1_test_IMG_E7078,1.4,567825,2116,103,55
Playground,21,Inst_1_test_IMG_E7080,0.1,567825,2625,549376,2625
Playground,21,Inst_1_test_IMG_E7080,0.2,567825,2625,414211,2625
Playground,21,Inst_1_test_IMG_E7080,0.3,567825,2625,268710,2625
Playground,21,Inst_1_test_IMG_E7080,0.4,567825,2625,174078,2625
Playground,21,Inst_1_test_IMG_E7080,0.5,567825,2625,106641,2615
Playground,21,Inst_1_test_IMG_E7080,0.6,567825,2625,67062,2605
Playground,21,Inst_1_test_IMG_E7080,0.7,567825,2625,43767,2557
Playground,21,Inst_1_test_IMG_E7080,0.8,567825,2625,28813,2466
Playground,21,Inst_1_test_IMG_E7080,0.9,567825,2625,17798,2294
Playground,21,Inst_1_test_IMG_E7080,1.0,567825,2625,10100,1853
Playground,21,Inst_1_test_IMG_E7080,1.2,567825,2625,2509,843
Playground,21,Inst_1_test_IMG_E7080,1.4,567825,2625,536,339
Playground,22,Inst_1_test_IMG_E7083,0.1,567825,2320,512146,2320
Playground,22,Inst_1_test_IMG_E7083,0.2,567825,2320,328878,2320
Playground,22,Inst_1_test_IMG_E7083,0.3,567825,2320,193476,2320
Playground,22,Inst_1_test_IMG_E7083,0.4,567825,2320,106800,2276
Playground,22,Inst_1_test_IMG_E7083,0.5,567825,2320,56495,2244
Playground,22,Inst_1_test_IMG_E7083,0.6,567825,2320,29427,2127
Playground,22,Inst_1_test_IMG_E7083,0.7,567825,2320,14085,1821
Playground,22,Inst_1_test_IMG_E7083,0.8,567825,2320,6149,1477
Playground,22,Inst_1_test_IMG_E7083,0.9,567825,2320,3037,1149
Playground,22,Inst_1_test_IMG_E7083,1.0,567825,2320,1858,951
Playground,22,Inst_1_test_IMG_E7083,1.2,567825,2320,817,612
Playground,22,Inst_1_test_IMG_E7083,1.4,567825,2320,263,247
Playground,23,Inst_1_test_IMG_E7088,0.1,567825,3178,546467,3178
Playground,23,Inst_1_test_IMG_E7088,0.2,567825,3178,430770,3178
Playground,23,Inst_1_test_IMG_E7088,0.3,567825,3178,281849,3176
Playground,23,Inst_1_test_IMG_E7088,0.4,567825,3178,168370,3171
Playground,23,Inst_1_test_IMG_E7088,0.5,567825,3178,90223,3160
Playground,23,Inst_1_test_IMG_E7088,0.6,567825,3178,47422,3147
Playground,23,Inst_1_test_IMG_E7088,0.7,567825,3178,25798,3094
Playground,23,Inst_1_test_IMG_E7088,0.8,567825,3178,15395,3006
Playground,23,Inst_1_test_IMG_E7088,0.9,567825,3178,10351,2872
Playground,23,Inst_1_test_IMG_E7088,1.0,567825,3178,7356,2683
Playground,23,Inst_1_test_IMG_E7088,1.2,567825,3178,3349,2146
Playground,23,Inst_1_test_IMG_E7088,1.4,567825,3178,1131,1024
Playground,24,Inst_1_test_IMG_E7094,0.1,567825,4021,549415,4021
Playground,24,Inst_1_test_IMG_E7094,0.2,567825,4021,406000,4021
Playground,24,Inst_1_test_IMG_E7094,0.3,567825,4021,238513,4019
Playground,24,Inst_1_test_IMG_E7094,0.4,567825,4021,132051,3995
Playground,24,Inst_1_test_IMG_E7094,0.5,567825,4021,80629,3957
Playground,24,Inst_1_test_IMG_E7094,0.6,567825,4021,50866,3883
Playground,24,Inst_1_test_IMG_E7094,0.7,567825,4021,29832,3800
Playground,24,Inst_1_test_IMG_E7094,0.8,567825,4021,16408,3680
Playground,24,Inst_1_test_IMG_E7094,0.9,567825,4021,9077,3415
Playground,24,Inst_1_test_IMG_E7094,1.0,567825,4021,5429,2895
Playground,24,Inst_1_test_IMG_E7094,1.2,567825,4021,2420,1958
Playground,24,Inst_1_test_IMG_E7094,1.4,567825,4021,1106,1063
Porch,0,Inst_1_test_IMG_E6624,0.1,565692,43684,528308,43684
Porch,0,Inst_1_test_IMG_E6624,0.2,565692,43684,363582,43684
Porch,0,Inst_1_test_IMG_E6624,0.3,565692,43684,212091,43679
Porch,0,Inst_1_test_IMG_E6624,0.4,565692,43684,124878,43368
Porch,0,Inst_1_test_IMG_E6624,0.5,565692,43684,80025,40099
Porch,0,Inst_1_test_IMG_E6624,0.6,565692,43684,56862,35122
Porch,0,Inst_1_test_IMG_E6624,0.7,565692,43684,44802,31980
Porch,0,Inst_1_test_IMG_E6624,0.8,565692,43684,37218,29583
Porch,0,Inst_1_test_IMG_E6624,0.9,565692,43684,31911,27544
Porch,0,Inst_1_test_IMG_E6624,1.0,565692,43684,27831,25613
Porch,0,Inst_1_test_IMG_E6624,1.2,565692,43684,15136,14701
Porch,0,Inst_1_test_IMG_E6624,1.4,565692,43684,4520,4416
Porch,1,Inst_1_test_IMG_E6627,0.1,565692,47360,490038,47360
Porch,1,Inst_1_test_IMG_E6627,0.2,565692,47360,300340,47360
Porch,1,Inst_1_test_IMG_E6627,0.3,565692,47360,173329,47324
Porch,1,Inst_1_test_IMG_E6627,0.4,565692,47360,110482,47211
Porch,1,Inst_1_test_IMG_E6627,0.5,565692,47360,80869,46940
Porch,1,Inst_1_test_IMG_E6627,0.6,565692,47360,66606,46143
Porch,1,Inst_1_test_IMG_E6627,0.7,565692,47360,57437,44796
Porch,1,Inst_1_test_IMG_E6627,0.8,565692,47360,50465,43307
Porch,1,Inst_1_test_IMG_E6627,0.9,565692,47360,45354,41849
Porch,1,Inst_1_test_IMG_E6627,1.0,565692,47360,37461,36079
Porch,1,Inst_1_test_IMG_E6627,1.2,565692,47360,9530,9366
Porch,1,Inst_1_test_IMG_E6627,1.4,565692,47360,1726,1704
Porch,2,Inst_1_test_IMG_E6631,0.1,565692,25671,507416,25671
Porch,2,Inst_1_test_IMG_E6631,0.2,565692,25671,319151,25671
Porch,2,Inst_1_test_IMG_E6631,0.3,565692,25671,154339,25671
Porch,2,Inst_1_test_IMG_E6631,0.4,565692,25671,86703,25671
Porch,2,Inst_1_test_IMG_E6631,0.5,565692,25671,60850,25662
Porch,2,Inst_1_test_IMG_E6631,0.6,565692,25671,48944,25619
Porch,2,Inst_1_test_IMG_E6631,0.7,565692,25671,41672,25477
Porch,2,Inst_1_test_IMG_E6631,0.8,565692,25671,36439,25194
Porch,2,Inst_1_test_IMG_E6631,0.9,565692,25671,31776,24651
Porch,2,Inst_1_test_IMG_E6631,1.0,565692,25671,27096,23003
Porch,2,Inst_1_test_IMG_E6631,1.2,565692,25671,12580,11846
Porch,2,Inst_1_test_IMG_E6631,1.4,565692,25671,3110,3075
Porch,3,Inst_1_test_IMG_E6637,0.1,565692,41471,512010,41471
Porch,3,Inst_1_test_IMG_E6637,0.2,565692,41471,340073,41471
Porch,3,Inst_1_test_IMG_E6637,0.3,565692,41471,180243,41471
Porch,3,Inst_1_test_IMG_E6637,0.4,565692,41471,97690,41467
Porch,3,Inst_1_test_IMG_E6637,0.5,565692,41471,65859,41313
Porch,3,Inst_1_test_IMG_E6637,0.6,565692,41471,53695,40973
Porch,3,Inst_1_test_IMG_E6637,0.7,565692,41471,47605,40067
Porch,3,Inst_1_test_IMG_E6637,0.8,565692,41471,43012,38379
Porch,3,Inst_1_test_IMG_E6637,0.9,565692,41471,37348,34547
Porch,3,Inst_1_test_IMG_E6637,1.0,565692,41471,29017,27426
Porch,3,Inst_1_test_IMG_E6637,1.2,565692,41471,9682,9397
Porch,3,Inst_1_test_IMG_E6637,1.4,565692,41471,1942,1939
Porch,4,Inst_1_test_IMG_E6643,0.1,565692,9215,484841,9215
Porch,4,Inst_1_test_IMG_E6643,0.2,565692,9215,235837,9215
Porch,4,Inst_1_test_IMG_E6643,0.3,565692,9215,99662,9215
Porch,4,Inst_1_test_IMG_E6643,0.4,565692,9215,53320,9194
Porch,4,Inst_1_test_IMG_E6643,0.5,565692,9215,31122,9107
Porch,4,Inst_1_test_IMG_E6643,0.6,565692,9215,19344,8945
Porch,4,Inst_1_test_IMG_E6643,0.7,565692,9215,13835,8652
Porch,4,Inst_1_test_IMG_E6643,0.8,565692,9215,10694,8056
Porch,4,Inst_1_test_IMG_E6643,0.9,565692,9215,8644,7256
Porch,4,Inst_1_test_IMG_E6643,1.0,565692,9215,6519,5773
Porch,4,Inst_1_test_IMG_E6643,1.2,565692,9215,2587,2355
Porch,4,Inst_1_test_IMG_E6643,1.4,565692,9215,836,732
Porch,5,Inst_1_test_IMG_E6648,0.1,565692,5051,468133,5051
Porch,5,Inst_1_test_IMG_E6648,0.2,565692,5051,207906,5051
Porch,5,Inst_1_test_IMG_E6648,0.3,565692,5051,102737,5051
Porch,5,Inst_1_test_IMG_E6648,0.4,565692,5051,54467,5050
Porch,5,Inst_1_test_IMG_E6648,0.5,565692,5051,30788,5032
Porch,5,Inst_1_test_IMG_E6648,0.6,565692,5051,18819,4972
Porch,5,Inst_1_test_IMG_E6648,0.7,565692,5051,12068,4834
Porch,5,Inst_1_test_IMG_E6648,0.8,565692,5051,8138,4556
Porch,5,Inst_1_test_IMG_E6648,0.9,565692,5051,5770,4078
Porch,5,Inst_1_test_IMG_E6648,1.0,565692,5051,4326,3574
Porch,5,Inst_1_test_IMG_E6648,1.2,565692,5051,2199,2090
Porch,5,Inst_1_test_IMG_E6648,1.4,565692,5051,865,864
Porch,6,Inst_1_test_IMG_E6660,0.1,565692,20668,551253,20668
Porch,6,Inst_1_test_IMG_E6660,0.2,565692,20668,420005,20668
Porch,6,Inst_1_test_IMG_E6660,0.3,565692,20668,279198,20668
Porch,6,Inst_1_test_IMG_E6660,0.4,565692,20668,200649,20665
Porch,6,Inst_1_test_IMG_E6660,0.5,565692,20668,150957,20627
Porch,6,Inst_1_test_IMG_E6660,0.6,565692,20668,115321,20454
Porch,6,Inst_1_test_IMG_E6660,0.7,565692,20668,88070,20027
Porch,6,Inst_1_test_IMG_E6660,0.8,565692,20668,66019,19258
Porch,6,Inst_1_test_IMG_E6660,0.9,565692,20668,46818,17356
Porch,6,Inst_1_test_IMG_E6660,1.0,565692,20668,30522,13946
Porch,6,Inst_1_test_IMG_E6660,1.2,565692,20668,12738,8768
Porch,6,Inst_1_test_IMG_E6660,1.4,565692,20668,6408,5740
Porch,7,Inst_1_test_IMG_E6667,0.1,565692,30112,543469,30112
Porch,7,Inst_1_test_IMG_E6667,0.2,565692,30112,371067,30112
Porch,7,Inst_1_test_IMG_E6667,0.3,565692,30112,188960,29776
Porch,7,Inst_1_test_IMG_E6667,0.4,565692,30112,102814,28207
Porch,7,Inst_1_test_IMG_E6667,0.5,565692,30112,61845,25215
Porch,7,Inst_1_test_IMG_E6667,0.6,565692,30112,43187,22897
Porch,7,Inst_1_test_IMG_E6667,0.7,565692,30112,32195,21081
Porch,7,Inst_1_test_IMG_E6667,0.8,565692,30112,25649,19436
Porch,7,Inst_1_test_IMG_E6667,0.9,565692,30112,21243,17988
Porch,7,Inst_1_test_IMG_E6667,1.0,565692,30112,17727,16085
Porch,7,Inst_1_test_IMG_E6667,1.2,565692,30112,9892,9519
Porch,7,Inst_1_test_IMG_E6667,1.4,565692,30112,2383,2335
Porch,8,Inst_1_test_IMG_E6673,0.1,565692,48519,517475,48519
Porch,8,Inst_1_test_IMG_E6673,0.2,565692,48519,317247,48519
Porch,8,Inst_1_test_IMG_E6673,0.3,565692,48519,172198,48519
Porch,8,Inst_1_test_IMG_E6673,0.4,565692,48519,107423,48508
Porch,8,Inst_1_test_IMG_E6673,0.5,565692,48519,78775,48302
Porch,8,Inst_1_test_IMG_E6673,0.6,565692,48519,66775,47572
Porch,8,Inst_1_test_IMG_E6673,0.7,565692,48519,58984,46432
Porch,8,Inst_1_test_IMG_E6673,0.8,565692,48519,52373,44890
Porch,8,Inst_1_test_IMG_E6673,0.9,565692,48519,46595,42716
Porch,8,Inst_1_test_IMG_E6673,1.0,565692,48519,35380,33725
Porch,8,Inst_1_test_IMG_E6673,1.2,565692,48519,10961,10734
Porch,8,Inst_1_test_IMG_E6673,1.4,565692,48519,2261,2236
Porch,9,Inst_1_test_IMG_E6674,0.1,565692,37080,495628,37080
Porch,9,Inst_1_test_IMG_E6674,0.2,565692,37080,315991,37080
Porch,9,Inst_1_test_IMG_E6674,0.3,565692,37080,174930,37080
Porch,9,Inst_1_test_IMG_E6674,0.4,565692,37080,111505,37080
Porch,9,Inst_1_test_IMG_E6674,0.5,565692,37080,78912,37056
Porch,9,Inst_1_test_IMG_E6674,0.6,565692,37080,62408,36895
Porch,9,Inst_1_test_IMG_E6674,0.7,565692,37080,52452,36527
Porch,9,Inst_1_test_IMG_E6674,0.8,565692,37080,45318,35716
Porch,9,Inst_1_test_IMG_E6674,0.9,565692,37080,39205,34172
Porch,9,Inst_1_test_IMG_E6674,1.0,565692,37080,33459,31460
Porch,9,Inst_1_test_IMG_E6674,1.2,565692,37080,10116,9950
Porch,9,Inst_1_test_IMG_E6674,1.4,565692,37080,1421,1407
Porch,10,Inst_1_test_IMG_E6675,0.1,565692,35526,516753,35526
Porch,10,Inst_1_test_IMG_E6675,0.2,565692,35526,350268,35526
Porch,10,Inst_1_test_IMG_E6675,0.3,565692,35526,194164,35526
Porch,10,Inst_1_test_IMG_E6675,0.4,565692,35526,122741,35524
Porch,10,Inst_1_test_IMG_E6675,0.5,565692,35526,84904,35457
Porch,10,Inst_1_test_IMG_E6675,0.6,565692,35526,64040,35288
Porch,10,Inst_1_test_IMG_E6675,0.7,565692,35526,52079,34926
Porch,10,Inst_1_test_IMG_E6675,0.8,565692,35526,44470,34204
Porch,10,Inst_1_test_IMG_E6675,0.9,565692,35526,38922,33116
Porch,10,Inst_1_test_IMG_E6675,1.0,565692,35526,32391,29547
Porch,10,Inst_1_test_IMG_E6675,1.2,565692,35526,13404,13024
Porch,10,Inst_1_test_IMG_E6675,1.4,565692,35526,2093,2008
Porch,11,Inst_1_test_IMG_E6676,0.1,565692,35651,539586,35651
Porch,11,Inst_1_test_IMG_E6676,0.2,565692,35651,358378,35651
Porch,11,Inst_1_test_IMG_E6676,0.3,565692,35651,207427,35651
Porch,11,Inst_1_test_IMG_E6676,0.4,565692,35651,133294,35651
Porch,11,Inst_1_test_IMG_E6676,0.5,565692,35651,93356,35644
Porch,11,Inst_1_test_IMG_E6676,0.6,565692,35651,70792,35615
Porch,11,Inst_1_test_IMG_E6676,0.7,565692,35651,57840,35513
Porch,11,Inst_1_test_IMG_E6676,0.8,565692,35651,49496,35249
Porch,11,Inst_1_test_IMG_E6676,0.9,565692,35651,43505,34828
Porch,11,Inst_1_test_IMG_E6676,1.0,565692,35651,38260,33684
Porch,11,Inst_1_test_IMG_E6676,1.2,565692,35651,23262,22593
Porch,11,Inst_1_test_IMG_E6676,1.4,565692,35651,5208,5134
Porch,12,Inst_1_test_IMG_E6677,0.1,565692,28880,522386,28880
Porch,12,Inst_1_test_IMG_E6677,0.2,565692,28880,336315,28880
Porch,12,Inst_1_test_IMG_E6677,0.3,565692,28880,199383,28880
Porch,12,Inst_1_test_IMG_E6677,0.4,565692,28880,129216,28880
Porch,12,Inst_1_test_IMG_E6677,0.5,565692,28880,88498,28877
Porch,12,Inst_1_test_IMG_E6677,0.6,565692,28880,66078,28859
Porch,12,Inst_1_test_IMG_E6677,0.7,565692,28880,52638,28770
Porch,12,Inst_1_test_IMG_E6677,0.8,565692,28880,43639,28600
Porch,12,Inst_1_test_IMG_E6677,0.9,565692,28880,36818,28160
Porch,12,Inst_1_test_IMG_E6677,1.0,565692,28880,31492,26982
Porch,12,Inst_1_test_IMG_E6677,1.2,565692,28880,17961,17333
Porch,12,Inst_1_test_IMG_E6677,1.4,565692,28880,4661,4617
Porch,13,Inst_1_test_IMG_E6678,0.1,565692,26114,510106,26114
Porch,13,Inst_1_test_IMG_E6678,0.2,565692,26114,323345,26114
Porch,13,Inst_1_test_IMG_E6678,0.3,565692,26114,180313,26114
Porch,13,Inst_1_test_IMG_E6678,0.4,565692,26114,104662,26114
Porch,13,Inst_1_test_IMG_E6678,0.5,565692,26114,63897,24180
Porch,13,Inst_1_test_IMG_E6678,0.6,565692,26114,41890,19602
Porch,13,Inst_1_test_IMG_E6678,0.7,565692,26114,30739,17497
Porch,13,Inst_1_test_IMG_E6678,0.8,565692,26114,23815,15795
Porch,13,Inst_1_test_IMG_E6678,0.9,565692,26114,18909,14100
Porch,13,Inst_1_test_IMG_E6678,1.0,565692,26114,15387,12533
Porch,13,Inst_1_test_IMG_E6678,1.2,565692,26114,9392,8577
Porch,13,Inst_1_test_IMG_E6678,1.4,565692,26114,4353,4132
Porch,14,Inst_1_test_IMG_E6679,0.1,565692,28994,514812,28994
Porch,14,Inst_1_test_IMG_E6679,0.2,565692,28994,345807,28994
Porch,14,Inst_1_test_IMG_E6679,0.3,565692,28994,207534,28994
Porch,14,Inst_1_test_IMG_E6679,0.4,565692,28994,115982,28964
Porch,14,Inst_1_test_IMG_E6679,0.5,565692,28994,70737,28882
Porch,14,Inst_1_test_IMG_E6679,0.6,565692,28994,50890,28758
Porch,14,Inst_1_test_IMG_E6679,0.7,565692,28994,41267,28541
Porch,14,Inst_1_test_IMG_E6679,0.8,565692,28994,35486,28007
Porch,14,Inst_1_test_IMG_E6679,0.9,565692,28994,31030,26761
Porch,14,Inst_1_test_IMG_E6679,1.0,565692,28994,25340,23155
Porch,14,Inst_1_test_IMG_E6679,1.2,565692,28994,12684,12253
Porch,14,Inst_1_test_IMG_E6679,1.4,565692,28994,3175,3099
Porch,15,Inst_1_test_IMG_E6680,0.1,565692,29951,505691,29951
Porch,15,Inst_1_test_IMG_E6680,0.2,565692,29951,313736,29951
Porch,15,Inst_1_test_IMG_E6680,0.3,565692,29951,187932,29951
Porch,15,Inst_1_test_IMG_E6680,0.4,565692,29951,116158,29951
Porch,15,Inst_1_test_IMG_E6680,0.5,565692,29951,79871,29947
Porch,15,Inst_1_test_IMG_E6680,0.6,565692,29951,60628,29918
Porch,15,Inst_1_test_IMG_E6680,0.7,565692,29951,50186,29777
Porch,15,Inst_1_test_IMG_E6680,0.8,565692,29951,42959,29526
Porch,15,Inst_1_test_IMG_E6680,0.9,565692,29951,37340,29174
Porch,15,Inst_1_test_IMG_E6680,1.0,565692,29951,32387,28072
Porch,15,Inst_1_test_IMG_E6680,1.2,565692,29951,19578,18956
Porch,15,Inst_1_test_IMG_E6680,1.4,565692,29951,4270,4220
Porch,16,Inst_1_test_IMG_E6681,0.1,565692,20758,524221,20758
Porch,16,Inst_1_test_IMG_E6681,0.2,565692,20758,341038,20758
Porch,16,Inst_1_test_IMG_E6681,0.3,565692,20758,164614,20758
Porch,16,Inst_1_test_IMG_E6681,0.4,565692,20758,81209,20758
Porch,16,Inst_1_test_IMG_E6681,0.5,565692,20758,52493,20735
Porch,16,Inst_1_test_IMG_E6681,0.6,565692,20758,40673,20658
Porch,16,Inst_1_test_IMG_E6681,0.7,565692,20758,34241,20529
Porch,16,Inst_1_test_IMG_E6681,0.8,565692,20758,29893,20307
Porch,16,Inst_1_test_IMG_E6681,0.9,565692,20758,26303,19908
Porch,16,Inst_1_test_IMG_E6681,1.0,565692,20758,22828,19180
Porch,16,Inst_1_test_IMG_E6681,1.2,565692,20758,12150,11449
Porch,16,Inst_1_test_IMG_E6681,1.4,565692,20758,3803,3718
Porch,17,Inst_1_test_IMG_E6682,0.1,565692,29552,533828,29552
Porch,17,Inst_1_test_IMG_E6682,0.2,565692,29552,402327,29552
Porch,17,Inst_1_test_IMG_E6682,0.3,565692,29552,228248,29552
Porch,17,Inst_1_test_IMG_E6682,0.4,565692,29552,130560,29552
Porch,17,Inst_1_test_IMG_E6682,0.5,565692,29552,75118,29550
Porch,17,Inst_1_test_IMG_E6682,0.6,565692,29552,54039,29543
Porch,17,Inst_1_test_IMG_E6682,0.7,565692,29552,44203,29507
Porch,17,Inst_1_test_IMG_E6682,0.8,565692,29552,38026,29291
Porch,17,Inst_1_test_IMG_E6682,0.9,565692,29552,33808,28466
Porch,17,Inst_1_test_IMG_E6682,1.0,565692,29552,30810,27533
Porch,17,Inst_1_test_IMG_E6682,1.2,565692,29552,16650,15949
Porch,17,Inst_1_test_IMG_E6682,1.4,565692,29552,6305,6269
Porch,18,Inst_1_test_IMG_E6683,0.1,565692,37128,492072,37128
Porch,18,Inst_1_test_IMG_E6683,0.2,565692,37128,298425,37127
Porch,18,Inst_1_test_IMG_E6683,0.3,565692,37128,167860,37116
Porch,18,Inst_1_test_IMG_E6683,0.4,565692,37128,87817,37072
Porch,18,Inst_1_test_IMG_E6683,0.5,565692,37128,58160,36938
Porch,18,Inst_1_test_IMG_E6683,0.6,565692,37128,47299,36495
Porch,18,Inst_1_test_IMG_E6683,0.7,565692,37128,41777,35467
Porch,18,Inst_1_test_IMG_E6683,0.8,565692,37128,37649,33818
Porch,18,Inst_1_test_IMG_E6683,0.9,565692,37128,31204,29039
Porch,18,Inst_1_test_IMG_E6683,1.0,565692,37128,22342,21205
Porch,18,Inst_1_test_IMG_E6683,1.2,565692,37128,7014,6836
Porch,18,Inst_1_test_IMG_E6683,1.4,565692,37128,1676,1649
Porch,19,Inst_1_test_IMG_E6684,0.1,565692,23815,506119,23815
Porch,19,Inst_1_test_IMG_E6684,0.2,565692,23815,282139,23815
Porch,19,Inst_1_test_IMG_E6684,0.3,565692,23815,117253,23815
Porch,19,Inst_1_test_IMG_E6684,0.4,565692,23815,61059,23810
Porch,19,Inst_1_test_IMG_E6684,0.5,565692,23815,40035,23609
Porch,19,Inst_1_test_IMG_E6684,0.6,565692,23815,31097,23099
Porch,19,Inst_1_test_IMG_E6684,0.7,565692,23815,26788,22110
Porch,19,Inst_1_test_IMG_E6684,0.8,565692,23815,23597,20618
Porch,19,Inst_1_test_IMG_E6684,0.9,565692,23815,19352,17520
Porch,19,Inst_1_test_IMG_E6684,1.0,565692,23815,13155,12023
Porch,19,Inst_1_test_IMG_E6684,1.2,565692,23815,5181,4740
Porch,19,Inst_1_test_IMG_E6684,1.4,565692,23815,1640,1466
Porch,20,Inst_1_test_IMG_E6685,0.1,565692,7123,500561,7123
Porch,20,Inst_1_test_IMG_E6685,0.2,565692,7123,289594,7123
Porch,20,Inst_1_test_IMG_E6685,0.3,565692,7123,131240,7121
Porch,20,Inst_1_test_IMG_E6685,0.4,565692,7123,66556,7112
Porch,20,Inst_1_test_IMG_E6685,0.5,565692,7123,36821,7092
Porch,20,Inst_1_test_IMG_E6685,0.6,565692,7123,22141,7056
Porch,20,Inst_1_test_IMG_E6685,0.7,565692,7123,15027,7034
Porch,20,Inst_1_test_IMG_E6685,0.8,565692,7123,11307,7008
Porch,20,Inst_1_test_IMG_E6685,0.9,565692,7123,9281,6935
Porch,20,Inst_1_test_IMG_E6685,1.0,565692,7123,8084,6743
Porch,20,Inst_1_test_IMG_E6685,1.2,565692,7123,4292,3895
Porch,20,Inst_1_test_IMG_E6685,1.4,565692,7123,1560,1383
Porch,21,Inst_1_test_IMG_E6686,0.1,565692,5315,486940,5315
Porch,21,Inst_1_test_IMG_E6686,0.2,565692,5315,247523,5315
Porch,21,Inst_1_test_IMG_E6686,0.3,565692,5315,109333,5315
Porch,21,Inst_1_test_IMG_E6686,0.4,565692,5315,51300,5314
Porch,21,Inst_1_test_IMG_E6686,0.5,565692,5315,27581,5309
Porch,21,Inst_1_test_IMG_E6686,0.6,565692,5315,16384,5280
Porch,21,Inst_1_test_IMG_E6686,0.7,565692,5315,10620,5049
Porch,21,Inst_1_test_IMG_E6686,0.8,565692,5315,7543,4791
Porch,21,Inst_1_test_IMG_E6686,0.9,565692,5315,5595,4318
Porch,21,Inst_1_test_IMG_E6686,1.0,565692,5315,4400,3776
Porch,21,Inst_1_test_IMG_E6686,1.2,565692,5315,2629,2532
Porch,21,Inst_1_test_IMG_E6686,1.4,565692,5315,1023,1019
Porch,22,Inst_1_test_IMG_E6687,0.1,565692,5859,549704,5859
Porch,22,Inst_1_test_IMG_E6687,0.2,565692,5859,310727,5859
Porch,22,Inst_1_test_IMG_E6687,0.3,565692,5859,130259,5859
Porch,22,Inst_1_test_IMG_E6687,0.4,565692,5859,63798,5859
Porch,22,Inst_1_test_IMG_E6687,0.5,565692,5859,36793,5852
Porch,22,Inst_1_test_IMG_E6687,0.6,565692,5859,23310,5802
Porch,22,Inst_1_test_IMG_E6687,0.7,565692,5859,15234,5655
Porch,22,Inst_1_test_IMG_E6687,0.8,565692,5859,10358,5422
Porch,22,Inst_1_test_IMG_E6687,0.9,565692,5859,7605,5049
Porch,22,Inst_1_test_IMG_E6687,1.0,565692,5859,5905,4573
Porch,22,Inst_1_test_IMG_E6687,1.2,565692,5859,3602,3351
Porch,22,Inst_1_test_IMG_E6687,1.4,565692,5859,2087,2026
Porch,23,Inst_1_test_IMG_E6688,0.1,565692,7943,536174,7943
Porch,23,Inst_1_test_IMG_E6688,0.2,565692,7943,297282,7943
Porch,23,Inst_1_test_IMG_E6688,0.3,565692,7943,109495,7943
Porch,23,Inst_1_test_IMG_E6688,0.4,565692,7943,53415,7943
Porch,23,Inst_1_test_IMG_E6688,0.5,565692,7943,33725,7933
Porch,23,Inst_1_test_IMG_E6688,0.6,565692,7943,23655,7833
Porch,23,Inst_1_test_IMG_E6688,0.7,565692,7943,17101,7561
Porch,23,Inst_1_test_IMG_E6688,0.8,565692,7943,12590,7097
Porch,23,Inst_1_test_IMG_E6688,0.9,565692,7943,9376,6472
Porch,23,Inst_1_test_IMG_E6688,1.0,565692,7943,6888,5566
Porch,23,Inst_1_test_IMG_E6688,1.2,565692,7943,4102,3900
Porch,23,Inst_1_test_IMG_E6688,1.4,565692,7943,2077,2057
Porch,24,Inst_1_test_IMG_E6689,0.1,565692,12856,519953,12856
Porch,24,Inst_1_test_IMG_E6689,0.2,565692,12856,290407,12856
Porch,24,Inst_1_test_IMG_E6689,0.3,565692,12856,128066,12856
Porch,24,Inst_1_test_IMG_E6689,0.4,565692,12856,75730,12853
Porch,24,Inst_1_test_IMG_E6689,0.5,565692,12856,53774,12823
Porch,24,Inst_1_test_IMG_E6689,0.6,565692,12856,40144,12637
Porch,24,Inst_1_test_IMG_E6689,0.7,565692,12856,30488,12247
Porch,24,Inst_1_test_IMG_E6689,0.8,565692,12856,23000,11798
Porch,24,Inst_1_test_IMG_E6689,0.9,565692,12856,17122,10889
Porch,24,Inst_1_test_IMG_E6689,1.0,565692,12856,11838,8775
Porch,24,Inst_1_test_IMG_E6689,1.2,565692,12856,6256,5695
Porch,24,Inst_1_test_IMG_E6689,1.4,565692,12856,3725,3639
Pots,0,Inst_1_test_IMG_E2658,0.1,563000,13818,556395,13818
Pots,0,Inst_1_test_IMG_E2658,0.2,563000,13818,459362,13818
Pots,0,Inst_1_test_IMG_E2658,0.3,563000,13818,299116,13818
Pots,0,Inst_1_test_IMG_E2658,0.4,563000,13818,179614,13818
Pots,0,Inst_1_test_IMG_E2658,0.5,563000,13818,104811,13818
Pots,0,Inst_1_test_IMG_E2658,0.6,563000,13818,58729,13818
Pots,0,Inst_1_test_IMG_E2658,0.7,563000,13818,35913,13818
Pots,0,Inst_1_test_IMG_E2658,0.8,563000,13818,25243,13816
Pots,0,Inst_1_test_IMG_E2658,0.9,563000,13818,20712,13802
Pots,0,Inst_1_test_IMG_E2658,1.0,563000,13818,17954,13681
Pots,0,Inst_1_test_IMG_E2658,1.2,563000,13818,13079,11550
Pots,0,Inst_1_test_IMG_E2658,1.4,563000,13818,6702,6386
Pots,1,Inst_1_test_IMG_E2660,0.1,563000,13196,558028,13196
Pots,1,Inst_1_test_IMG_E2660,0.2,563000,13196,511373,13196
Pots,1,Inst_1_test_IMG_E2660,0.3,563000,13196,391817,13196
Pots,1,Inst_1_test_IMG_E2660,0.4,563000,13196,276263,13196
Pots,1,Inst_1_test_IMG_E2660,0.5,563000,13196,184817,13196
Pots,1,Inst_1_test_IMG_E2660,0.6,563000,13196,113186,13196
Pots,1,Inst_1_test_IMG_E2660,0.7,563000,13196,63997,13196
Pots,1,Inst_1_test_IMG_E2660,0.8,563000,13196,37959,13159
Pots,1,Inst_1_test_IMG_E2660,0.9,563000,13196,25216,13059
Pots,1,Inst_1_test_IMG_E2660,1.0,563000,13196,17834,12015
Pots,1,Inst_1_test_IMG_E2660,1.2,563000,13196,7678,6560
Pots,1,Inst_1_test_IMG_E2660,1.4,563000,13196,1303,1240
Pots,2,Inst_1_test_IMG_E2662,0.1,563000,13402,560461,13402
Pots,2,Inst_1_test_IMG_E2662,0.2,563000,13402,527386,13402
Pots,2,Inst_1_test_IMG_E2662,0.3,563000,13402,398310,13402
Pots,2,Inst_1_test_IMG_E2662,0.4,563000,13402,234254,13402
Pots,2,Inst_1_test_IMG_E2662,0.5,563000,13402,120298,13402
Pots,2,Inst_1_test_IMG_E2662,0.6,563000,13402,59548,13402
Pots,2,Inst_1_test_IMG_E2662,0.7,563000,13402,34582,13402
Pots,2,Inst_1_test_IMG_E2662,0.8,563000,13402,25265,13402
Pots,2,Inst_1_test_IMG_E2662,0.9,563000,13402,21158,13362
Pots,2,Inst_1_test_IMG_E2662,1.0,563000,13402,18689,13282
Pots,2,Inst_1_test_IMG_E2662,1.2,563000,13402,12997,10692
Pots,2,Inst_1_test_IMG_E2662,1.4,563000,13402,7043,6297
Pots,3,Inst_1_test_IMG_E2664,0.1,563000,14659,559282,14659
Pots,3,Inst_1_test_IMG_E2664,0.2,563000,14659,521487,14659
Pots,3,Inst_1_test_IMG_E2664,0.3,563000,14659,372743,14659
Pots,3,Inst_1_test_IMG_E2664,0.4,563000,14659,211998,14659
Pots,3,Inst_1_test_IMG_E2664,0.5,563000,14659,117672,14659
Pots,3,Inst_1_test_IMG_E2664,0.6,563000,14659,74538,14659
Pots,3,Inst_1_test_IMG_E2664,0.7,563000,14659,51360,14659
Pots,3,Inst_1_test_IMG_E2664,0.8,563000,14659,37748,14643
Pots,3,Inst_1_test_IMG_E2664,0.9,563000,14659,29739,14559
Pots,3,Inst_1_test_IMG_E2664,1.0,563000,14659,22903,14054
Pots,3,Inst_1_test_IMG_E2664,1.2,563000,14659,12749,10832
Pots,3,Inst_1_test_IMG_E2664,1.4,563000,14659,5753,5483
Pots,4,Inst_1_test_IMG_E2667,0.1,563000,15801,560136,15801
Pots,4,Inst_1_test_IMG_E2667,0.2,563000,15801,479245,15801
Pots,4,Inst_1_test_IMG_E2667,0.3,563000,15801,309931,15801
Pots,4,Inst_1_test_IMG_E2667,0.4,563000,15801,171586,15801
Pots,4,Inst_1_test_IMG_E2667,0.5,563000,15801,93812,15801
Pots,4,Inst_1_test_IMG_E2667,0.6,563000,15801,54258,15801
Pots,4,Inst_1_test_IMG_E2667,0.7,563000,15801,35297,15801
Pots,4,Inst_1_test_IMG_E2667,0.8,563000,15801,26119,15785
Pots,4,Inst_1_test_IMG_E2667,0.9,563000,15801,21763,15667
Pots,4,Inst_1_test_IMG_E2667,1.0,563000,15801,19202,15228
Pots,4,Inst_1_test_IMG_E2667,1.2,563000,15801,12247,10837
Pots,4,Inst_1_test_IMG_E2667,1.4,563000,15801,5112,4796
Pots,5,Inst_1_test_IMG_E2669,0.1,563000,15510,559388,15510
Pots,5,Inst_1_test_IMG_E2669,0.2,563000,15510,495777,15510
Pots,5,Inst_1_test_IMG_E2669,0.3,563000,15510,350762,15510
Pots,5,Inst_1_test_IMG_E2669,0.4,563000,15510,215847,15510
Pots,5,Inst_1_test_IMG_E2669,0.5,563000,15510,126123,15510
Pots,5,Inst_1_test_IMG_E2669,0.6,563000,15510,72919,15510
Pots,5,Inst_1_test_IMG_E2669,0.7,563000,15510,45177,15510
Pots,5,Inst_1_test_IMG_E2669,0.8,563000,15510,31051,15509
Pots,5,Inst_1_test_IMG_E2669,0.9,563000,15510,23845,15413
Pots,5,Inst_1_test_IMG_E2669,1.0,563000,15510,19951,15100
Pots,5,Inst_1_test_IMG_E2669,1.2,563000,15510,12763,11437
Pots,5,Inst_1_test_IMG_E2669,1.4,563000,15510,4704,4509
Pots,6,Inst_1_test_IMG_E2673,0.1,563000,9723,551088,9723
Pots,6,Inst_1_test_IMG_E2673,0.2,563000,9723,473804,9723
Pots,6,Inst_1_test_IMG_E2673,0.3,563000,9723,357323,9723
Pots,6,Inst_1_test_IMG_E2673,0.4,563000,9723,249258,9723
Pots,6,Inst_1_test_IMG_E2673,0.5,563000,9723,158763,9723
Pots,6,Inst_1_test_IMG_E2673,0.6,563000,9723,93934,9723
Pots,6,Inst_1_test_IMG_E2673,0.7,563000,9723,52965,9719
Pots,6,Inst_1_test_IMG_E2673,0.8,563000,9723,30386,9708
Pots,6,Inst_1_test_IMG_E2673,0.9,563000,9723,20051,9665
Pots,6,Inst_1_test_IMG_E2673,1.0,563000,9723,15247,9581
Pots,6,Inst_1_test_IMG_E2673,1.2,563000,9723,10340,8737
Pots,6,Inst_1_test_IMG_E2673,1.4,563000,9723,6354,6003
Pots,7,Inst_1_test_IMG_E2675,0.1,563000,9731,558607,9731
Pots,7,Inst_1_test_IMG_E2675,0.2,563000,9731,484743,9731
Pots,7,Inst_1_test_IMG_E2675,0.3,563000,9731,314616,9731
Pots,7,Inst_1_test_IMG_E2675,0.4,563000,9731,172783,9731
Pots,7,Inst_1_test_IMG_E2675,0.5,563000,9731,91738,9731
Pots,7,Inst_1_test_IMG_E2675,0.6,563000,9731,56714,9724
Pots,7,Inst_1_test_IMG_E2675,0.7,563000,9731,39318,9680
Pots,7,Inst_1_test_IMG_E2675,0.8,563000,9731,28073,9591
Pots,7,Inst_1_test_IMG_E2675,0.9,563000,9731,20873,9396
Pots,7,Inst_1_test_IMG_E2675,1.0,563000,9731,15660,9099
Pots,7,Inst_1_test_IMG_E2675,1.2,563000,9731,8681,6676
Pots,7,Inst_1_test_IMG_E2675,1.4,563000,9731,2303,1770
Pots,8,Inst_1_test_IMG_E2679,0.1,563000,15715,560131,15715
Pots,8,Inst_1_test_IMG_E2679,0.2,563000,15715,467671,15715
Pots,8,Inst_1_test_IMG_E2679,0.3,563000,15715,307945,15715
Pots,8,Inst_1_test_IMG_E2679,0.4,563000,15715,186962,15715
Pots,8,Inst_1_test_IMG_E2679,0.5,563000,15715,113172,15715
Pots,8,Inst_1_test_IMG_E2679,0.6,563000,15715,66414,15715
Pots,8,Inst_1_test_IMG_E2679,0.7,563000,15715,44796,15715
Pots,8,Inst_1_test_IMG_E2679,0.8,563000,15715,33158,15715
Pots,8,Inst_1_test_IMG_E2679,0.9,563000,15715,26303,15678
Pots,8,Inst_1_test_IMG_E2679,1.0,563000,15715,22050,15447
Pots,8,Inst_1_test_IMG_E2679,1.2,563000,15715,13138,11080
Pots,8,Inst_1_test_IMG_E2679,1.4,563000,15715,4577,3752
Pots,9,Inst_1_test_IMG_E2682,0.1,563000,8483,557448,8483
Pots,9,Inst_1_test_IMG_E2682,0.2,563000,8483,470372,8483
Pots,9,Inst_1_test_IMG_E2682,0.3,563000,8483,323058,8483
Pots,9,Inst_1_test_IMG_E2682,0.4,563000,8483,196272,8483
Pots,9,Inst_1_test_IMG_E2682,0.5,563000,8483,113348,8483
Pots,9,Inst_1_test_IMG_E2682,0.6,563000,8483,63668,8481
Pots,9,Inst_1_test_IMG_E2682,0.7,563000,8483,37906,8467
Pots,9,Inst_1_test_IMG_E2682,0.8,563000,8483,23915,8413
Pots,9,Inst_1_test_IMG_E2682,0.9,563000,8483,16799,8286
Pots,9,Inst_1_test_IMG_E2682,1.0,563000,8483,12712,7948
Pots,9,Inst_1_test_IMG_E2682,1.2,563000,8483,6845,5316
Pots,9,Inst_1_test_IMG_E2682,1.4,563000,8483,1917,1314
Pots,10,Inst_1_test_IMG_E2685,0.1,563000,13116,557182,13116
Pots,10,Inst_1_test_IMG_E2685,0.2,563000,13116,434725,13116
Pots,10,Inst_1_test_IMG_E2685,0.3,563000,13116,257149,13116
Pots,10,Inst_1_test_IMG_E2685,0.4,563000,13116,136988,13116
Pots,10,Inst_1_test_IMG_E2685,0.5,563000,13116,72546,13116
Pots,10,Inst_1_test_IMG_E2685,0.6,563000,13116,41991,13116
Pots,10,Inst_1_test_IMG_E2685,0.7,563000,13116,27394,13116
Pots,10,Inst_1_test_IMG_E2685,0.8,563000,13116,20781,13109
Pots,10,Inst_1_test_IMG_E2685,0.9,563000,13116,17955,13080
Pots,10,Inst_1_test_IMG_E2685,1.0,563000,13116,16397,12929
Pots,10,Inst_1_test_IMG_E2685,1.2,563000,13116,12258,10743
Pots,10,Inst_1_test_IMG_E2685,1.4,563000,13116,5840,5466
Pots,11,Inst_1_test_IMG_E2688,0.1,563000,18104,555305,18104
Pots,11,Inst_1_test_IMG_E2688,0.2,563000,18104,426713,18104
Pots,11,Inst_1_test_IMG_E2688,0.3,563000,18104,243244,18104
Pots,11,Inst_1_test_IMG_E2688,0.4,563000,18104,120686,18104
Pots,11,Inst_1_test_IMG_E2688,0.5,563000,18104,60705,18104
Pots,11,Inst_1_test_IMG_E2688,0.6,563000,18104,36554,18097
Pots,11,Inst_1_test_IMG_E2688,0.7,563000,18104,26707,18066
Pots,11,Inst_1_test_IMG_E2688,0.8,563000,18104,22320,17874
Pots,11,Inst_1_test_IMG_E2688,0.9,563000,18104,19614,17230
Pots,11,Inst_1_test_IMG_E2688,1.0,563000,18104,16210,14905
Pots,11,Inst_1_test_IMG_E2688,1.2,563000,18104,7200,6899
Pots,11,Inst_1_test_IMG_E2688,1.4,563000,18104,1102,1099
Pots,12,Inst_1_test_IMG_E2691,0.1,563000,12892,557718,12892
Pots,12,Inst_1_test_IMG_E2691,0.2,563000,12892,428770,12892
Pots,12,Inst_1_test_IMG_E2691,0.3,563000,12892,244050,12892
Pots,12,Inst_1_test_IMG_E2691,0.4,563000,12892,122676,12892
Pots,12,Inst_1_test_IMG_E2691,0.5,563000,12892,63552,12892
Pots,12,Inst_1_test_IMG_E2691,0.6,563000,12892,37871,12892
Pots,12,Inst_1_test_IMG_E2691,0.7,563000,12892,26796,12889
Pots,12,Inst_1_test_IMG_E2691,0.8,563000,12892,21196,12864
Pots,12,Inst_1_test_IMG_E2691,0.9,563000,12892,17766,12726
Pots,12,Inst_1_test_IMG_E2691,1.0,563000,12892,15474,12460
Pots,12,Inst_1_test_IMG_E2691,1.2,563000,12892,9933,9160
Pots,12,Inst_1_test_IMG_E2691,1.4,563000,12892,3628,3569
Pots,13,Inst_1_test_IMG_E2693,0.1,563000,21005,556645,21005
Pots,13,Inst_1_test_IMG_E2693,0.2,563000,21005,499050,21005
Pots,13,Inst_1_test_IMG_E2693,0.3,563000,21005,363454,21005
Pots,13,Inst_1_test_IMG_E2693,0.4,563000,21005,212916,21005
Pots,13,Inst_1_test_IMG_E2693,0.5,563000,21005,116518,21005
Pots,13,Inst_1_test_IMG_E2693,0.6,563000,21005,66678,21003
Pots,13,Inst_1_test_IMG_E2693,0.7,563000,21005,43120,20999
Pots,13,Inst_1_test_IMG_E2693,0.8,563000,21005,32136,20939
Pots,13,Inst_1_test_IMG_E2693,0.9,563000,21005,27212,20830
Pots,13,Inst_1_test_IMG_E2693,1.0,563000,21005,24387,20503
Pots,13,Inst_1_test_IMG_E2693,1.2,563000,21005,17847,16570
Pots,13,Inst_1_test_IMG_E2693,1.4,563000,21005,7182,6945
Pots,14,Inst_1_test_IMG_E2696,0.1,563000,25901,555331,25901
Pots,14,Inst_1_test_IMG_E2696,0.2,563000,25901,434766,25901
Pots,14,Inst_1_test_IMG_E2696,0.3,563000,25901,270344,25901
Pots,14,Inst_1_test_IMG_E2696,0.4,563000,25901,156893,25901
Pots,14,Inst_1_test_IMG_E2696,0.5,563000,25901,95651,25901
Pots,14,Inst_1_test_IMG_E2696,0.6,563000,25901,65380,25901
Pots,14,Inst_1_test_IMG_E2696,0.7,563000,25901,50279,25893
Pots,14,Inst_1_test_IMG_E2696,0.8,563000,25901,42363,25849
Pots,14,Inst_1_test_IMG_E2696,0.9,563000,25901,36935,25322
Pots,14,Inst_1_test_IMG_E2696,1.0,563000,25901,32590,24591
Pots,14,Inst_1_test_IMG_E2696,1.2,563000,25901,21103,18462
Pots,14,Inst_1_test_IMG_E2696,1.4,563000,25901,5870,5455
Pots,15,Inst_1_test_IMG_E2698,0.1,563000,22797,561140,22797
Pots,15,Inst_1_test_IMG_E2698,0.2,563000,22797,495098,22797
Pots,15,Inst_1_test_IMG_E2698,0.3,563000,22797,334674,22797
Pots,15,Inst_1_test_IMG_E2698,0.4,563000,22797,198032,22797
Pots,15,Inst_1_test_IMG_E2698,0.5,563000,22797,116571,22797
Pots,15,Inst_1_test_IMG_E2698,0.6,563000,22797,75130,22779
Pots,15,Inst_1_test_IMG_E2698,0.7,563000,22797,53014,22728
Pots,15,Inst_1_test_IMG_E2698,0.8,563000,22797,41203,22671
Pots,15,Inst_1_test_IMG_E2698,0.9,563000,22797,34214,22566
Pots,15,Inst_1_test_IMG_E2698,1.0,563000,22797,29629,22052
Pots,15,Inst_1_test_IMG_E2698,1.2,563000,22797,23353,19983
Pots,15,Inst_1_test_IMG_E2698,1.4,563000,22797,13104,11766
Pots,16,Inst_1_test_IMG_E2700,0.1,563000,13696,553334,13696
Pots,16,Inst_1_test_IMG_E2700,0.2,563000,13696,450492,13696
Pots,16,Inst_1_test_IMG_E2700,0.3,563000,13696,304238,13696
Pots,16,Inst_1_test_IMG_E2700,0.4,563000,13696,184230,13696
Pots,16,Inst_1_test_IMG_E2700,0.5,563000,13696,112816,13696
Pots,16,Inst_1_test_IMG_E2700,0.6,563000,13696,68379,13696
Pots,16,Inst_1_test_IMG_E2700,0.7,563000,13696,43109,13696
Pots,16,Inst_1_test_IMG_E2700,0.8,563000,13696,29802,13684
Pots,16,Inst_1_test_IMG_E2700,0.9,563000,13696,23419,13512
Pots,16,Inst_1_test_IMG_E2700,1.0,563000,13696,19900,13076
Pots,16,Inst_1_test_IMG_E2700,1.2,563000,13696,14785,11905
Pots,16,Inst_1_test_IMG_E2700,1.4,563000,13696,7972,7161
Pots,17,Inst_1_test_IMG_E2703,0.1,563000,13989,558014,13989
Pots,17,Inst_1_test_IMG_E2703,0.2,563000,13989,429103,13989
Pots,17,Inst_1_test_IMG_E2703,0.3,563000,13989,233569,13989
Pots,17,Inst_1_test_IMG_E2703,0.4,563000,13989,124105,13989
Pots,17,Inst_1_test_IMG_E2703,0.5,563000,13989,74650,13989
Pots,17,Inst_1_test_IMG_E2703,0.6,563000,13989,47423,13989
Pots,17,Inst_1_test_IMG_E2703,0.7,563000,13989,31433,13989
Pots,17,Inst_1_test_IMG_E2703,0.8,563000,13989,23722,13988
Pots,17,Inst_1_test_IMG_E2703,0.9,563000,13989,20054,13931
Pots,17,Inst_1_test_IMG_E2703,1.0,563000,13989,17649,13688
Pots,17,Inst_1_test_IMG_E2703,1.2,563000,13989,12922,11534
Pots,17,Inst_1_test_IMG_E2703,1.4,563000,13989,6072,5803
Pots,18,Inst_1_test_IMG_E2705,0.1,563000,14985,556362,14985
Pots,18,Inst_1_test_IMG_E2705,0.2,563000,14985,404576,14985
Pots,18,Inst_1_test_IMG_E2705,0.3,563000,14985,208196,14985
Pots,18,Inst_1_test_IMG_E2705,0.4,563000,14985,114011,14985
Pots,18,Inst_1_test_IMG_E2705,0.5,563000,14985,68840,14985
Pots,18,Inst_1_test_IMG_E2705,0.6,563000,14985,42277,14985
Pots,18,Inst_1_test_IMG_E2705,0.7,563000,14985,29290,14985
Pots,18,Inst_1_test_IMG_E2705,0.8,563000,14985,23446,14985
Pots,18,Inst_1_test_IMG_E2705,0.9,563000,14985,20376,14874
Pots,18,Inst_1_test_IMG_E2705,1.0,563000,14985,18461,14704
Pots,18,Inst_1_test_IMG_E2705,1.2,563000,14985,14321,12871
Pots,18,Inst_1_test_IMG_E2705,1.4,563000,14985,7185,6849
Pots,19,Inst_1_test_IMG_E2708,0.1,563000,12039,547668,12039
Pots,19,Inst_1_test_IMG_E2708,0.2,563000,12039,405693,12039
Pots,19,Inst_1_test_IMG_E2708,0.3,563000,12039,241036,12039
Pots,19,Inst_1_test_IMG_E2708,0.4,563000,12039,122991,12039
Pots,19,Inst_1_test_IMG_E2708,0.5,563000,12039,63780,12039
Pots,19,Inst_1_test_IMG_E2708,0.6,563000,12039,37014,12039
Pots,19,Inst_1_test_IMG_E2708,0.7,563000,12039,25176,12039
Pots,19,Inst_1_test_IMG_E2708,0.8,563000,12039,19708,12010
Pots,19,Inst_1_test_IMG_E2708,0.9,563000,12039,16723,11970
Pots,19,Inst_1_test_IMG_E2708,1.0,563000,12039,14596,11840
Pots,19,Inst_1_test_IMG_E2708,1.2,563000,12039,10295,9499
Pots,19,Inst_1_test_IMG_E2708,1.4,563000,12039,5009,4809
Pots,20,Inst_1_test_IMG_E2711,0.1,563000,13298,555545,13298
Pots,20,Inst_1_test_IMG_E2711,0.2,563000,13298,419899,13298
Pots,20,Inst_1_test_IMG_E2711,0.3,563000,13298,256980,13298
Pots,20,Inst_1_test_IMG_E2711,0.4,563000,13298,150494,13298
Pots,20,Inst_1_test_IMG_E2711,0.5,563000,13298,87336,13298
Pots,20,Inst_1_test_IMG_E2711,0.6,563000,13298,53514,13298
Pots,20,Inst_1_test_IMG_E2711,0.7,563000,13298,34864,13298
Pots,20,Inst_1_test_IMG_E2711,0.8,563000,13298,24860,13297
Pots,20,Inst_1_test_IMG_E2711,0.9,563000,13298,19685,13289
Pots,20,Inst_1_test_IMG_E2711,1.0,563000,13298,17217,13245
Pots,20,Inst_1_test_IMG_E2711,1.2,563000,13298,13368,11881
Pots,20,Inst_1_test_IMG_E2711,1.4,563000,13298,7417,7154
Pots,21,Inst_1_test_IMG_E2714,0.1,563000,12824,560330,12824
Pots,21,Inst_1_test_IMG_E2714,0.2,563000,12824,493626,12824
Pots,21,Inst_1_test_IMG_E2714,0.3,563000,12824,344019,12824
Pots,21,Inst_1_test_IMG_E2714,0.4,563000,12824,209146,12824
Pots,21,Inst_1_test_IMG_E2714,0.5,563000,12824,127065,12824
Pots,21,Inst_1_test_IMG_E2714,0.6,563000,12824,74043,12824
Pots,21,Inst_1_test_IMG_E2714,0.7,563000,12824,42755,12823
Pots,21,Inst_1_test_IMG_E2714,0.8,563000,12824,27210,12818
Pots,21,Inst_1_test_IMG_E2714,0.9,563000,12824,20203,12793
Pots,21,Inst_1_test_IMG_E2714,1.0,563000,12824,16751,12677
Pots,21,Inst_1_test_IMG_E2714,1.2,563000,12824,12571,11195
Pots,21,Inst_1_test_IMG_E2714,1.4,563000,12824,5442,5215
Pots,22,Inst_1_test_IMG_E2715,0.1,563000,10776,543324,10776
Pots,22,Inst_1_test_IMG_E2715,0.2,563000,10776,358959,10776
Pots,22,Inst_1_test_IMG_E2715,0.3,563000,10776,188181,10776
Pots,22,Inst_1_test_IMG_E2715,0.4,563000,10776,94966,10776
Pots,22,Inst_1_test_IMG_E2715,0.5,563000,10776,59981,10776
Pots,22,Inst_1_test_IMG_E2715,0.6,563000,10776,45531,10774
Pots,22,Inst_1_test_IMG_E2715,0.7,563000,10776,36549,10766
Pots,22,Inst_1_test_IMG_E2715,0.8,563000,10776,29191,10722
Pots,22,Inst_1_test_IMG_E2715,0.9,563000,10776,22914,10606
Pots,22,Inst_1_test_IMG_E2715,1.0,563000,10776,17108,9893
Pots,22,Inst_1_test_IMG_E2715,1.2,563000,10776,7747,6132
Pots,22,Inst_1_test_IMG_E2715,1.4,563000,10776,1055,891
Pots,23,Inst_1_test_IMG_E2716,0.1,563000,10305,553796,10305
Pots,23,Inst_1_test_IMG_E2716,0.2,563000,10305,382443,10305
Pots,23,Inst_1_test_IMG_E2716,0.3,563000,10305,216419,10305
Pots,23,Inst_1_test_IMG_E2716,0.4,563000,10305,121490,10305
Pots,23,Inst_1_test_IMG_E2716,0.5,563000,10305,72549,10305
Pots,23,Inst_1_test_IMG_E2716,0.6,563000,10305,45540,10305
Pots,23,Inst_1_test_IMG_E2716,0.7,563000,10305,31043,10305
Pots,23,Inst_1_test_IMG_E2716,0.8,563000,10305,23375,10298
Pots,23,Inst_1_test_IMG_E2716,0.9,563000,10305,18832,10264
Pots,23,Inst_1_test_IMG_E2716,1.0,563000,10305,15670,10175
Pots,23,Inst_1_test_IMG_E2716,1.2,563000,10305,11553,9465
Pots,23,Inst_1_test_IMG_E2716,1.4,563000,10305,5499,4897
Pots,24,Inst_1_test_IMG_E2718,0.1,563000,17672,544168,17672
Pots,24,Inst_1_test_IMG_E2718,0.2,563000,17672,354802,17672
Pots,24,Inst_1_test_IMG_E2718,0.3,563000,17672,170448,17672
Pots,24,Inst_1_test_IMG_E2718,0.4,563000,17672,81295,17672
Pots,24,Inst_1_test_IMG_E2718,0.5,563000,17672,48246,17672
Pots,24,Inst_1_test_IMG_E2718,0.6,563000,17672,34043,17672
Pots,24,Inst_1_test_IMG_E2718,0.7,563000,17672,28043,17672
Pots,24,Inst_1_test_IMG_E2718,0.8,563000,17672,24421,17648
Pots,24,Inst_1_test_IMG_E2718,0.9,563000,17672,22019,17533
Pots,24,Inst_1_test_IMG_E2718,1.0,563000,17672,20340,17323
Pots,24,Inst_1_test_IMG_E2718,1.2,563000,17672,13947,12913
Pots,24,Inst_1_test_IMG_E2718,1.4,563000,17672,6515,6330
Printing_area,0,Inst_1_test_IMG_2192,0.1,571536,16888,546547,16888
Printing_area,0,Inst_1_test_IMG_2192,0.2,571536,16888,421863,16882
Printing_area,0,Inst_1_test_IMG_2192,0.3,571536,16888,302694,16840
Printing_area,0,Inst_1_test_IMG_2192,0.4,571536,16888,215213,16772
Printing_area,0,Inst_1_test_IMG_2192,0.5,571536,16888,154326,16569
Printing_area,0,Inst_1_test_IMG_2192,0.6,571536,16888,109319,16034
Printing_area,0,Inst_1_test_IMG_2192,0.7,571536,16888,77022,15052
Printing_area,0,Inst_1_test_IMG_2192,0.8,571536,16888,52243,14150
Printing_area,0,Inst_1_test_IMG_2192,0.9,571536,16888,36935,13239
Printing_area,0,Inst_1_test_IMG_2192,1.0,571536,16888,25583,9807
Printing_area,0,Inst_1_test_IMG_2192,1.2,571536,16888,10852,4469
Printing_area,0,Inst_1_test_IMG_2192,1.4,571536,16888,4397,2193
Printing_area,1,Inst_1_test_IMG_2197,0.1,571536,23339,440547,23339
Printing_area,1,Inst_1_test_IMG_2197,0.2,571536,23339,231261,23339
Printing_area,1,Inst_1_test_IMG_2197,0.3,571536,23339,107510,23325
Printing_area,1,Inst_1_test_IMG_2197,0.4,571536,23339,52903,23283
Printing_area,1,Inst_1_test_IMG_2197,0.5,571536,23339,38954,22687
Printing_area,1,Inst_1_test_IMG_2197,0.6,571536,23339,31308,21276
Printing_area,1,Inst_1_test_IMG_2197,0.7,571536,23339,26067,20049
Printing_area,1,Inst_1_test_IMG_2197,0.8,571536,23339,20763,18407
Printing_area,1,Inst_1_test_IMG_2197,0.9,571536,23339,16933,16177
Printing_area,1,Inst_1_test_IMG_2197,1.0,571536,23339,13036,12788
Printing_area,1,Inst_1_test_IMG_2197,1.2,571536,23339,5961,5956
Printing_area,1,Inst_1_test_IMG_2197,1.4,571536,23339,2046,2045
Printing_area,2,Inst_1_test_IMG_2199,0.1,571536,7789,525219,7789
Printing_area,2,Inst_1_test_IMG_2199,0.2,571536,7789,280161,7789
Printing_area,2,Inst_1_test_IMG_2199,0.3,571536,7789,146848,7789
Printing_area,2,Inst_1_test_IMG_2199,0.4,571536,7789,73835,7789
Printing_area,2,Inst_1_test_IMG_2199,0.5,571536,7789,39851,7782
Printing_area,2,Inst_1_test_IMG_2199,0.6,571536,7789,23944,7678
Printing_area,2,Inst_1_test_IMG_2199,0.7,571536,7789,15329,7400
Printing_area,2,Inst_1_test_IMG_2199,0.8,571536,7789,10788,7055
Printing_area,2,Inst_1_test_IMG_2199,0.9,571536,7789,8368,6577
Printing_area,2,Inst_1_test_IMG_2199,1.0,571536,7789,6463,5612
Printing_area,2,Inst_1_test_IMG_2199,1.2,571536,7789,3157,3001
Printing_area,2,Inst_1_test_IMG_2199,1.4,571536,7789,815,802
Printing_area,3,Inst_1_test_IMG_2200,0.1,571536,22529,435859,22529
Printing_area,3,Inst_1_test_IMG_2200,0.2,571536,22529,188167,22529
Printing_area,3,Inst_1_test_IMG_2200,0.3,571536,22529,103381,22498
Printing_area,3,Inst_1_test_IMG_2200,0.4,571536,22529,62112,22422
Printing_area,3,Inst_1_test_IMG_2200,0.5,571536,22529,44238,21791
Printing_area,3,Inst_1_test_IMG_2200,0.6,571536,22529,34381,19895
Printing_area,3,Inst_1_test_IMG_2200,0.7,571536,22529,27613,18188
Printing_area,3,Inst_1_test_IMG_2200,0.8,571536,22529,22665,16662
Printing_area,3,Inst_1_test_IMG_2200,0.9,571536,22529,18569,15577
Printing_area,3,Inst_1_test_IMG_2200,1.0,571536,22529,15818,14301
Printing_area,3,Inst_1_test_IMG_2200,1.2,571536,22529,10256,9831
Printing_area,3,Inst_1_test_IMG_2200,1.4,571536,22529,4904,4851
Printing_area,4,Inst_1_test_IMG_2201,0.1,571536,34713,406479,34713
Printing_area,4,Inst_1_test_IMG_2201,0.2,571536,34713,173973,34713
Printing_area,4,Inst_1_test_IMG_2201,0.3,571536,34713,102963,34713
Printing_area,4,Inst_1_test_IMG_2201,0.4,571536,34713,76277,34089
Printing_area,4,Inst_1_test_IMG_2201,0.5,571536,34713,52688,30783
Printing_area,4,Inst_1_test_IMG_2201,0.6,571536,34713,39681,27165
Printing_area,4,Inst_1_test_IMG_2201,0.7,571536,34713,29925,24096
Printing_area,4,Inst_1_test_IMG_2201,0.8,571536,34713,24410,21515
Printing_area,4,Inst_1_test_IMG_2201,0.9,571536,34713,19948,18811
Printing_area,4,Inst_1_test_IMG_2201,1.0,571536,34713,16249,15691
Printing_area,4,Inst_1_test_IMG_2201,1.2,571536,34713,8604,8529
Printing_area,4,Inst_1_test_IMG_2201,1.4,571536,34713,3259,3233
Printing_area,5,Inst_1_test_IMG_2202,0.1,571536,54752,475985,54752
Printing_area,5,Inst_1_test_IMG_2202,0.2,571536,54752,267828,54749
Printing_area,5,Inst_1_test_IMG_2202,0.3,571536,54752,163391,54714
Printing_area,5,Inst_1_test_IMG_2202,0.4,571536,54752,107096,54585
Printing_area,5,Inst_1_test_IMG_2202,0.5,571536,54752,84164,52287
Printing_area,5,Inst_1_test_IMG_2202,0.6,571536,54752,69027,47423
Printing_area,5,Inst_1_test_IMG_2202,0.7,571536,54752,57567,44346
Printing_area,5,Inst_1_test_IMG_2202,0.8,571536,54752,48946,42188
Printing_area,5,Inst_1_test_IMG_2202,0.9,571536,54752,43342,39578
Printing_area,5,Inst_1_test_IMG_2202,1.0,571536,54752,36948,34977
Printing_area,5,Inst_1_test_IMG_2202,1.2,571536,54752,19540,19096
Printing_area,5,Inst_1_test_IMG_2202,1.4,571536,54752,8203,8103
Printing_area,6,Inst_1_test_IMG_2203,0.1,571536,35457,472554,35457
Printing_area,6,Inst_1_test_IMG_2203,0.2,571536,35457,202337,35457
Printing_area,6,Inst_1_test_IMG_2203,0.3,571536,35457,101598,35448
Printing_area,6,Inst_1_test_IMG_2203,0.4,571536,35457,65668,35399
Printing_area,6,Inst_1_test_IMG_2203,0.5,571536,35457,46594,33424
Printing_area,6,Inst_1_test_IMG_2203,0.6,571536,35457,36883,29404
Printing_area,6,Inst_1_test_IMG_2203,0.7,571536,35457,30435,26317
Printing_area,6,Inst_1_test_IMG_2203,0.8,571536,35457,26034,23956
Printing_area,6,Inst_1_test_IMG_2203,0.9,571536,35457,22670,21611
Printing_area,6,Inst_1_test_IMG_2203,1.0,571536,35457,19486,19006
Printing_area,6,Inst_1_test_IMG_2203,1.2,571536,35457,10410,10368
Printing_area,6,Inst_1_test_IMG_2203,1.4,571536,35457,3093,3092
Printing_area,7,Inst_1_test_IMG_2205,0.1,571536,62636,463537,62636
Printing_area,7,Inst_1_test_IMG_2205,0.2,571536,62636,283099,62636
Printing_area,7,Inst_1_test_IMG_2205,0.3,571536,62636,160519,62626
Printing_area,7,Inst_1_test_IMG_2205,0.4,571536,62636,112067,59796
Printing_area,7,Inst_1_test_IMG_2205,0.5,571536,62636,91513,56562
Printing_area,7,Inst_1_test_IMG_2205,0.6,571536,62636,77817,53644
Printing_area,7,Inst_1_test_IMG_2205,0.7,571536,62636,65751,51180
Printing_area,7,Inst_1_test_IMG_2205,0.8,571536,62636,55226,48072
Printing_area,7,Inst_1_test_IMG_2205,0.9,571536,62636,47157,43525
Printing_area,7,Inst_1_test_IMG_2205,1.0,571536,62636,35193,33577
Printing_area,7,Inst_1_test_IMG_2205,1.2,571536,62636,14985,14675
Printing_area,7,Inst_1_test_IMG_2205,1.4,571536,62636,4704,4578
Printing_area,8,Inst_1_test_IMG_2206,0.1,571536,33690,503715,33690
Printing_area,8,Inst_1_test_IMG_2206,0.2,571536,33690,297837,33690
Printing_area,8,Inst_1_test_IMG_2206,0.3,571536,33690,162818,33690
Printing_area,8,Inst_1_test_IMG_2206,0.4,571536,33690,97104,33690
Printing_area,8,Inst_1_test_IMG_2206,0.5,571536,33690,64454,33680
Printing_area,8,Inst_1_test_IMG_2206,0.6,571536,33690,49573,33618
Printing_area,8,Inst_1_test_IMG_2206,0.7,571536,33690,42134,33239
Printing_area,8,Inst_1_test_IMG_2206,0.8,571536,33690,36886,31989
Printing_area,8,Inst_1_test_IMG_2206,0.9,571536,33690,32051,29739
Printing_area,8,Inst_1_test_IMG_2206,1.0,571536,33690,28271,27152
Printing_area,8,Inst_1_test_IMG_2206,1.2,571536,33690,17023,16801
Printing_area,8,Inst_1_test_IMG_2206,1.4,571536,33690,5714,5691
Printing_area,9,Inst_1_test_IMG_2207,0.1,571536,21187,484774,21187
Printing_area,9,Inst_1_test_IMG_2207,0.2,571536,21187,255845,21187
Printing_area,9,Inst_1_test_IMG_2207,0.3,571536,21187,173492,21182
Printing_area,9,Inst_1_test_IMG_2207,0.4,571536,21187,130014,21140
Printing_area,9,Inst_1_test_IMG_2207,0.5,571536,21187,97109,20991
Printing_area,9,Inst_1_test_IMG_2207,0.6,571536,21187,75100,20735
Printing_area,9,Inst_1_test_IMG_2207,0.7,571536,21187,60529,20503
Printing_area,9,Inst_1_test_IMG_2207,0.8,571536,21187,51036,19911
Printing_area,9,Inst_1_test_IMG_2207,0.9,571536,21187,42586,18193
Printing_area,9,Inst_1_test_IMG_2207,1.0,571536,21187,34655,14958
Printing_area,9,Inst_1_test_IMG_2207,1.2,571536,21187,20349,6933
Printing_area,9,Inst_1_test_IMG_2207,1.4,571536,21187,7159,2787
Printing_area,10,Inst_1_test_IMG_2208,0.1,571536,82027,514720,82027
Printing_area,10,Inst_1_test_IMG_2208,0.2,571536,82027,331086,82027
Printing_area,10,Inst_1_test_IMG_2208,0.3,571536,82027,202658,81935
Printing_area,10,Inst_1_test_IMG_2208,0.4,571536,82027,148686,81131
Printing_area,10,Inst_1_test_IMG_2208,0.5,571536,82027,115728,75152
Printing_area,10,Inst_1_test_IMG_2208,0.6,571536,82027,94356,71291
Printing_area,10,Inst_1_test_IMG_2208,0.7,571536,82027,82232,69159
Printing_area,10,Inst_1_test_IMG_2208,0.8,571536,82027,74243,66252
Printing_area,10,Inst_1_test_IMG_2208,0.9,571536,82027,67185,62225
Printing_area,10,Inst_1_test_IMG_2208,1.0,571536,82027,56823,54389
Printing_area,10,Inst_1_test_IMG_2208,1.2,571536,82027,32305,31535
Printing_area,10,Inst_1_test_IMG_2208,1.4,571536,82027,14318,14147
Printing_area,11,Inst_1_test_IMG_2210,0.1,571536,61201,504488,61201
Printing_area,11,Inst_1_test_IMG_2210,0.2,571536,61201,256013,61201
Printing_area,11,Inst_1_test_IMG_2210,0.3,571536,61201,155415,61176
Printing_area,11,Inst_1_test_IMG_2210,0.4,571536,61201,112274,60216
Printing_area,11,Inst_1_test_IMG_2210,0.5,571536,61201,88482,57100
Printing_area,11,Inst_1_test_IMG_2210,0.6,571536,61201,72790,54247
Printing_area,11,Inst_1_test_IMG_2210,0.7,571536,61201,62440,52206
Printing_area,11,Inst_1_test_IMG_2210,0.8,571536,61201,54800,49245
Printing_area,11,Inst_1_test_IMG_2210,0.9,571536,61201,48023,45125
Printing_area,11,Inst_1_test_IMG_2210,1.0,571536,61201,38987,37451
Printing_area,11,Inst_1_test_IMG_2210,1.2,571536,61201,19778,19443
Printing_area,11,Inst_1_test_IMG_2210,1.4,571536,61201,8945,8831
Printing_area,12,Inst_1_test_IMG_2211,0.1,571536,67057,483751,67057
Printing_area,12,Inst_1_test_IMG_2211,0.2,571536,67057,297295,67057
Printing_area,12,Inst_1_test_IMG_2211,0.3,571536,67057,175653,67046
Printing_area,12,Inst_1_test_IMG_2211,0.4,571536,67057,111456,66953
Printing_area,12,Inst_1_test_IMG_2211,0.5,571536,67057,88076,66693
Printing_area,12,Inst_1_test_IMG_2211,0.6,571536,67057,78052,64575
Printing_area,12,Inst_1_test_IMG_2211,0.7,571536,67057,69629,61128
Printing_area,12,Inst_1_test_IMG_2211,0.8,571536,67057,61405,56186
Printing_area,12,Inst_1_test_IMG_2211,0.9,571536,67057,54211,51222
Printing_area,12,Inst_1_test_IMG_2211,1.0,571536,67057,42637,41178
Printing_area,12,Inst_1_test_IMG_2211,1.2,571536,67057,20167,19843
Printing_area,12,Inst_1_test_IMG_2211,1.4,571536,67057,7887,7794
Printing_area,13,Inst_1_test_IMG_2215,0.1,571536,56383,519987,56383
Printing_area,13,Inst_1_test_IMG_2215,0.2,571536,56383,328058,56375
Printing_area,13,Inst_1_test_IMG_2215,0.3,571536,56383,194967,56290
Printing_area,13,Inst_1_test_IMG_2215,0.4,571536,56383,124713,56199
Printing_area,13,Inst_1_test_IMG_2215,0.5,571536,56383,92865,56051
Printing_area,13,Inst_1_test_IMG_2215,0.6,571536,56383,76580,54980
Printing_area,13,Inst_1_test_IMG_2215,0.7,571536,56383,66137,52543
Printing_area,13,Inst_1_test_IMG_2215,0.8,571536,56383,55450,47676
Printing_area,13,Inst_1_test_IMG_2215,0.9,571536,56383,47296,43227
Printing_area,13,Inst_1_test_IMG_2215,1.0,571536,56383,36255,34479
Printing_area,13,Inst_1_test_IMG_2215,1.2,571536,56383,14862,14573
Printing_area,13,Inst_1_test_IMG_2215,1.4,571536,56383,6755,6691
Printing_area,14,Inst_1_test_IMG_2216,0.1,571536,43836,505118,43836
Printing_area,14,Inst_1_test_IMG_2216,0.2,571536,43836,237137,43830
Printing_area,14,Inst_1_test_IMG_2216,0.3,571536,43836,134367,43803
Printing_area,14,Inst_1_test_IMG_2216,0.4,571536,43836,90299,43703
Printing_area,14,Inst_1_test_IMG_2216,0.5,571536,43836,69913,43007
Printing_area,14,Inst_1_test_IMG_2216,0.6,571536,43836,57763,41422
Printing_area,14,Inst_1_test_IMG_2216,0.7,571536,43836,49003,39428
Printing_area,14,Inst_1_test_IMG_2216,0.8,571536,43836,42896,37349
Printing_area,14,Inst_1_test_IMG_2216,0.9,571536,43836,36349,33541
Printing_area,14,Inst_1_test_IMG_2216,1.0,571536,43836,25452,24205
Printing_area,14,Inst_1_test_IMG_2216,1.2,571536,43836,11731,11554
Printing_area,14,Inst_1_test_IMG_2216,1.4,571536,43836,3369,3316
Printing_area,15,Inst_1_test_IMG_2217,0.1,571536,52441,481697,52441
Printing_area,15,Inst_1_test_IMG_2217,0.2,571536,52441,308167,52441
Printing_area,15,Inst_1_test_IMG_2217,0.3,571536,52441,200570,52309
Printing_area,15,Inst_1_test_IMG_2217,0.4,571536,52441,127417,49554
Printing_area,15,Inst_1_test_IMG_2217,0.5,571536,52441,88568,46030
Printing_area,15,Inst_1_test_IMG_2217,0.6,571536,52441,68766,42865
Printing_area,15,Inst_1_test_IMG_2217,0.7,571536,52441,56911,40481
Printing_area,15,Inst_1_test_IMG_2217,0.8,571536,52441,46949,38479
Printing_area,15,Inst_1_test_IMG_2217,0.9,571536,52441,39876,35425
Printing_area,15,Inst_1_test_IMG_2217,1.0,571536,52441,32036,29804
Printing_area,15,Inst_1_test_IMG_2217,1.2,571536,52441,13035,12783
Printing_area,15,Inst_1_test_IMG_2217,1.4,571536,52441,4024,3969
Printing_area,16,Inst_1_test_IMG_2218,0.1,571536,37001,418041,37001
Printing_area,16,Inst_1_test_IMG_2218,0.2,571536,37001,216985,37001
Printing_area,16,Inst_1_test_IMG_2218,0.3,571536,37001,121898,36998
Printing_area,16,Inst_1_test_IMG_2218,0.4,571536,37001,81633,36965
Printing_area,16,Inst_1_test_IMG_2218,0.5,571536,37001,61924,36784
Printing_area,16,Inst_1_test_IMG_2218,0.6,571536,37001,49966,33612
Printing_area,16,Inst_1_test_IMG_2218,0.7,571536,37001,41215,30799
Printing_area,16,Inst_1_test_IMG_2218,0.8,571536,37001,35093,28816
Printing_area,16,Inst_1_test_IMG_2218,0.9,571536,37001,30503,27147
Printing_area,16,Inst_1_test_IMG_2218,1.0,571536,37001,26706,24801
Printing_area,16,Inst_1_test_IMG_2218,1.2,571536,37001,16259,15715
Printing_area,16,Inst_1_test_IMG_2218,1.4,571536,37001,8617,8465
Printing_area,17,Inst_1_test_IMG_2220,0.1,571536,30945,403409,30945
Printing_area,17,Inst_1_test_IMG_2220,0.2,571536,30945,196162,30942
Printing_area,17,Inst_1_test_IMG_2220,0.3,571536,30945,110595,30908
Printing_area,17,Inst_1_test_IMG_2220,0.4,571536,30945,72185,30712
Printing_area,17,Inst_1_test_IMG_2220,0.5,571536,30945,51836,28281
Printing_area,17,Inst_1_test_IMG_2220,0.6,571536,30945,39927,25381
Printing_area,17,Inst_1_test_IMG_2220,0.7,571536,30945,31506,23108
Printing_area,17,Inst_1_test_IMG_2220,0.8,571536,30945,25983,21160
Printing_area,17,Inst_1_test_IMG_2220,0.9,571536,30945,21833,19349
Printing_area,17,Inst_1_test_IMG_2220,1.0,571536,30945,18020,16779
Printing_area,17,Inst_1_test_IMG_2220,1.2,571536,30945,9016,8854
Printing_area,17,Inst_1_test_IMG_2220,1.4,571536,30945,3018,2970
Printing_area,18,Inst_1_test_IMG_2221,0.1,571536,29570,421213,29570
Printing_area,18,Inst_1_test_IMG_2221,0.2,571536,29570,180457,29570
Printing_area,18,Inst_1_test_IMG_2221,0.3,571536,29570,93675,29528
Printing_area,18,Inst_1_test_IMG_2221,0.4,571536,29570,61664,29091
Printing_area,18,Inst_1_test_IMG_2221,0.5,571536,29570,45857,27205
Printing_area,18,Inst_1_test_IMG_2221,0.6,571536,29570,37113,25301
Printing_area,18,Inst_1_test_IMG_2221,0.7,571536,29570,28621,21748
Printing_area,18,Inst_1_test_IMG_2221,0.8,571536,29570,22617,18750
Printing_area,18,Inst_1_test_IMG_2221,0.9,571536,29570,17573,15586
Printing_area,18,Inst_1_test_IMG_2221,1.0,571536,29570,13446,12493
Printing_area,18,Inst_1_test_IMG_2221,1.2,571536,29570,7502,7323
Printing_area,18,Inst_1_test_IMG_2221,1.4,571536,29570,3310,3293
Printing_area,19,Inst_1_test_IMG_2225,0.1,571536,52240,476779,52240
Printing_area,19,Inst_1_test_IMG_2225,0.2,571536,52240,319964,52240
Printing_area,19,Inst_1_test_IMG_2225,0.3,571536,52240,193944,52232
Printing_area,19,Inst_1_test_IMG_2225,0.4,571536,52240,128062,51237
Printing_area,19,Inst_1_test_IMG_2225,0.5,571536,52240,98880,50075
Printing_area,19,Inst_1_test_IMG_2225,0.6,571536,52240,80259,48724
Printing_area,19,Inst_1_test_IMG_2225,0.7,571536,52240,65035,47396
Printing_area,19,Inst_1_test_IMG_2225,0.8,571536,52240,54467,45657
Printing_area,19,Inst_1_test_IMG_2225,0.9,571536,52240,46367,42381
Printing_area,19,Inst_1_test_IMG_2225,1.0,571536,52240,36108,34348
Printing_area,19,Inst_1_test_IMG_2225,1.2,571536,52240,16835,16386
Printing_area,19,Inst_1_test_IMG_2225,1.4,571536,52240,5688,5566
Printing_area,20,Inst_1_test_IMG_2228,0.1,571536,96438,519772,96438
Printing_area,20,Inst_1_test_IMG_2228,0.2,571536,96438,301276,96438
Printing_area,20,Inst_1_test_IMG_2228,0.3,571536,96438,186800,96438
Printing_area,20,Inst_1_test_IMG_2228,0.4,571536,96438,146162,96438
Printing_area,20,Inst_1_test_IMG_2228,0.5,571536,96438,123823,96043
Printing_area,20,Inst_1_test_IMG_2228,0.6,571536,96438,107883,91802
Printing_area,20,Inst_1_test_IMG_2228,0.7,571536,96438,95066,85989
Printing_area,20,Inst_1_test_IMG_2228,0.8,571536,96438,81022,76386
Printing_area,20,Inst_1_test_IMG_2228,0.9,571536,96438,71463,69133
Printing_area,20,Inst_1_test_IMG_2228,1.0,571536,96438,54205,53271
Printing_area,20,Inst_1_test_IMG_2228,1.2,571536,96438,18824,18765
Printing_area,20,Inst_1_test_IMG_2228,1.4,571536,96438,3434,3434
Printing_area,21,Inst_1_test_IMG_2229,0.1,571536,113141,508158,113141
Printing_area,21,Inst_1_test_IMG_2229,0.2,571536,113141,332875,113139
Printing_area,21,Inst_1_test_IMG_2229,0.3,571536,113141,224416,112996
Printing_area,21,Inst_1_test_IMG_2229,0.4,571536,113141,171342,112564
Printing_area,21,Inst_1_test_IMG_2229,0.5,571536,113141,141642,105892
Printing_area,21,Inst_1_test_IMG_2229,0.6,571536,113141,119830,96066
Printing_area,21,Inst_1_test_IMG_2229,0.7,571536,113141,105044,89379
Printing_area,21,Inst_1_test_IMG_2229,0.8,571536,113141,93776,83915
Printing_area,21,Inst_1_test_IMG_2229,0.9,571536,113141,80671,75258
Printing_area,21,Inst_1_test_IMG_2229,1.0,571536,113141,63124,60747
Printing_area,21,Inst_1_test_IMG_2229,1.2,571536,113141,29704,29253
Printing_area,21,Inst_1_test_IMG_2229,1.4,571536,113141,8145,8016
Printing_area,22,Inst_1_test_IMG_2230,0.1,571536,92014,536208,92014
Printing_area,22,Inst_1_test_IMG_2230,0.2,571536,92014,411090,92010
Printing_area,22,Inst_1_test_IMG_2230,0.3,571536,92014,271565,91402
Printing_area,22,Inst_1_test_IMG_2230,0.4,571536,92014,185411,87602
Printing_area,22,Inst_1_test_IMG_2230,0.5,571536,92014,137195,81562
Printing_area,22,Inst_1_test_IMG_2230,0.6,571536,92014,101376,77977
Printing_area,22,Inst_1_test_IMG_2230,0.7,571536,92014,88050,75543
Printing_area,22,Inst_1_test_IMG_2230,0.8,571536,92014,81102,73093
Printing_area,22,Inst_1_test_IMG_2230,0.9,571536,92014,73236,68035
Printing_area,22,Inst_1_test_IMG_2230,1.0,571536,92014,60064,57173
Printing_area,22,Inst_1_test_IMG_2230,1.2,571536,92014,27731,27334
Printing_area,22,Inst_1_test_IMG_2230,1.4,571536,92014,9519,9400
Printing_area,23,Inst_1_test_IMG_2231,0.1,571536,89576,542078,89576
Printing_area,23,Inst_1_test_IMG_2231,0.2,571536,89576,398665,89576
Printing_area,23,Inst_1_test_IMG_2231,0.3,571536,89576,285102,89576
Printing_area,23,Inst_1_test_IMG_2231,0.4,571536,89576,195481,89493
Printing_area,23,Inst_1_test_IMG_2231,0.5,571536,89576,141385,85246
Printing_area,23,Inst_1_test_IMG_2231,0.6,571536,89576,107364,76807
Printing_area,23,Inst_1_test_IMG_2231,0.7,571536,89576,86420,70257
Printing_area,23,Inst_1_test_IMG_2231,0.8,571536,89576,69589,61201
Printing_area,23,Inst_1_test_IMG_2231,0.9,571536,89576,55019,51562
Printing_area,23,Inst_1_test_IMG_2231,1.0,571536,89576,38720,37306
Printing_area,23,Inst_1_test_IMG_2231,1.2,571536,89576,12461,12243
Printing_area,23,Inst_1_test_IMG_2231,1.4,571536,89576,2522,2453
Printing_area,24,Inst_1_test_IMG_2232,0.1,571536,59518,523229,59518
Printing_area,24,Inst_1_test_IMG_2232,0.2,571536,59518,288061,59518
Printing_area,24,Inst_1_test_IMG_2232,0.3,571536,59518,160986,59518
Printing_area,24,Inst_1_test_IMG_2232,0.4,571536,59518,113673,59516
Printing_area,24,Inst_1_test_IMG_2232,0.5,571536,59518,93089,59421
Printing_area,24,Inst_1_test_IMG_2232,0.6,571536,59518,81861,59261
Printing_area,24,Inst_1_test_IMG_2232,0.7,571536,59518,73931,58856
Printing_area,24,Inst_1_test_IMG_2232,0.8,571536,59518,66744,58267
Printing_area,24,Inst_1_test_IMG_2232,0.9,571536,59518,59273,55563
Printing_area,24,Inst_1_test_IMG_2232,1.0,571536,59518,47957,46719
Printing_area,24,Inst_1_test_IMG_2232,1.2,571536,59518,24318,24184
Printing_area,24,Inst_1_test_IMG_2232,1.4,571536,59518,7235,7198
Zen,0,Inst_1_test_IMG_E2784,0.1,561438,16527,488252,16527
Zen,0,Inst_1_test_IMG_E2784,0.2,561438,16527,236503,16527
Zen,0,Inst_1_test_IMG_E2784,0.3,561438,16527,98834,16527
Zen,0,Inst_1_test_IMG_E2784,0.4,561438,16527,53645,16527
Zen,0,Inst_1_test_IMG_E2784,0.5,561438,16527,38369,16527
Zen,0,Inst_1_test_IMG_E2784,0.6,561438,16527,30636,16527
Zen,0,Inst_1_test_IMG_E2784,0.7,561438,16527,25378,16506
Zen,0,Inst_1_test_IMG_E2784,0.8,561438,16527,21857,16366
Zen,0,Inst_1_test_IMG_E2784,0.9,561438,16527,18985,15806
Zen,0,Inst_1_test_IMG_E2784,1.0,561438,16527,15600,13999
Zen,0,Inst_1_test_IMG_E2784,1.2,561438,16527,9407,9050
Zen,0,Inst_1_test_IMG_E2784,1.4,561438,16527,4580,4516
Zen,1,Inst_1_test_IMG_E2787,0.1,561438,11372,502192,11372
Zen,1,Inst_1_test_IMG_E2787,0.2,561438,11372,302067,11372
Zen,1,Inst_1_test_IMG_E2787,0.3,561438,11372,163751,11372
Zen,1,Inst_1_test_IMG_E2787,0.4,561438,11372,83598,11372
Zen,1,Inst_1_test_IMG_E2787,0.5,561438,11372,46615,11372
Zen,1,Inst_1_test_IMG_E2787,0.6,561438,11372,31834,11368
Zen,1,Inst_1_test_IMG_E2787,0.7,561438,11372,23573,11312
Zen,1,Inst_1_test_IMG_E2787,0.8,561438,11372,18209,11148
Zen,1,Inst_1_test_IMG_E2787,0.9,561438,11372,14339,10521
Zen,1,Inst_1_test_IMG_E2787,1.0,561438,11372,10982,9143
Zen,1,Inst_1_test_IMG_E2787,1.2,561438,11372,6351,5982
Zen,1,Inst_1_test_IMG_E2787,1.4,561438,11372,3316,3240
Zen,2,Inst_1_test_IMG_E2790,0.1,561438,8531,522061,8531
Zen,2,Inst_1_test_IMG_E2790,0.2,561438,8531,337286,8531
Zen,2,Inst_1_test_IMG_E2790,0.3,561438,8531,190171,8531
Zen,2,Inst_1_test_IMG_E2790,0.4,561438,8531,100873,8531
Zen,2,Inst_1_test_IMG_E2790,0.5,561438,8531,54440,8526
Zen,2,Inst_1_test_IMG_E2790,0.6,561438,8531,31316,8505
Zen,2,Inst_1_test_IMG_E2790,0.7,561438,8531,19698,8455
Zen,2,Inst_1_test_IMG_E2790,0.8,561438,8531,13963,8308
Zen,2,Inst_1_test_IMG_E2790,0.9,561438,8531,10761,8050
Zen,2,Inst_1_test_IMG_E2790,1.0,561438,8531,8772,7575
Zen,2,Inst_1_test_IMG_E2790,1.2,561438,8531,5047,4855
Zen,2,Inst_1_test_IMG_E2790,1.4,561438,8531,2502,2469
Zen,3,Inst_1_test_IMG_E2792,0.1,561438,6905,526899,6905
Zen,3,Inst_1_test_IMG_E2792,0.2,561438,6905,389402,6905
Zen,3,Inst_1_test_IMG_E2792,0.3,561438,6905,296218,6890
Zen,3,Inst_1_test_IMG_E2792,0.4,561438,6905,232334,6843
Zen,3,Inst_1_test_IMG_E2792,0.5,561438,6905,187793,6770
Zen,3,Inst_1_test_IMG_E2792,0.6,561438,6905,152016,6695
Zen,3,Inst_1_test_IMG_E2792,0.7,561438,6905,120777,6563
Zen,3,Inst_1_test_IMG_E2792,0.8,561438,6905,94138,6398
Zen,3,Inst_1_test_IMG_E2792,0.9,561438,6905,66580,6139
Zen,3,Inst_1_test_IMG_E2792,1.0,561438,6905,40739,5637
Zen,3,Inst_1_test_IMG_E2792,1.2,561438,6905,11433,3756
Zen,3,Inst_1_test_IMG_E2792,1.4,561438,6905,2860,1433
Zen,4,Inst_1_test_IMG_E2794,0.1,561438,5169,550422,5169
Zen,4,Inst_1_test_IMG_E2794,0.2,561438,5169,498657,5169
Zen,4,Inst_1_test_IMG_E2794,0.3,561438,5169,442016,5167
Zen,4,Inst_1_test_IMG_E2794,0.4,561438,5169,396372,5128
Zen,4,Inst_1_test_IMG_E2794,0.5,561438,5169,364418,5069
Zen,4,Inst_1_test_IMG_E2794,0.6,561438,5169,339630,4965
Zen,4,Inst_1_test_IMG_E2794,0.7,561438,5169,315078,4804
Zen,4,Inst_1_test_IMG_E2794,0.8,561438,5169,281028,4662
Zen,4,Inst_1_test_IMG_E2794,0.9,561438,5169,229149,4418
Zen,4,Inst_1_test_IMG_E2794,1.0,561438,5169,164803,3875
Zen,4,Inst_1_test_IMG_E2794,1.2,561438,5169,52029,2479
Zen,4,Inst_1_test_IMG_E2794,1.4,561438,5169,10507,1012
Zen,5,Inst_1_test_IMG_E2799,0.1,561438,15646,545978,15646
Zen,5,Inst_1_test_IMG_E2799,0.2,561438,15646,360481,15646
Zen,5,Inst_1_test_IMG_E2799,0.3,561438,15646,168045,15646
Zen,5,Inst_1_test_IMG_E2799,0.4,561438,15646,75375,15646
Zen,5,Inst_1_test_IMG_E2799,0.5,561438,15646,42360,15645
Zen,5,Inst_1_test_IMG_E2799,0.6,561438,15646,29407,15643
Zen,5,Inst_1_test_IMG_E2799,0.7,561438,15646,23236,15628
Zen,5,Inst_1_test_IMG_E2799,0.8,561438,15646,19787,15550
Zen,5,Inst_1_test_IMG_E2799,0.9,561438,15646,17032,14816
Zen,5,Inst_1_test_IMG_E2799,1.0,561438,15646,12751,11714
Zen,5,Inst_1_test_IMG_E2799,1.2,561438,15646,5049,4917
Zen,5,Inst_1_test_IMG_E2799,1.4,561438,15646,2230,2220
Zen,6,Inst_1_test_IMG_E2802,0.1,561438,27849,534672,27849
Zen,6,Inst_1_test_IMG_E2802,0.2,561438,27849,363836,27849
Zen,6,Inst_1_test_IMG_E2802,0.3,561438,27849,187549,27849
Zen,6,Inst_1_test_IMG_E2802,0.4,561438,27849,110398,27846
Zen,6,Inst_1_test_IMG_E2802,0.5,561438,27849,81218,27833
Zen,6,Inst_1_test_IMG_E2802,0.6,561438,27849,62253,27450
Zen,6,Inst_1_test_IMG_E2802,0.7,561438,27849,45700,23905
Zen,6,Inst_1_test_IMG_E2802,0.8,561438,27849,32034,18887
Zen,6,Inst_1_test_IMG_E2802,0.9,561438,27849,22855,15258
Zen,6,Inst_1_test_IMG_E2802,1.0,561438,27849,16947,12725
Zen,6,Inst_1_test_IMG_E2802,1.2,561438,27849,8557,7331
Zen,6,Inst_1_test_IMG_E2802,1.4,561438,27849,3469,3198
Zen,7,Inst_1_test_IMG_E2805,0.1,561438,53297,555219,53297
Zen,7,Inst_1_test_IMG_E2805,0.2,561438,53297,460150,53297
Zen,7,Inst_1_test_IMG_E2805,0.3,561438,53297,275796,53297
Zen,7,Inst_1_test_IMG_E2805,0.4,561438,53297,153139,53297
Zen,7,Inst_1_test_IMG_E2805,0.5,561438,53297,106732,53292
Zen,7,Inst_1_test_IMG_E2805,0.6,561438,53297,85668,53271
Zen,7,Inst_1_test_IMG_E2805,0.7,561438,53297,71812,52339
Zen,7,Inst_1_test_IMG_E2805,0.8,561438,53297,58925,47744
Zen,7,Inst_1_test_IMG_E2805,0.9,561438,53297,45462,39425
Zen,7,Inst_1_test_IMG_E2805,1.0,561438,53297,29596,26705
Zen,7,Inst_1_test_IMG_E2805,1.2,561438,53297,12457,11743
Zen,7,Inst_1_test_IMG_E2805,1.4,561438,53297,4867,4805
Zen,8,Inst_1_test_IMG_E2807,0.1,561438,32868,525775,32868
Zen,8,Inst_1_test_IMG_E2807,0.2,561438,32868,313230,32868
Zen,8,Inst_1_test_IMG_E2807,0.3,561438,32868,135956,32868
Zen,8,Inst_1_test_IMG_E2807,0.4,561438,32868,70936,32868
Zen,8,Inst_1_test_IMG_E2807,0.5,561438,32868,53082,32857
Zen,8,Inst_1_test_IMG_E2807,0.6,561438,32868,45628,32815
Zen,8,Inst_1_test_IMG_E2807,0.7,561438,32868,40489,32461
Zen,8,Inst_1_test_IMG_E2807,0.8,561438,32868,36241,31247
Zen,8,Inst_1_test_IMG_E2807,0.9,561438,32868,30426,27635
Zen,8,Inst_1_test_IMG_E2807,1.0,561438,32868,23721,22225
Zen,8,Inst_1_test_IMG_E2807,1.2,561438,32868,13725,13298
Zen,8,Inst_1_test_IMG_E2807,1.4,561438,32868,4621,4601
Zen,9,Inst_1_test_IMG_E2811,0.1,561438,19388,524548,19388
Zen,9,Inst_1_test_IMG_E2811,0.2,561438,19388,326611,19388
Zen,9,Inst_1_test_IMG_E2811,0.3,561438,19388,154197,19388
Zen,9,Inst_1_test_IMG_E2811,0.4,561438,19388,76660,19363
Zen,9,Inst_1_test_IMG_E2811,0.5,561438,19388,51835,19298
Zen,9,Inst_1_test_IMG_E2811,0.6,561438,19388,40958,19232
Zen,9,Inst_1_test_IMG_E2811,0.7,561438,19388,33547,19048
Zen,9,Inst_1_test_IMG_E2811,0.8,561438,19388,27820,18540
Zen,9,Inst_1_test_IMG_E2811,0.9,561438,19388,23441,17992
Zen,9,Inst_1_test_IMG_E2811,1.0,561438,19388,19844,16965
Zen,9,Inst_1_test_IMG_E2811,1.2,561438,19388,12540,12028
Zen,9,Inst_1_test_IMG_E2811,1.4,561438,19388,4780,4733
Zen,10,Inst_1_test_IMG_E2813,0.1,561438,12511,503967,12511
Zen,10,Inst_1_test_IMG_E2813,0.2,561438,12511,334611,12511
Zen,10,Inst_1_test_IMG_E2813,0.3,561438,12511,166838,12506
Zen,10,Inst_1_test_IMG_E2813,0.4,561438,12511,87733,12483
Zen,10,Inst_1_test_IMG_E2813,0.5,561438,12511,54346,12449
Zen,10,Inst_1_test_IMG_E2813,0.6,561438,12511,37391,12404
Zen,10,Inst_1_test_IMG_E2813,0.7,561438,12511,27205,12307
Zen,10,Inst_1_test_IMG_E2813,0.8,561438,12511,20512,12129
Zen,10,Inst_1_test_IMG_E2813,0.9,561438,12511,15981,11629
Zen,10,Inst_1_test_IMG_E2813,1.0,561438,12511,12929,10681
Zen,10,Inst_1_test_IMG_E2813,1.2,561438,12511,7928,7376
Zen,10,Inst_1_test_IMG_E2813,1.4,561438,12511,2752,2660
Zen,11,Inst_1_test_IMG_E2815,0.1,561438,15971,521801,15971
Zen,11,Inst_1_test_IMG_E2815,0.2,561438,15971,281018,15971
Zen,11,Inst_1_test_IMG_E2815,0.3,561438,15971,92927,15971
Zen,11,Inst_1_test_IMG_E2815,0.4,561438,15971,38976,15971
Zen,11,Inst_1_test_IMG_E2815,0.5,561438,15971,27652,15971
Zen,11,Inst_1_test_IMG_E2815,0.6,561438,15971,23664,15971
Zen,11,Inst_1_test_IMG_E2815,0.7,561438,15971,21109,15947
Zen,11,Inst_1_test_IMG_E2815,0.8,561438,15971,19154,15877
Zen,11,Inst_1_test_IMG_E2815,0.9,561438,15971,17553,15589
Zen,11,Inst_1_test_IMG_E2815,1.0,561438,15971,15887,14760
Zen,11,Inst_1_test_IMG_E2815,1.2,561438,15971,10936,10650
Zen,11,Inst_1_test_IMG_E2815,1.4,561438,15971,4523,4488
Zen,12,Inst_1_test_IMG_E2818,0.1,561438,9217,524774,9217
Zen,12,Inst_1_test_IMG_E2818,0.2,561438,9217,388802,9217
Zen,12,Inst_1_test_IMG_E2818,0.3,561438,9217,283615,9217
Zen,12,Inst_1_test_IMG_E2818,0.4,561438,9217,190165,9217
Zen,12,Inst_1_test_IMG_E2818,0.5,561438,9217,108412,9217
Zen,12,Inst_1_test_IMG_E2818,0.6,561438,9217,57481,9214
Zen,12,Inst_1_test_IMG_E2818,0.7,561438,9217,31658,9188
Zen,12,Inst_1_test_IMG_E2818,0.8,561438,9217,19123,9080
Zen,12,Inst_1_test_IMG_E2818,0.9,561438,9217,13303,8801
Zen,12,Inst_1_test_IMG_E2818,1.0,561438,9217,9821,7839
Zen,12,Inst_1_test_IMG_E2818,1.2,561438,9217,4995,4699
Zen,12,Inst_1_test_IMG_E2818,1.4,561438,9217,2401,2373
Zen,13,Inst_1_test_IMG_E2821,0.1,561438,8760,529404,8760
Zen,13,Inst_1_test_IMG_E2821,0.2,561438,8760,420632,8760
Zen,13,Inst_1_test_IMG_E2821,0.3,561438,8760,358726,8760
Zen,13,Inst_1_test_IMG_E2821,0.4,561438,8760,324837,8760
Zen,13,Inst_1_test_IMG_E2821,0.5,561438,8760,302907,8760
Zen,13,Inst_1_test_IMG_E2821,0.6,561438,8760,282989,8758
Zen,13,Inst_1_test_IMG_E2821,0.7,561438,8760,260416,8727
Zen,13,Inst_1_test_IMG_E2821,0.8,561438,8760,229460,8645
Zen,13,Inst_1_test_IMG_E2821,0.9,561438,8760,180433,8370
Zen,13,Inst_1_test_IMG_E2821,1.0,561438,8760,117490,7649
Zen,13,Inst_1_test_IMG_E2821,1.2,561438,8760,30209,5534
Zen,13,Inst_1_test_IMG_E2821,1.4,561438,8760,4869,2205
Zen,14,Inst_1_test_IMG_E2824,0.1,561438,6892,525691,6892
Zen,14,Inst_1_test_IMG_E2824,0.2,561438,6892,369644,6892
Zen,14,Inst_1_test_IMG_E2824,0.3,561438,6892,231530,6892
Zen,14,Inst_1_test_IMG_E2824,0.4,561438,6892,154230,6892
Zen,14,Inst_1_test_IMG_E2824,0.5,561438,6892,107643,6892
Zen,14,Inst_1_test_IMG_E2824,0.6,561438,6892,73325,6886
Zen,14,Inst_1_test_IMG_E2824,0.7,561438,6892,49329,6825
Zen,14,Inst_1_test_IMG_E2824,0.8,561438,6892,32590,6644
Zen,14,Inst_1_test_IMG_E2824,0.9,561438,6892,21211,6232
Zen,14,Inst_1_test_IMG_E2824,1.0,561438,6892,13561,5303
Zen,14,Inst_1_test_IMG_E2824,1.2,561438,6892,4681,3053
Zen,14,Inst_1_test_IMG_E2824,1.4,561438,6892,1754,1503
Zen,15,Inst_1_test_IMG_E2826,0.1,561438,12265,506763,12265
Zen,15,Inst_1_test_IMG_E2826,0.2,561438,12265,284491,12265
Zen,15,Inst_1_test_IMG_E2826,0.3,561438,12265,144496,12265
Zen,15,Inst_1_test_IMG_E2826,0.4,561438,12265,78157,12265
Zen,15,Inst_1_test_IMG_E2826,0.5,561438,12265,45896,12257
Zen,15,Inst_1_test_IMG_E2826,0.6,561438,12265,30467,12242
Zen,15,Inst_1_test_IMG_E2826,0.7,561438,12265,21975,12198
Zen,15,Inst_1_test_IMG_E2826,0.8,561438,12265,17144,11906
Zen,15,Inst_1_test_IMG_E2826,0.9,561438,12265,13610,10867
Zen,15,Inst_1_test_IMG_E2826,1.0,561438,12265,10635,9321
Zen,15,Inst_1_test_IMG_E2826,1.2,561438,12265,6305,6084
Zen,15,Inst_1_test_IMG_E2826,1.4,561438,12265,3211,3193
Zen,16,Inst_1_test_IMG_E2829,0.1,561438,23945,519269,23945
Zen,16,Inst_1_test_IMG_E2829,0.2,561438,23945,266409,23945
Zen,16,Inst_1_test_IMG_E2829,0.3,561438,23945,115509,23945
Zen,16,Inst_1_test_IMG_E2829,0.4,561438,23945,64111,23945
Zen,16,Inst_1_test_IMG_E2829,0.5,561438,23945,46697,23945
Zen,16,Inst_1_test_IMG_E2829,0.6,561438,23945,38226,23937
Zen,16,Inst_1_test_IMG_E2829,0.7,561438,23945,33007,23911
Zen,16,Inst_1_test_IMG_E2829,0.8,561438,23945,29262,23775
Zen,16,Inst_1_test_IMG_E2829,0.9,561438,23945,24873,21878
Zen,16,Inst_1_test_IMG_E2829,1.0,561438,23945,17454,15945
Zen,16,Inst_1_test_IMG_E2829,1.2,561438,23945,8100,7844
Zen,16,Inst_1_test_IMG_E2829,1.4,561438,23945,3624,3605
Zen,17,Inst_1_test_IMG_E2830,0.1,561438,14659,542518,14659
Zen,17,Inst_1_test_IMG_E2830,0.2,561438,14659,374454,14659
Zen,17,Inst_1_test_IMG_E2830,0.3,561438,14659,193285,14659
Zen,17,Inst_1_test_IMG_E2830,0.4,561438,14659,106515,14659
Zen,17,Inst_1_test_IMG_E2830,0.5,561438,14659,71746,14659
Zen,17,Inst_1_test_IMG_E2830,0.6,561438,14659,55789,14651
Zen,17,Inst_1_test_IMG_E2830,0.7,561438,14659,45800,14616
Zen,17,Inst_1_test_IMG_E2830,0.8,561438,14659,37855,14386
Zen,17,Inst_1_test_IMG_E2830,0.9,561438,14659,31100,13080
Zen,17,Inst_1_test_IMG_E2830,1.0,561438,14659,25421,10943
Zen,17,Inst_1_test_IMG_E2830,1.2,561438,14659,16829,6341
Zen,17,Inst_1_test_IMG_E2830,1.4,561438,14659,9432,2594
Zen,18,Inst_1_test_IMG_E2832,0.1,561438,41400,513292,41400
Zen,18,Inst_1_test_IMG_E2832,0.2,561438,41400,227470,41400
Zen,18,Inst_1_test_IMG_E2832,0.3,561438,41400,102345,41400
Zen,18,Inst_1_test_IMG_E2832,0.4,561438,41400,70991,41400
Zen,18,Inst_1_test_IMG_E2832,0.5,561438,41400,60183,41400
Zen,18,Inst_1_test_IMG_E2832,0.6,561438,41400,53879,41395
Zen,18,Inst_1_test_IMG_E2832,0.7,561438,41400,49499,41367
Zen,18,Inst_1_test_IMG_E2832,0.8,561438,41400,45875,41006
Zen,18,Inst_1_test_IMG_E2832,0.9,561438,41400,39315,36721
Zen,18,Inst_1_test_IMG_E2832,1.0,561438,41400,27339,26147
Zen,18,Inst_1_test_IMG_E2832,1.2,561438,41400,11534,11377
Zen,18,Inst_1_test_IMG_E2832,1.4,561438,41400,4520,4514
Zen,19,Inst_1_test_IMG_E2834,0.1,561438,21975,462997,21975
Zen,19,Inst_1_test_IMG_E2834,0.2,561438,21975,167246,21975
Zen,19,Inst_1_test_IMG_E2834,0.3,561438,21975,69684,21975
Zen,19,Inst_1_test_IMG_E2834,0.4,561438,21975,44261,21974
Zen,19,Inst_1_test_IMG_E2834,0.5,561438,21975,36159,21964
Zen,19,Inst_1_test_IMG_E2834,0.6,561438,21975,31529,21947
Zen,19,Inst_1_test_IMG_E2834,0.7,561438,21975,28265,21877
Zen,19,Inst_1_test_IMG_E2834,0.8,561438,21975,25538,21647
Zen,19,Inst_1_test_IMG_E2834,0.9,561438,21975,22962,20899
Zen,19,Inst_1_test_IMG_E2834,1.0,561438,21975,19394,18522
Zen,19,Inst_1_test_IMG_E2834,1.2,561438,21975,11146,11069
Zen,19,Inst_1_test_IMG_E2834,1.4,561438,21975,4833,4830
Zen,20,Inst_1_test_IMG_E2837,0.1,561438,14344,477009,14344
Zen,20,Inst_1_test_IMG_E2837,0.2,561438,14344,223435,14344
Zen,20,Inst_1_test_IMG_E2837,0.3,561438,14344,85481,14344
Zen,20,Inst_1_test_IMG_E2837,0.4,561438,14344,42887,14344
Zen,20,Inst_1_test_IMG_E2837,0.5,561438,14344,30662,14344
Zen,20,Inst_1_test_IMG_E2837,0.6,561438,14344,24646,14338
Zen,20,Inst_1_test_IMG_E2837,0.7,561438,14344,20549,14254
Zen,20,Inst_1_test_IMG_E2837,0.8,561438,14344,17287,13962
Zen,20,Inst_1_test_IMG_E2837,0.9,561438,14344,14841,13280
Zen,20,Inst_1_test_IMG_E2837,1.0,561438,14344,12041,11401
Zen,20,Inst_1_test_IMG_E2837,1.2,561438,14344,5880,5806
Zen,20,Inst_1_test_IMG_E2837,1.4,561438,14344,2559,2558
Zen,21,Inst_1_test_IMG_E2840,0.1,561438,15568,499901,15568
Zen,21,Inst_1_test_IMG_E2840,0.2,561438,15568,242864,15568
Zen,21,Inst_1_test_IMG_E2840,0.3,561438,15568,114896,15568
Zen,21,Inst_1_test_IMG_E2840,0.4,561438,15568,63290,15566
Zen,21,Inst_1_test_IMG_E2840,0.5,561438,15568,42546,15557
Zen,21,Inst_1_test_IMG_E2840,0.6,561438,15568,31943,15538
Zen,21,Inst_1_test_IMG_E2840,0.7,561438,15568,25143,15452
Zen,21,Inst_1_test_IMG_E2840,0.8,561438,15568,20466,15108
Zen,21,Inst_1_test_IMG_E2840,0.9,561438,15568,16667,13910
Zen,21,Inst_1_test_IMG_E2840,1.0,561438,15568,12959,11626
Zen,21,Inst_1_test_IMG_E2840,1.2,561438,15568,6818,6515
Zen,21,Inst_1_test_IMG_E2840,1.4,561438,15568,3704,3622
Zen,22,Inst_1_test_IMG_E2842,0.1,561438,24446,468656,24446
Zen,22,Inst_1_test_IMG_E2842,0.2,561438,24446,176234,24446
Zen,22,Inst_1_test_IMG_E2842,0.3,561438,24446,72563,24446
Zen,22,Inst_1_test_IMG_E2842,0.4,561438,24446,49764,24446
Zen,22,Inst_1_test_IMG_E2842,0.5,561438,24446,41888,24445
Zen,22,Inst_1_test_IMG_E2842,0.6,561438,24446,36460,24440
Zen,22,Inst_1_test_IMG_E2842,0.7,561438,24446,32493,24401
Zen,22,Inst_1_test_IMG_E2842,0.8,561438,24446,29078,24088
Zen,22,Inst_1_test_IMG_E2842,0.9,561438,24446,25805,23152
Zen,22,Inst_1_test_IMG_E2842,1.0,561438,24446,21773,20482
Zen,22,Inst_1_test_IMG_E2842,1.2,561438,24446,12013,11859
Zen,22,Inst_1_test_IMG_E2842,1.4,561438,24446,4827,4819
Zen,23,Inst_1_test_IMG_E2845,0.1,561438,13583,490511,13583
Zen,23,Inst_1_test_IMG_E2845,0.2,561438,13583,261258,13583
Zen,23,Inst_1_test_IMG_E2845,0.3,561438,13583,120450,13583
Zen,23,Inst_1_test_IMG_E2845,0.4,561438,13583,59303,13583
Zen,23,Inst_1_test_IMG_E2845,0.5,561438,13583,35539,13578
Zen,23,Inst_1_test_IMG_E2845,0.6,561438,13583,25949,13551
Zen,23,Inst_1_test_IMG_E2845,0.7,561438,13583,20777,13427
Zen,23,Inst_1_test_IMG_E2845,0.8,561438,13583,17443,13175
Zen,23,Inst_1_test_IMG_E2845,0.9,561438,13583,14848,12657
Zen,23,Inst_1_test_IMG_E2845,1.0,561438,13583,12170,11227
Zen,23,Inst_1_test_IMG_E2845,1.2,561438,13583,6308,6204
Zen,23,Inst_1_test_IMG_E2845,1.4,561438,13583,2892,2885
Zen,24,Inst_1_test_IMG_E2847,0.1,561438,7779,506674,7779
Zen,24,Inst_1_test_IMG_E2847,0.2,561438,7779,325492,7779
Zen,24,Inst_1_test_IMG_E2847,0.3,561438,7779,212276,7779
Zen,24,Inst_1_test_IMG_E2847,0.4,561438,7779,156186,7772
Zen,24,Inst_1_test_IMG_E2847,0.5,561438,7779,125373,7745
Zen,24,Inst_1_test_IMG_E2847,0.6,561438,7779,103646,7691
Zen,24,Inst_1_test_IMG_E2847,0.7,561438,7779,85785,7556
Zen,24,Inst_1_test_IMG_E2847,0.8,561438,7779,71472,7220
Zen,24,Inst_1_test_IMG_E2847,0.9,561438,7779,60305,6478
Zen,24,Inst_1_test_IMG_E2847,1.0,561438,7779,51998,5405
Zen,24,Inst_1_test_IMG_E2847,1.2,561438,7779,36808,2906
Zen,24,Inst_1_test_IMG_E2847,1.4,561438,7779,18991,1450
