scene,phase,combo,miou_query,f1_query
Cantina,uniform_off,0-5-10-15-20,0.458886,0.619338
Cantina,uniform_off,1-6-11-16-21,0.363403,0.521274
Cantina,uniform_off,2-7-12-17-22,0.433351,0.597067
Cantina,uniform_off,3-8-13-18-23,0.475131,0.635141
Cantina,uniform_off,4-9-14-19-24,0.456181,0.612644
Garden,uniform_off,0-5-10-15-20,0.511207,0.676245
Garden,uniform_off,1-6-11-16-21,0.510066,0.673989
Garden,uniform_off,2-7-12-17-22,0.493452,0.659417
Garden,uniform_off,3-8-13-18-23,0.426742,0.589651
Garden,uniform_off,4-9-14-19-24,0.461155,0.628847
Lounge,uniform_off,0-5-10-15-20,0.572164,0.727499
Lounge,uniform_off,1-6-11-16-21,0.553092,0.709921
Lounge,uniform_off,2-7-12-17-22,0.513380,0.676917
Lounge,uniform_off,3-8-13-18-23,0.559555,0.716149
Lounge,uniform_off,4-9-14-19-24,0.495881,0.661491
Lunch_room,uniform_off,0-5-10-15-20,0.354763,0.502380
Lunch_room,uniform_off,1-6-11-16-21,0.382403,0.526381
Lunch_room,uniform_off,2-7-12-17-22,0.309708,0.450400
Lunch_room,uniform_off,3-8-13-18-23,0.302439,0.445562
Lunch_room,uniform_off,4-9-14-19-24,0.267637,0.399117
Meeting_room,uniform_off,0-5-10-15-20,0.492510,0.653788
Meeting_room,uniform_off,1-6-11-16-21,0.439194,0.604340
Meeting_room,uniform_off,2-7-12-17-22,0.531582,0.690188
Meeting_room,uniform_off,3-8-13-18-23,0.526693,0.684915
Meeting_room,uniform_off,4-9-14-19-24,0.527825,0.684546
Playground,uniform_off,0-5-10-15-20,0.423457,0.582437
Playground,uniform_off,1-6-11-16-21,0.425808,0.583984
Playground,uniform_off,2-7-12-17-22,0.352156,0.501562
Playground,uniform_off,3-8-13-18-23,0.333974,0.479472
Playground,uniform_off,4-9-14-19-24,0.373477,0.530855
Porch,uniform_off,0-5-10-15-20,0.499204,0.657629
Porch,uniform_off,1-6-11-16-21,0.555442,0.691011
Porch,uniform_off,2-7-12-17-22,0.486079,0.635792
Porch,uniform_off,3-8-13-18-23,0.506277,0.652635
Porch,uniform_off,4-9-14-19-24,0.624264,0.761032
Pots,uniform_off,0-5-10-15-20,0.605911,0.751502
Pots,uniform_off,1-6-11-16-21,0.642892,0.781325
Pots,uniform_off,2-7-12-17-22,0.602170,0.749010
Pots,uniform_off,3-8-13-18-23,0.591307,0.738686
Pots,uniform_off,4-9-14-19-24,0.624592,0.765310
Printing_area,uniform_off,0-5-10-15-20,0.590131,0.731630
Printing_area,uniform_off,1-6-11-16-21,0.620226,0.758004
Printing_area,uniform_off,2-7-12-17-22,0.606585,0.751869
Printing_area,uniform_off,3-8-13-18-23,0.628557,0.762631
Printing_area,uniform_off,4-9-14-19-24,0.472885,0.627021
Zen,uniform_off,0-5-10-15-20,0.547535,0.702153
Zen,uniform_off,1-6-11-16-21,0.430640,0.597675
Zen,uniform_off,2-7-12-17-22,0.476867,0.641027
Zen,uniform_off,3-8-13-18-23,0.293700,0.423539
Zen,uniform_off,4-9-14-19-24,0.350180,0.493200
Cantina,random,1-10-15-17-24,0.495438,0.651118
Cantina,local,1-10-17-18-20,0.459762,0.618775
Cantina,local,1-15-17-21-24,0.451567,0.613839
Cantina,local,1-10-17-20-24,0.491730,0.648024
Cantina,local,6-7-10-17-24,0.489973,0.650055
Cantina,local,1-9-10-15-17,0.504941,0.657746
Cantina,local,1-9-15-21-23,0.494198,0.650474
Cantina,local,1-5-10-15-21,0.448959,0.609367
Cantina,local,0-3-9-10-15,0.500563,0.657562
Cantina,local,1-9-10-15-23,0.501696,0.655473
Cantina,local,1-8-12-15-17,0.493305,0.648182
Cantina,local,4-9-10-15-17,0.473410,0.619588
Cantina,local,1-8-10-12-17,0.487533,0.642144
Cantina,local,4-13-15-17-20,0.476772,0.626734
Cantina,local,2-5-9-10-17,0.434766,0.592856
Cantina,local,1-7-9-15-16,0.478854,0.639851
Cantina,local,1-8-9-10-17,0.471740,0.626499
Cantina,local,1-4-10-15-17,0.501309,0.658406
Cantina,local,1-11-13-16-17,0.435655,0.595744
Cantina,local,8-9-10-11-17,0.452692,0.605822
Cantina,local,1-2-9-10-15,0.453571,0.612675
Cantina,local,6-9-12-15-22,0.473211,0.626027
Cantina,local,1-9-10-15-21,0.496381,0.650177
Cantina,local,1-3-4-10-13,0.448802,0.610436
Cantina,local,9-10-15-21-24,0.471917,0.624419
Cantina,local,5-8-10-15-17,0.479057,0.629707
Cantina,local,1-9-10-15-22,0.498331,0.652333
Cantina,local,1-9-10-13-17,0.472877,0.628694
Cantina,local,1-9-15-17-20,0.505414,0.658949
Cantina,local,1-8-9-15-20,0.467731,0.624977
Cantina,local,1-3-9-15-17,0.493793,0.651842
Cantina,local,9-10-11-20-22,0.463356,0.615433
Cantina,local,1-7-15-20-23,0.428605,0.592693
Cantina,local,1-3-9-10-15,0.489811,0.647566
Cantina,local,1-9-17-19-20,0.464234,0.624070
Cantina,local,0-15-17-18-23,0.458839,0.620906
Cantina,local,1-5-9-16-20,0.474474,0.635229
Cantina,local,1-8-9-15-17,0.482233,0.638608
Cantina,local,1-7-15-17-20,0.453426,0.615576
Cantina,local,1-2-5-9-24,0.394662,0.557061
Cantina,local,9-17-18-21-24,0.493062,0.647641
Cantina,local,1-9-15-17-22,0.498100,0.653690
Cantina,local,1-9-15-20-23,0.496591,0.651137
Cantina,local,1-10-15-17-20,0.500478,0.655217
Cantina,local,1-5-9-17-19,0.422970,0.585674
Cantina,local,1-13-15-20-23,0.469517,0.629628
Cantina,local,2-9-15-17-20,0.470430,0.625492
Cantina,local,1-15-17-20-23,0.451794,0.614066
Cantina,local,4-10-13-15-20,0.478893,0.629601
Cantina,local,9-15-17-20-24,0.524192,0.673687
Cantina,local,9-13-17-20-24,0.515752,0.667789
Cantina,local,1-14-15-17-20,0.497281,0.654976
Cantina,local,9-14-15-19-20,0.496843,0.649254
Cantina,local,9-10-15-18-22,0.458755,0.611418
Cantina,local,0-9-15-20-24,0.507957,0.661002
Cantina,local,4-9-15-17-24,0.487015,0.636783
Cantina,local,9-12-15-17-20,0.522267,0.671446
Cantina,local,9-12-17-20-24,0.535552,0.684318
Cantina,local,12-15-17-20-24,0.589959,0.736513
Cantina,local,6-12-15-20-24,0.528413,0.684060
Cantina,local,4-11-12-13-15,0.435060,0.585746
Cantina,local,9-17-18-20-24,0.495988,0.649434
Cantina,local,2-5-15-23-24,0.419568,0.582061
Cantina,local,8-12-17-19-20,0.539181,0.691476
Cantina,local,12-15-17-18-20,0.569781,0.719747
Cantina,local,5-11-13-20-24,0.457342,0.612290
Cantina,local,14-15-17-18-24,0.521773,0.678872
Cantina,local,15-16-17-20-24,0.526470,0.683853
Cantina,local,0-9-14-17-24,0.483890,0.641399
Cantina,local,3-7-12-15-20,0.472248,0.631926
Cantina,local,12-14-15-17-20,0.576102,0.724192
Cantina,local,12-15-16-19-20,0.515132,0.670678
Cantina,local,12-17-20-21-24,0.582947,0.731083
Garden,local,0-5-15-20-21,0.502136,0.668274
Garden,local,5-7-8-15-20,0.529391,0.691761
Garden,local,5-7-8-11-15,0.515698,0.679435
Garden,local,5-7-15-21-23,0.483406,0.646436
Garden,local,4-5-8-15-21,0.514047,0.678869
Garden,local,0-2-7-8-15,0.498288,0.664114
Garden,local,5-7-8-15-23,0.479889,0.642487
Garden,local,5-10-12-15-20,0.532764,0.694771
Garden,local,3-10-12-15-20,0.488890,0.655191
Garden,local,5-8-11-12-20,0.534692,0.696093
Garden,local,3-12-14-19-20,0.481672,0.649601
Garden,local,1-4-8-11-20,0.519346,0.681987
Garden,local,5-7-8-12-16,0.535352,0.696820
Garden,local,5-7-8-10-16,0.541303,0.701799
Garden,local,3-5-8-10-16,0.495646,0.662548
Garden,local,5-12-14-16-17,0.525297,0.688489
Garden,local,7-8-11-12-16,0.496019,0.661353
Garden,local,1-5-7-8-10,0.548698,0.708266
Garden,local,5-8-9-14-22,0.479389,0.646850
Garden,local,1-5-7-8-21,0.547531,0.707260
Garden,local,1-3-4-7-15,0.516183,0.680416
Garden,local,5-7-8-21-24,0.531080,0.693139
Garden,local,6-7-8-10-12,0.527705,0.689395
Garden,local,1-5-7-8-22,0.532207,0.693860
Garden,local,1-5-7-10-15,0.538142,0.699363
Garden,local,1-5-8-10-20,0.538697,0.699731
Garden,local,1-5-7-10-12,0.549800,0.709176
Garden,local,1-3-5-7-10,0.535572,0.697273
Garden,local,5-12-13-14-22,0.492062,0.658806
Garden,local,1-7-9-12-23,0.503369,0.663576
Lounge,local,0-3-5-10-11,0.581320,0.734800
Lounge,local,0-3-10-11-20,0.585580,0.738217
Lounge,local,1-10-11-18-23,0.504719,0.669330
Lounge,local,0-3-6-17-20,0.572641,0.727873
Lounge,local,0-3-9-10-11,0.576400,0.730870
Lounge,local,0-8-10-11-20,0.549989,0.708688
Lounge,local,0-2-3-6-24,0.532328,0.676333
Lounge,local,3-11-18-21-24,0.552295,0.710130
Lounge,local,0-3-10-11-22,0.556983,0.713928
Lounge,local,0-3-10-20-23,0.581275,0.734820
Lounge,local,0-10-11-12-20,0.529242,0.674038
Lounge,local,0-3-6-11-19,0.577443,0.731559
Lounge,local,0-10-15-20-23,0.555090,0.713614
Lounge,local,0-3-9-10-20,0.576635,0.731109
Lounge,local,2-3-10-11-20,0.541356,0.701310
Lounge,local,0-10-11-20-23,0.459418,0.613546
Lounge,local,5-10-12-15-20,0.553191,0.711496
Lounge,local,3-10-11-20-24,0.575948,0.730317
Lounge,local,0-10-11-16-20,0.518709,0.665596
Lounge,local,2-3-10-11-17,0.525976,0.688023
Lounge,local,0-3-11-17-21,0.560389,0.717769
Lounge,local,0-3-13-19-23,0.575854,0.730349
Lounge,local,0-1-3-11-20,0.586801,0.738928
Lounge,local,0-1-3-7-20,0.583150,0.736034
Lounge,local,0-1-3-11-15,0.583274,0.736272
Lounge,local,0-3-11-15-20,0.572068,0.727366
Lounge,local,1-3-11-17-20,0.573529,0.727825
Lounge,local,0-1-9-11-20,0.537728,0.680962
Lounge,local,0-1-7-15-16,0.560750,0.716871
Lounge,local,3-11-13-19-20,0.560059,0.716384
Lunch_room,local,3-6-7-21-24,0.272422,0.403130
Lunch_room,local,1-10-11-16-20,0.296711,0.432532
Lunch_room,local,1-6-11-16-19,0.376806,0.524092
Lunch_room,local,7-14-15-16-21,0.317667,0.455140
Lunch_room,local,6-11-17-19-21,0.330518,0.467348
Lunch_room,local,6-11-16-18-21,0.349223,0.488221
Lunch_room,local,0-11-12-17-21,0.295617,0.433546
Lunch_room,local,1-4-6-9-16,0.385528,0.530830
Lunch_room,local,1-4-6-9-18,0.385852,0.530827
Lunch_room,local,1-4-9-11-18,0.351468,0.499605
Lunch_room,local,4-6-9-17-18,0.320317,0.462064
Lunch_room,local,1-6-7-8-13,0.371366,0.512491
Lunch_room,local,1-4-6-9-13,0.387829,0.533144
Lunch_room,local,1-6-9-13-20,0.379506,0.522206
Lunch_room,local,1-2-5-6-13,0.383194,0.531436
Lunch_room,local,1-3-4-9-13,0.388218,0.539353
Lunch_room,local,1-2-3-4-13,0.366302,0.517807
Lunch_room,local,1-9-14-17-19,0.360737,0.507012
Lunch_room,local,3-4-9-13-22,0.242839,0.370891
Lunch_room,local,1-4-9-13-19,0.386602,0.537133
Lunch_room,local,1-3-4-13-19,0.381022,0.534144
Lunch_room,local,1-3-9-10-17,0.341653,0.487511
Lunch_room,local,1-4-9-13-15,0.381480,0.528690
Lunch_room,local,3-4-8-13-19,0.231877,0.357340
Lunch_room,local,1-3-5-9-22,0.417695,0.568923
Lunch_room,local,1-5-12-17-22,0.365004,0.511299
Lunch_room,local,3-8-11-16-22,0.264705,0.394921
Lunch_room,local,1-3-7-17-22,0.349783,0.498171
Lunch_room,local,1-5-9-12-22,0.383104,0.528890
Lunch_room,local,1-5-9-20-22,0.404856,0.551135
Meeting_room,local,0-12-13-17-22,0.478871,0.642763
Meeting_room,local,7-12-17-20-22,0.537509,0.693794
Meeting_room,local,7-15-17-21-24,0.520696,0.678517
Meeting_room,local,5-7-12-17-21,0.488871,0.649164
Meeting_room,local,7-12-17-22-24,0.542033,0.697761
Meeting_room,local,3-12-17-22-24,0.524884,0.684357
Meeting_room,local,7-12-16-20-24,0.537635,0.693179
Meeting_room,local,1-4-10-12-22,0.483612,0.644610
Meeting_room,local,6-7-17-22-24,0.520861,0.679122
Meeting_room,local,1-12-21-22-24,0.462321,0.626329
Meeting_room,local,4-8-12-16-17,0.488678,0.647540
Meeting_room,local,7-11-12-17-22,0.526213,0.683692
Meeting_room,local,5-7-14-17-19,0.480860,0.640842
Meeting_room,local,7-8-21-22-24,0.517864,0.675889
Meeting_room,local,2-11-17-22-23,0.518524,0.680423
Meeting_room,local,7-12-17-23-24,0.544615,0.699826
Meeting_room,local,7-11-12-17-24,0.534432,0.691181
Meeting_room,local,7-12-21-23-24,0.544254,0.699281
Meeting_room,local,6-7-12-17-24,0.518969,0.677230
Meeting_room,local,4-12-17-21-24,0.528775,0.686142
Meeting_room,local,12-15-16-17-18,0.473628,0.636560
Meeting_room,local,5-6-7-12-17,0.465416,0.625584
Meeting_room,local,12-17-19-20-24,0.554726,0.708827
Meeting_room,local,12-17-19-20-22,0.545368,0.700231
Meeting_room,local,10-12-19-20-24,0.566146,0.717994
Meeting_room,local,12-19-20-23-24,0.563174,0.716417
Meeting_room,local,5-10-13-19-20,0.512835,0.670615
Meeting_room,local,4-10-12-19-22,0.541328,0.696754
Meeting_room,local,12-15-19-20-24,0.544221,0.700605
Meeting_room,local,0-3-10-13-20,0.525410,0.684300
Playground,local,1-6-11-18-21,0.419071,0.573973
Playground,local,1-6-11-21-24,0.410046,0.566788
Playground,local,1-6-10-16-21,0.421050,0.577436
Playground,local,1-6-16-17-24,0.439276,0.597058
Playground,local,1-14-17-21-24,0.428687,0.589035
Playground,local,6-14-16-17-24,0.375121,0.533626
Playground,local,6-8-13-16-24,0.323272,0.474524
Playground,local,1-16-17-21-24,0.448142,0.606490
Playground,local,1-10-16-17-24,0.449909,0.606636
Playground,local,1-9-10-12-16,0.405395,0.562525
Playground,local,1-10-14-16-17,0.430689,0.589274
Playground,local,1-2-8-13-24,0.405235,0.560364
Playground,local,1-2-9-16-24,0.438301,0.596394
Playground,local,16-17-19-20-24,0.353085,0.506928
Playground,local,0-10-14-16-21,0.404567,0.565343
Playground,local,10-13-15-17-18,0.336949,0.497822
Playground,local,4-10-16-17-24,0.413636,0.569971
Playground,local,1-6-10-16-24,0.435162,0.592191
Playground,local,1-10-17-23-24,0.443474,0.599986
Playground,local,1-9-16-17-24,0.439191,0.597276
Playground,local,1-13-16-17-24,0.422032,0.579946
Playground,local,5-7-10-16-21,0.304460,0.456874
Playground,local,5-10-16-17-20,0.364500,0.524030
Playground,local,1-16-17-20-24,0.423845,0.583119
Playground,local,8-9-16-17-19,0.280073,0.431757
Playground,local,1-7-10-17-24,0.423645,0.581189
Playground,local,1-2-4-10-16,0.436703,0.593965
Playground,local,1-5-13-14-16,0.400283,0.558031
Playground,local,1-14-16-17-24,0.386907,0.546402
Playground,local,1-11-16-17-24,0.428862,0.585969
Porch,local,1-3-4-9-14,0.555964,0.699889
Porch,local,4-7-9-14-19,0.509028,0.669316
Porch,local,1-4-14-19-24,0.601819,0.742024
Porch,local,4-9-14-18-19,0.612190,0.752777
Porch,local,0-2-9-14-24,0.507618,0.658206
Porch,local,4-6-19-21-24,0.510939,0.671744
Porch,local,1-4-9-14-17,0.574774,0.715170
Porch,local,4-9-10-14-19,0.593907,0.736061
Porch,local,2-9-14-19-24,0.576196,0.711090
Porch,local,4-14-15-19-24,0.614624,0.753875
Porch,local,2-4-9-14-19,0.583704,0.726045
Porch,local,4-6-9-14-19,0.571450,0.711441
Porch,local,2-9-11-14-22,0.549570,0.686101
Porch,local,3-9-14-19-24,0.558010,0.698823
Porch,local,4-9-14-18-24,0.619865,0.757726
Porch,local,4-9-15-19-24,0.629210,0.765052
Porch,local,4-9-10-15-19,0.609126,0.748558
Porch,local,9-13-16-20-24,0.581697,0.725146
Porch,local,4-9-15-17-22,0.601608,0.738748
Porch,local,0-6-7-9-15,0.413240,0.565065
Porch,local,4-13-16-18-24,0.453287,0.621281
Porch,local,0-4-6-9-11,0.462393,0.619088
Porch,local,4-9-19-20-23,0.581263,0.723817
Porch,local,1-4-9-19-24,0.581498,0.724457
Porch,local,3-4-9-19-24,0.544060,0.697916
Porch,local,8-14-19-21-24,0.600534,0.740890
Porch,local,9-15-18-19-24,0.575740,0.712286
Porch,local,2-9-15-19-24,0.573146,0.708297
Porch,local,5-9-15-23-24,0.616552,0.751108
Porch,local,2-4-6-20-24,0.554642,0.704464
Pots,local,4-11-13-16-21,0.645313,0.781821
Pots,local,6-11-13-16-21,0.637959,0.776120
Pots,local,4-6-11-13-14,0.646921,0.783750
Pots,local,4-6-11-14-22,0.638877,0.777668
Pots,local,4-6-11-14-20,0.639011,0.777696
Pots,local,6-9-11-12-14,0.597996,0.744616
Pots,local,0-8-11-13-14,0.626808,0.767957
Pots,local,11-12-13-14-18,0.643990,0.781236
Pots,local,6-11-13-14-22,0.629638,0.770241
Pots,local,4-7-11-13-14,0.633495,0.772164
Pots,local,1-4-6-13-14,0.609504,0.754431
Pots,local,4-6-7-11-14,0.639179,0.777789
Pots,local,1-4-6-11-14,0.625407,0.767261
Pots,local,4-5-6-13-14,0.619881,0.763418
Pots,local,1-4-6-7-11,0.616085,0.759968
Pots,local,2-6-13-14-22,0.619168,0.762856
Pots,local,4-6-11-13-21,0.651953,0.787606
Pots,local,4-6-11-13-15,0.650223,0.786130
Pots,local,5-6-9-12-21,0.593623,0.741940
Pots,local,4-7-11-13-21,0.635534,0.773587
Pots,local,4-8-11-22-23,0.619795,0.762224
Pots,local,3-6-11-13-21,0.616197,0.759751
Pots,local,6-11-13-15-21,0.631639,0.772629
Pots,local,4-7-13-15-24,0.624220,0.763708
Pots,local,6-10-11-13-14,0.649075,0.785366
Pots,local,3-4-6-14-21,0.600106,0.744918
Pots,local,8-10-11-13-17,0.632147,0.771972
Pots,local,4-6-11-14-21,0.650879,0.786428
Pots,local,2-6-13-20-21,0.617712,0.761650
Pots,local,3-11-13-15-20,0.613838,0.756322
Printing_area,local,3-7-8-18-23,0.573319,0.719099
Printing_area,local,3-8-11-18-23,0.595905,0.737701
Printing_area,local,8-10-12-22-23,0.620277,0.753939
Printing_area,local,2-3-8-13-23,0.661458,0.794084
Printing_area,local,2-3-13-23-24,0.654128,0.788620
Printing_area,local,3-7-8-19-23,0.594664,0.736477
Printing_area,local,8-13-14-20-23,0.671871,0.792259
Printing_area,local,8-13-14-16-23,0.662101,0.785387
Printing_area,local,2-3-14-20-23,0.618483,0.762166
Printing_area,local,4-8-13-14-20,0.609042,0.746384
Printing_area,local,8-10-13-14-23,0.654441,0.779547
Printing_area,local,8-12-13-20-23,0.656498,0.781883
Printing_area,local,0-8-14-20-23,0.647646,0.775757
Printing_area,local,8-13-14-18-20,0.656552,0.781299
Printing_area,local,8-9-14-20-23,0.644295,0.771333
Printing_area,local,8-11-13-19-23,0.660113,0.783873
Printing_area,local,13-14-17-20-23,0.640998,0.768640
Printing_area,local,2-8-13-20-23,0.703116,0.823812
Zen,local,0-10-15-16-20,0.550080,0.705708
Zen,local,3-9-10-16-21,0.405095,0.566639
Zen,local,10-15-16-22-24,0.540652,0.699200
Zen,local,0-7-10-15-16,0.512944,0.673346
Zen,local,2-13-16-20-21,0.470593,0.610730
Zen,local,0-10-13-15-16,0.452278,0.596390
Zen,local,0-10-14-15-23,0.517347,0.675862
Zen,local,0-2-15-21-24,0.530737,0.687955
Zen,local,0-15-16-20-23,0.553783,0.707609
Zen,local,0-8-17-20-24,0.493629,0.651796
Zen,local,0-9-15-20-23,0.535547,0.693135
Zen,local,9-15-16-20-23,0.535293,0.692699
Zen,local,2-15-16-20-23,0.566528,0.719742
Zen,local,8-13-15-20-23,0.438603,0.581851
Zen,local,2-5-15-20-23,0.563172,0.717226
Zen,local,2-7-15-20-23,0.538824,0.697105
Zen,local,2-7-20-23-24,0.535464,0.693859
Zen,local,2-3-16-20-23,0.497674,0.649218
Zen,local,6-10-15-16-23,0.395534,0.561262
Zen,local,2-9-15-16-23,0.557764,0.712142
Zen,local,2-7-16-21-23,0.497635,0.657694
Zen,local,4-14-15-16-23,0.465098,0.612365
Zen,local,4-15-16-22-24,0.399258,0.542094
Zen,local,15-16-18-20-22,0.535234,0.690056
Zen,local,2-6-14-15-16,0.450711,0.618369
Zen,local,0-2-15-16-20,0.552841,0.707351
Zen,local,2-12-15-16-23,0.569438,0.722476
Zen,local,2-5-12-15-23,0.558936,0.713500
Zen,local,1-2-12-16-23,0.565345,0.718139
Zen,local,2-15-16-22-23,0.560555,0.714796
Garden,recheck3,1-5-7-10-12,0.540559,0.701464
Garden,local3,1-5-7-12-21,0.542398,0.702815
Garden,local3,4-7-10-15-17,0.513872,0.678334
Garden,local3,1-5-7-10-21,0.537405,0.698776
Garden,restart3,0-4-6-20-24,0.512676,0.677520
Garden,restart3,1-8-11-12-24,0.480253,0.645207
Meeting_room,recheck3,10-12-19-20-24,0.562334,0.715186
Porch,recheck3,4-9-15-19-24,0.624789,0.761749
Pots,recheck3,4-6-11-13-21,0.651825,0.787299
Cantina,recheck3,12-15-17-20-24,0.582639,0.730549
Lounge,recheck3,0-1-3-11-20,0.603690,0.752298
Garden,recheck3,1-5-7-8-10,0.543149,0.703643
Playground,recheck3,1-10-16-17-24,0.448220,0.604874
Lunch_room,recheck3,1-3-5-9-22,0.412282,0.563027
Meeting_room,local3,10-19-21-23-24,0.558828,0.711718
Porch,local3,9-15-17-19-24,0.582709,0.718588
Pots,local3,4-6-11-13-20,0.644437,0.781909
Cantina,local3,12-15-17-19-24,0.551060,0.702410
Meeting_room,local3,10-12-19-22-24,0.565857,0.718066
Lounge,local3,1-3-5-16-20,0.548992,0.706221
Garden,local3,1-4-5-10-16,0.532196,0.694246
Playground,local3,1-10-17-21-24,0.437598,0.594664
Lunch_room,local3,3-5-10-16-22,0.298744,0.443382
Porch,local3,4-15-19-20-24,0.619410,0.760306
Pots,local3,6-7-11-13-23,0.588634,0.737634
Cantina,local3,3-10-13-17-20,0.528229,0.684702
Meeting_room,local3,10-12-15-19-20,0.553217,0.707413
Lounge,local3,0-1-3-12-20,0.593909,0.744670
Garden,local3,1-7-8-10-12,0.533439,0.694758
Playground,local3,1-10-14-16-24,0.441369,0.598433
Porch,local3,0-4-9-19-24,0.496204,0.658215
Pots,local3,4-7-13-16-21,0.627211,0.767554
Cantina,local3,11-12-15-17-24,0.499027,0.647681
Lunch_room,local3,1-2-9-19-23,0.363301,0.510729
Meeting_room,local3,0-10-12-20-24,0.535044,0.693080
Lounge,local3,0-1-3-16-23,0.563030,0.718343
Garden,local3,5-7-14-15-17,0.520647,0.684342
Playground,local3,10-16-17-20-24,0.363715,0.523867
Porch,local3,4-8-9-15-19,0.608344,0.747755
Pots,local3,3-6-8-11-15,0.623832,0.765688
Cantina,local3,7-11-12-20-24,0.457766,0.609923
Meeting_room,local3,12-18-19-20-24,0.540009,0.696462
Lunch_room,local3,1-3-9-12-22,0.341600,0.488795
Lounge,local3,0-1-3-8-12,0.581283,0.734632
Garden,local3,1-5-7-13-19,0.515254,0.676911
Playground,local3,1-9-10-19-24,0.401876,0.553356
Porch,local3,4-9-14-15-24,0.610596,0.748627
Pots,local3,4-6-13-18-21,0.631561,0.771254
Cantina,local3,0-7-12-18-24,0.462888,0.625239
Meeting_room,local3,5-10-15-19-20,0.506596,0.665262
Lounge,local3,1-3-7-12-24,0.566227,0.721557
Lunch_room,local3,1-3-9-19-22,0.357499,0.507212
Garden,local3,0-2-8-10-24,0.499544,0.665477
Playground,local3,1-2-10-16-24,0.445317,0.601975
Porch,local3,4-9-18-19-24,0.602785,0.745202
Pots,local3,4-6-13-22-24,0.634131,0.773601
Cantina,local3,15-17-20-23-24,0.518051,0.676243
Meeting_room,local3,5-10-16-19-24,0.501487,0.660578
Lounge,local3,0-3-7-12-13,0.575273,0.729919
Garden,local3,1-5-7-10-16,0.538753,0.699904
Lunch_room,local3,5-8-13-21-22,0.318774,0.456581
Playground,local3,1-4-10-16-17,0.454599,0.610378
Porch,local3,4-6-15-19-20,0.556445,0.704230
Pots,local3,4-6-11-20-21,0.647459,0.783937
Meeting_room,local3,10-19-20-21-24,0.551486,0.705838
Cantina,local3,1-12-15-17-20,0.516867,0.670083
Lounge,local3,0-7-12-20-24,0.573156,0.727963
Garden,local3,1-5-11-12-21,0.538368,0.699113
Porch,local3,0-4-15-19-24,0.496335,0.657466
Playground,local3,1-4-14-16-17,0.379543,0.539174
Lunch_room,local3,1-3-5-7-17,0.400165,0.550830
Pots,local3,6-13-15-17-21,0.641225,0.780051
Meeting_room,local3,7-11-19-20-24,0.537535,0.694180
Cantina,local3,5-15-20-23-24,0.492181,0.653883
Lounge,local3,0-1-3-12-14,0.585612,0.738209
Garden,local3,1-7-8-10-24,0.522137,0.684998
Porch,local3,3-4-9-15-24,0.594620,0.737244
Playground,local3,4-5-10-16-22,0.315038,0.460523
Meeting_room,local3,6-10-19-20-24,0.544590,0.700190
Pots,local3,5-6-11-13-21,0.650128,0.785511
Cantina,local3,7-10-15-20-24,0.462438,0.619220
Lunch_room,local3,3-5-9-18-22,0.335592,0.482390
Lounge,local3,0-3-12-15-20,0.578483,0.732624
Garden,local3,1-7-8-9-10,0.504710,0.666594
Porch,local3,2-4-15-19-24,0.579056,0.724988
Playground,local3,1-4-9-16-17,0.449575,0.606422
Meeting_room,local3,1-2-5-10-19,0.455867,0.618693
Pots,local3,8-11-14-19-21,0.644087,0.781335
Cantina,local3,0-4-15-18-24,0.442738,0.605034
Lunch_room,local3,1-3-5-9-14,0.415558,0.566126
Lounge,local3,0-2-3-12-14,0.577689,0.731880
Garden,local3,1-5-8-10-17,0.530992,0.693343
Porch,local3,4-9-15-18-19,0.625026,0.762955
Playground,local3,1-4-10-11-16,0.445227,0.601855
Meeting_room,local3,1-2-3-10-19,0.476818,0.638758
Pots,local3,0-5-6-11-21,0.642768,0.780795
Cantina,local3,12-14-15-20-24,0.533126,0.686097
Lounge,local3,1-2-4-12-24,0.560825,0.717393
Lunch_room,local3,2-9-12-18-22,0.308697,0.451061
Garden,local3,5-6-7-8-24,0.535296,0.696941
Porch,local3,9-12-17-19-21,0.602158,0.738968
Playground,local3,0-2-10-17-22,0.438664,0.595596
Meeting_room,local3,10-12-20-22-24,0.562466,0.715242
Pots,local3,4-5-6-11-15,0.647745,0.784500
Cantina,local3,2-14-17-19-24,0.458139,0.621435
Lounge,local3,1-3-12-13-20,0.570180,0.724940
Garden,local3,1-5-8-10-13,0.501915,0.665211
Lunch_room,local3,3-5-9-19-22,0.285815,0.418874
Porch,local3,3-4-9-15-19,0.590855,0.734890
Playground,local3,1-4-7-10-16,0.428950,0.585271
Meeting_room,local3,3-12-17-19-24,0.516686,0.676702
Pots,local3,4-11-13-15-21,0.648639,0.782853
Cantina,local3,10-15-17-20-24,0.530617,0.684729
Lounge,local3,0-1-5-12-20,0.591418,0.742642
Garden,local3,5-7-8-13-18,0.506184,0.669103
Lunch_room,local3,1-3-4-5-9,0.407524,0.558047
Porch,local3,4-9-13-15-24,0.586401,0.730715
Playground,local3,1-4-7-10-17,0.428805,0.584686
Meeting_room,local3,6-10-14-19-24,0.533215,0.690772
Pots,local3,3-4-11-15-21,0.615126,0.755181
Cantina,local3,2-12-20-22-24,0.484536,0.642399
Lounge,local3,0-1-12-14-22,0.541318,0.699006
Garden,local3,1-2-5-8-10,0.544347,0.704440
Lunch_room,local3,5-7-11-15-22,0.320090,0.459745
Porch,local3,0-3-4-9-17,0.508612,0.666161
Meeting_room,local3,6-10-12-19-22,0.552117,0.705830
Playground,local3,1-5-16-17-24,0.432271,0.589952
Pots,local3,0-6-11-16-21,0.647573,0.784467
Cantina,local3,4-12-15-17-24,0.522443,0.674975
Lounge,local3,0-1-12-20-23,0.572626,0.727356
Garden,local3,1-3-8-10-12,0.486089,0.651498
Porch,local3,4-5-9-19-24,0.581233,0.733102
Lunch_room,local3,0-1-3-9-13,0.373637,0.523789
Meeting_room,local3,10-12-19-23-24,0.567802,0.719684
Playground,local3,1-4-9-10-16,0.435867,0.591570
Pots,local3,4-6-11-12-13,0.653863,0.789024
Cantina,local3,6-12-15-17-24,0.546548,0.700693
Lounge,local3,3-12-19-21-23,0.556927,0.714067
Garden,local3,1-3-5-8-10,0.515847,0.679668
Porch,local3,7-9-11-15-24,0.486860,0.636390
Meeting_room,local3,10-12-13-23-24,0.561813,0.714774
Lunch_room,local3,1-3-5-11-22,0.398062,0.549545
Playground,local3,1-4-10-16-19,0.456710,0.612448
Pots,local3,6-11-12-13-16,0.624942,0.765473
Cantina,local3,0-12-15-20-24,0.513818,0.667731
Garden,local3,5-7-8-11-12,0.528998,0.691156
Lounge,local3,1-3-7-9-20,0.568735,0.724107
Porch,local3,1-15-18-19-21,0.594118,0.732618
Meeting_room,local3,10-18-19-23-24,0.552602,0.706125
Playground,local3,1-2-4-16-19,0.423635,0.583002
Pots,local3,4-6-11-12-17,0.650940,0.786718
Lunch_room,local3,1-9-13-16-23,0.357142,0.503005
Cantina,local3,9-12-15-20-24,0.492704,0.640972
Garden,local3,5-8-14-23-24,0.452320,0.614294
Lounge,local3,0-1-9-12-20,0.581883,0.735043
Porch,local3,4-5-9-11-24,0.625504,0.765896
Meeting_room,local3,5-10-19-23-24,0.532421,0.689420
Playground,local3,1-4-9-12-16,0.429133,0.585266
Pots,local3,6-8-11-12-13,0.611640,0.755082
Cantina,local3,8-15-16-17-24,0.530359,0.684375
Lunch_room,local3,0-1-5-9-22,0.375379,0.522427
Garden,local3,1-9-10-15-20,0.445488,0.611375
Porch,local3,2-4-6-12-19,0.527832,0.674352
Lounge,local3,0-1-12-16-20,0.568830,0.723019
Meeting_room,local3,10-12-14-19-22,0.554062,0.707909
Pots,local3,2-3-4-10-13,0.558486,0.709329
Playground,local3,1-4-12-16-19,0.443149,0.598918
Cantina,local3,4-8-11-12-20,0.435632,0.579280
Garden,local3,2-5-7-8-10,0.532017,0.694033
Lunch_room,local3,1-2-5-9-22,0.378044,0.525106
Meeting_room,local3,2-5-8-12-19,0.498883,0.661176
Porch,local3,3-9-19-23-24,0.560174,0.701402
Lounge,local3,0-1-6-12-23,0.583813,0.736594
Pots,local3,2-4-11-12-13,0.618948,0.761305
Playground,local3,1-4-16-19-20,0.455629,0.612325
Cantina,local3,10-12-16-23-24,0.483224,0.642646
Garden,local3,1-5-8-9-10,0.505079,0.668186
Meeting_room,local3,10-12-15-18-23,0.554410,0.708081
Lunch_room,local3,1-4-5-9-22,0.394595,0.540593
Porch,local3,1-4-5-9-24,0.605642,0.747333
Lounge,local3,0-1-3-4-12,0.575149,0.729918
Playground,local3,9-10-11-18-19,0.292367,0.444814
Pots,local3,4-6-10-12-22,0.615443,0.759790
Cantina,local3,0-11-12-15-20,0.479827,0.636445
Garden,local3,1-5-11-17-21,0.524654,0.687306
Meeting_room,local3,2-10-19-23-24,0.554234,0.710849
Porch,local3,4-6-15-17-24,0.561799,0.706807
Lounge,local3,0-1-12-20-22,0.512365,0.672628
Lunch_room,local3,1-2-5-12-13,0.343801,0.489267
Playground,local3,1-7-10-11-22,0.398226,0.554859
Pots,local3,4-6-9-13-15,0.634598,0.773880
Cantina,local3,10-17-20-22-24,0.544770,0.697431
Garden,local3,7-10-12-17-24,0.504336,0.669444
Meeting_room,local3,11-12-19-23-24,0.560741,0.714905
Porch,local3,8-9-10-18-19,0.549819,0.689279
Lounge,local3,0-1-3-9-17,0.576621,0.731124
Lunch_room,local3,5-12-16-18-22,0.310146,0.459608
Playground,local3,1-9-10-19-20,0.405522,0.562186
Pots,local3,1-6-11-13-19,0.622658,0.764919
Cantina,local3,1-5-17-20-24,0.450094,0.611595
Meeting_room,local3,9-10-12-23-24,0.554506,0.708449
Garden,local3,1-4-5-7-10,0.541227,0.702030
Porch,local3,4-6-7-9-15,0.486531,0.645377
Lounge,local3,3-6-12-14-20,0.553424,0.710607
Playground,local3,1-10-13-16-19,0.429336,0.587327
Pots,local3,3-4-6-16-22,0.606510,0.751649
Lunch_room,local3,1-5-9-17-22,0.383868,0.528722
Cantina,local3,6-7-17-20-22,0.470799,0.626634
Meeting_room,local3,0-11-19-23-24,0.517597,0.679456
Garden,local3,5-8-9-10-17,0.501900,0.666768
Porch,local3,4-7-9-15-19,0.520911,0.678504
Lounge,local3,1-3-12-20-22,0.544764,0.702046
Playground,local3,1-10-15-16-19,0.434630,0.593066
Pots,local3,11-12-19-22-24,0.630776,0.768928
Lunch_room,local3,7-9-20-21-22,0.273199,0.401151
Cantina,local3,12-15-16-17-20,0.570126,0.718194
Meeting_room,local3,7-10-13-15-24,0.535266,0.692232
Garden,local3,1-5-6-7-10,0.536342,0.697818
Porch,local3,4-7-9-15-24,0.521825,0.677877
Lounge,local3,1-3-9-12-24,0.564711,0.720721
Playground,local3,0-1-4-10-19,0.437446,0.593238
Pots,local3,0-4-12-14-22,0.605904,0.751137
Cantina,local3,7-12-15-17-20,0.588605,0.735900
Lunch_room,local3,1-3-4-11-18,0.366553,0.518224
Meeting_room,local3,7-10-12-19-24,0.550627,0.704830
Garden,local3,1-5-8-10-11,0.524277,0.686888
Porch,local3,1-4-11-14-24,0.594361,0.731673
Lounge,local3,0-1-2-12-20,0.584076,0.736643
Pots,local3,6-12-13-15-24,0.619013,0.762661
Playground,local3,1-2-10-16-19,0.452092,0.609615
Cantina,local3,12-13-15-17-24,0.531143,0.680370
Meeting_room,local3,6-10-12-21-24,0.552680,0.706607
Lunch_room,local3,3-5-8-9-22,0.297142,0.431913
Garden,local3,3-5-8-11-14,0.466653,0.635061
Porch,local3,9-13-15-19-24,0.524796,0.670541
Lounge,local3,3-8-9-20-24,0.546423,0.705649
Pots,local3,0-1-6-12-15,0.606949,0.752600
Playground,local3,4-10-13-19-21,0.402522,0.562695
Meeting_room,local3,4-12-19-22-23,0.542255,0.697825
Cantina,local3,4-17-20-22-24,0.473873,0.627202
Garden,local3,0-1-5-8-10,0.490664,0.656540
Porch,local3,9-14-17-19-24,0.586266,0.721390
Lunch_room,local3,1-5-6-9-21,0.399177,0.543611
Lounge,local3,0-1-2-3-12,0.586210,0.738555
Pots,local3,4-9-11-17-21,0.634800,0.773089
Playground,local3,1-3-4-9-12,0.418471,0.575161
Meeting_room,local3,5-10-12-23-24,0.526554,0.684546
Cantina,local3,2-12-17-20-22,0.498791,0.655118
Garden,local3,1-5-8-10-21,0.533394,0.695380
Porch,local3,4-9-15-16-22,0.589953,0.729228
Lounge,local3,5-12-17-18-20,0.550671,0.708261
Pots,local3,4-7-13-14-19,0.626358,0.766448
Lunch_room,local3,1-3-5-9-24,0.417707,0.568221
Playground,local3,0-2-4-16-19,0.439124,0.597688
Meeting_room,local3,10-12-15-19-23,0.556250,0.710116
Cantina,local3,8-15-20-21-24,0.493615,0.653422
Porch,local3,8-12-14-15-24,0.528947,0.666124
Garden,local3,1-5-8-18-19,0.537469,0.698786
Lounge,local3,1-3-10-12-20,0.587200,0.739343
Pots,local3,4-11-12-13-24,0.650195,0.785354
Meeting_room,local3,10-12-18-19-23,0.560091,0.712330
Playground,local3,4-10-13-16-19,0.390506,0.546533
Lunch_room,local3,0-6-9-16-24,0.359995,0.506429
Cantina,local3,8-12-17-20-24,0.563641,0.714017
Porch,local3,0-1-4-9-15,0.515129,0.663814
Garden,local3,1-5-8-9-15,0.494403,0.658349
Lounge,local3,0-2-7-20-24,0.579740,0.733319
Meeting_room,local3,11-12-18-19-23,0.547078,0.702458
Pots,local3,2-6-11-12-13,0.635938,0.775966
Playground,local3,1-5-10-16-17,0.431781,0.588875
Cantina,local3,11-15-17-20-24,0.479265,0.630085
Lunch_room,local3,2-3-5-9-11,0.373376,0.525594
Porch,local3,4-6-9-15-19,0.570726,0.710981
Garden,local3,1-8-9-15-20,0.450753,0.616199
Meeting_room,local3,8-10-12-19-23,0.534000,0.690970
Lounge,local3,1-4-16-20-21,0.535122,0.694927
Pots,local3,0-3-4-6-14,0.592223,0.740001
Playground,local3,0-1-3-15-16,0.388031,0.545151
Cantina,local3,12-17-19-20-24,0.548742,0.701522
Lunch_room,local3,1-3-5-10-24,0.401242,0.553373
Porch,local3,2-4-9-15-24,0.579409,0.721468
Garden,local3,1-4-5-7-11,0.535431,0.696857
Meeting_room,local3,0-9-10-13-19,0.548611,0.704938
Lounge,local3,0-3-9-12-13,0.570065,0.725830
Pots,local3,4-11-12-13-16,0.650169,0.785948
Playground,local3,0-1-4-16-19,0.441164,0.600143
Cantina,local3,11-12-19-20-24,0.490298,0.646427
Porch,local3,4-9-15-19-20,0.626717,0.764604
Garden,local3,5-7-8-10-19,0.534272,0.696058
Meeting_room,local3,6-10-16-19-23,0.544834,0.699495
Lunch_room,local3,3-8-17-23-24,0.297900,0.438512
Lounge,local3,0-1-3-8-11,0.591626,0.742814
Pots,local3,4-6-11-13-18,0.646334,0.783225
Playground,local3,0-6-10-16-23,0.434735,0.592765
Cantina,local3,9-11-15-17-20,0.496884,0.645567
Porch,local3,9-15-19-20-24,0.605898,0.744254
Meeting_room,local3,9-15-18-19-23,0.532646,0.689633
Garden,local3,1-4-5-10-18,0.530289,0.692526
Lounge,local3,0-1-3-13-20,0.590765,0.742151
Lunch_room,local3,1-5-6-15-20,0.402447,0.550867
Pots,local3,1-6-11-12-13,0.631179,0.771093
Playground,local3,2-10-15-19-21,0.380187,0.538142
Cantina,local3,10-12-16-22-24,0.479977,0.640587
Porch,local3,0-9-12-15-19,0.475901,0.628420
Meeting_room,local3,2-12-14-19-23,0.521172,0.682920
Garden,local3,1-3-5-8-17,0.519029,0.682919
Lounge,local3,0-3-8-12-20,0.583670,0.736711
Pots,local3,4-6-9-11-12,0.642568,0.780215
Playground,local3,1-2-7-10-21,0.389987,0.544296
Lunch_room,local3,1-2-3-4-5,0.377268,0.528411
Cantina,local3,3-9-10-15-20,0.540360,0.691880
Porch,local3,4-11-15-19-24,0.600862,0.742982
Meeting_room,local3,0-12-19-23-24,0.525987,0.686580
Garden,local3,1-7-8-10-15,0.519629,0.682782
Lounge,local3,0-1-2-7-12,0.575060,0.729359
Pots,local3,4-12-13-16-22,0.623432,0.765741
Playground,local3,4-10-16-18-19,0.432655,0.592564
Lunch_room,local3,3-5-9-22-24,0.308294,0.448732
Cantina,local3,5-12-13-14-15,0.480621,0.632977
Porch,local3,4-9-13-19-21,0.597050,0.743630
Meeting_room,local3,1-3-10-17-24,0.482717,0.643866
Garden,local3,5-7-8-10-24,0.526342,0.689206
Lounge,local3,0-1-4-12-20,0.585080,0.737837
Pots,local3,4-6-13-15-19,0.639854,0.778067
Playground,local3,2-8-10-16-23,0.358360,0.505675
Cantina,local3,15-17-20-22-24,0.492349,0.646578
Meeting_room,local3,10-17-18-23-24,0.548074,0.702773
Lunch_room,local3,3-5-9-21-24,0.329631,0.468240
Porch,local3,4-6-9-15-24,0.574166,0.716300
Garden,local3,1-2-8-22-24,0.483797,0.649233
Lounge,local3,0-1-4-14-21,0.575054,0.729861
Pots,local3,3-4-11-13-17,0.602216,0.746086
Playground,local3,1-9-16-18-21,0.413784,0.570398
Cantina,local3,5-12-15-20-24,0.505284,0.661402
Meeting_room,local3,4-12-19-23-24,0.544813,0.700250
Porch,local3,15-16-19-20-24,0.593342,0.735276
Garden,local3,1-5-8-10-16,0.534787,0.696533
Lunch_room,local3,1-3-5-9-23,0.408984,0.559565
Lounge,local3,3-8-12-15-20,0.546283,0.705334
Pots,local3,8-11-12-13-18,0.643452,0.780410
Playground,local3,1-4-13-16-19,0.439302,0.596524
Cantina,local3,0-2-7-17-24,0.426500,0.591732
Meeting_room,local3,0-2-6-23-24,0.480774,0.646275
Porch,local3,12-14-15-21-24,0.561279,0.700512
Garden,local3,1-7-8-10-11,0.520183,0.682827
Lounge,local3,0-3-10-12-20,0.591782,0.743180
Pots,local3,8-11-13-18-20,0.638790,0.777096
Lunch_room,local3,3-4-5-7-24,0.278786,0.413109
Playground,local3,1-4-10-14-19,0.446195,0.602419
Cantina,local3,6-12-14-17-20,0.534096,0.690080
Meeting_room,local3,4-10-11-13-24,0.521390,0.679228
Porch,local3,3-9-15-19-24,0.563725,0.704167
Garden,local3,0-1-5-7-10,0.512743,0.677591
Lounge,local3,0-1-8-12-17,0.571105,0.726507
Pots,local3,4-9-11-12-16,0.636140,0.774909
Playground,local3,1-4-10-16-21,0.435551,0.590678
Lunch_room,local3,1-3-9-14-24,0.391185,0.541201
Meeting_room,local3,8-10-12-19-24,0.533718,0.690919
Cantina,local3,4-10-17-20-21,0.503872,0.652328
Porch,local3,2-7-15-18-24,0.517514,0.665799
Garden,local3,7-8-15-17-24,0.488460,0.654548
Lounge,local3,0-1-6-12-20,0.588250,0.739789
Pots,local3,4-5-6-12-15,0.624283,0.767133
Playground,local3,4-6-12-14-19,0.320069,0.468898
Meeting_room,local3,0-2-6-12-23,0.489297,0.653959
Lunch_room,local3,1-2-3-5-9,0.384377,0.534478
Cantina,local3,1-9-13-17-24,0.471243,0.629779
Porch,local3,9-10-15-19-24,0.539660,0.678707
Garden,local3,0-1-5-10-22,0.485134,0.651877
Lounge,local3,0-1-10-12-20,0.558857,0.715736
Pots,local3,4-6-12-13-14,0.643059,0.781052
Meeting_room,local3,2-10-22-23-24,0.550087,0.707466
Playground,local3,4-10-14-19-21,0.413375,0.574573
Cantina,local3,13-15-17-20-24,0.504116,0.658000
Porch,local3,9-14-15-19-24,0.547158,0.685698
Lunch_room,local3,1-5-6-9-24,0.398941,0.543591
Garden,local3,0-1-8-18-23,0.441927,0.604491
Lounge,local3,2-12-14-18-20,0.538715,0.698645
Meeting_room,local3,6-10-19-23-24,0.549594,0.704314
Pots,local3,2-4-6-11-12,0.622077,0.764710
Playground,local3,1-4-12-14-15,0.391000,0.550173
Cantina,local3,11-12-15-17-20,0.484960,0.633818
Porch,local3,4-8-9-15-24,0.610569,0.748220
Garden,local3,1-7-8-10-21,0.531732,0.693275
Lunch_room,local3,1-3-5-9-15,0.414140,0.564765
Lounge,local3,1-3-4-7-20,0.567734,0.723150
Meeting_room,local3,1-10-12-23-24,0.525451,0.685097
Pots,local3,6-12-17-18-23,0.601146,0.747787
Playground,local3,14-15-16-19-24,0.245645,0.388618
Porch,local3,1-4-9-11-18,0.577657,0.718321
Cantina,local3,1-8-12-17-24,0.472349,0.631024
Garden,local3,1-4-7-10-12,0.534758,0.696277
Lunch_room,local3,1-5-9-20-24,0.406498,0.553616
Meeting_room,local3,5-12-16-23-24,0.447510,0.611904
Lounge,local3,0-3-12-20-21,0.576478,0.730826
Pots,local3,6-11-12-13-20,0.627170,0.767714
Playground,local3,1-4-8-10-19,0.417505,0.569772
Porch,local3,4-9-19-22-23,0.592216,0.735967
Cantina,local3,0-7-10-12-20,0.496897,0.652815
Garden,local3,1-7-8-12-21,0.522177,0.684804
Lunch_room,local3,1-2-5-18-24,0.371813,0.519954
Meeting_room,local3,10-11-12-19-23,0.558379,0.711925
Lounge,local3,0-2-3-12-20,0.584901,0.737615
Pots,local3,4-6-11-13-19,0.653421,0.788798
Playground,local3,4-7-10-16-19,0.362447,0.519573
Porch,restart3,3-8-9-17-20,0.537182,0.681823
Cantina,local3,0-8-12-15-22,0.514861,0.666738
Garden,local3,1-5-7-10-19,0.541354,0.702190
Meeting_room,local3,5-12-15-21-24,0.441983,0.606126
Lounge,local3,0-1-3-5-20,0.586542,0.738724
Lunch_room,local3,1-6-9-22-23,0.387319,0.526635
Pots,local3,2-4-7-11-13,0.611962,0.754777
Playground,local3,3-4-14-18-19,0.365834,0.522262
Porch,local3,3-8-12-17-20,0.556135,0.700324
Cantina,restart3,0-4-6-17-19,0.422588,0.585952
Garden,restart3,0-2-7-15-24,0.489647,0.656354
Meeting_room,local3,7-10-19-23-24,0.546098,0.700999
Lounge,local3,0-1-3-12-23,0.587264,0.739392
Pots,local3,4-6-7-11-12,0.638029,0.776797
Meeting_room,local3,2-3-10-19-23,0.534857,0.693867
Playground,local3,1-4-10-15-17,0.448610,0.605377
Cantina,local3,0-6-7-17-19,0.428600,0.594416
Lunch_room,local3,1-2-5-9-24,0.382489,0.529282
Porch,local3,6-12-15-17-20,0.524002,0.668112
Garden,local3,0-2-6-15-24,0.491132,0.657697
Lounge,local3,1-11-18-19-20,0.594281,0.744334
Pots,local3,5-6-11-12-13,0.628890,0.768453
Meeting_room,local3,4-10-12-19-24,0.536221,0.692468
Playground,local3,0-4-10-16-19,0.459098,0.615164
Porch,local3,2-8-12-13-20,0.570479,0.711553
Cantina,local3,0-3-6-7-23,0.360631,0.513531
Garden,local3,0-6-15-21-24,0.494248,0.660537
Lounge,local3,8-11-17-18-20,0.553489,0.711044
Lunch_room,local3,1-3-5-15-24,0.416237,0.568202
Pots,local3,2-3-4-5-13,0.563831,0.714977
Meeting_room,local3,6-7-10-12-21,0.523069,0.680465
Playground,local3,0-4-10-16-22,0.440005,0.595602
Porch,local3,2-5-13-18-20,0.517078,0.674886
Cantina,local3,0-6-7-17-24,0.437063,0.602633
Garden,local3,4-6-15-18-20,0.528991,0.691546
Lounge,local3,1-17-18-19-20,0.569812,0.724354
Pots,local3,4-6-11-12-21,0.655717,0.790640
Meeting_room,local3,10-13-19-23-24,0.566859,0.719348
Lunch_room,local3,5-6-9-17-24,0.355408,0.497319
Porch,local3,2-8-12-13-19,0.560020,0.702247
Playground,local3,10-14-19-21-22,0.427985,0.588112
Cantina,local3,0-4-7-17-21,0.437604,0.598352
Garden,local3,0-4-6-18-20,0.511835,0.676647
Pots,local3,1-4-6-12-21,0.603031,0.748736
Lounge,local3,6-7-8-11-19,0.547446,0.705968
Meeting_room,local3,12-15-19-23-24,0.551871,0.707509
Lunch_room,local3,3-5-14-15-24,0.332332,0.474725
Porch,local3,0-2-8-12-13,0.469231,0.627596
Playground,local3,0-7-10-16-19,0.428199,0.587829
Garden,local3,4-6-13-15-18,0.490836,0.655100
Cantina,local3,1-4-7-8-18,0.471172,0.632506
Pots,local3,4-6-12-13-21,0.647005,0.784186
Lounge,local3,5-11-18-19-20,0.561134,0.716920
Meeting_room,local3,2-7-10-12-24,0.552591,0.708740
Porch,local3,2-8-13-20-24,0.593942,0.734084
Lunch_room,local3,5-9-10-16-23,0.301980,0.443085
Playground,local3,0-4-16-19-24,0.455758,0.612662
Garden,local3,4-6-12-18-20,0.530671,0.692763
Cantina,local3,0-4-7-8-21,0.447060,0.607805
Pots,local3,6-10-12-18-21,0.626105,0.768418
Meeting_room,local3,0-13-22-23-24,0.499809,0.663705
Lounge,local3,1-11-18-20-22,0.580548,0.733734
Porch,local3,0-2-5-22-24,0.473875,0.634190
Playground,local3,0-1-4-7-12,0.419717,0.578064
Cantina,local3,3-7-8-21-24,0.458358,0.624442
Garden,local3,4-6-18-19-20,0.533798,0.695732
Lunch_room,local3,1-5-9-12-24,0.380461,0.524290
Pots,local3,5-6-11-12-21,0.628890,0.768646
Meeting_room,local3,3-10-12-13-19,0.521093,0.680046
Lounge,local3,6-11-18-19-20,0.566195,0.721448
Porch,local3,8-13-14-16-22,0.521817,0.662497
Playground,local3,2-4-7-10-13,0.365969,0.516301
Cantina,local3,7-8-18-19-20,0.403155,0.558297
Garden,local3,4-9-13-18-20,0.440522,0.605877
Meeting_room,local3,8-10-19-23-24,0.537153,0.693422
Pots,local3,4-6-12-14-21,0.638260,0.777357
Lunch_room,local3,1-2-5-15-24,0.365911,0.513655
Lounge,local3,3-12-14-18-19,0.555900,0.712489
Porch,local3,2-13-20-22-24,0.543599,0.697828
Playground,local3,7-10-12-16-19,0.339087,0.497722
Meeting_room,local3,9-10-12-17-24,0.547332,0.702415
Garden,local3,4-6-10-20-21,0.525834,0.688749
Pots,local3,1-2-5-6-21,0.607828,0.753080
Cantina,local3,0-1-4-15-22,0.458248,0.618354
Lunch_room,local3,0-1-3-9-24,0.375045,0.524828
Lounge,local3,1-8-18-19-20,0.569696,0.724603
Porch,local3,0-2-8-20-24,0.512026,0.669815
Playground,local3,4-10-16-19-22,0.395544,0.551415
Meeting_room,local3,3-10-12-19-23,0.536307,0.693704
Garden,local3,6-11-18-19-20,0.520347,0.683138
Pots,local3,4-6-11-12-15,0.657295,0.791651
Cantina,local3,1-5-7-8-18,0.439580,0.598882
Porch,local3,2-8-13-20-23,0.570281,0.709169
Playground,local3,0-8-10-14-16,0.402977,0.563051
Lunch_room,local3,0-5-7-18-24,0.383157,0.534968
Lounge,local3,1-11-16-19-20,0.577020,0.729154
Meeting_room,local3,4-10-19-23-24,0.548157,0.702617
Garden,local3,4-5-6-18-20,0.502634,0.668296
Pots,local3,6-11-13-15-16,0.635552,0.775019
Cantina,local3,4-7-8-16-18,0.502394,0.663169
Porch,local3,2-3-8-13-15,0.555300,0.698828
Playground,local3,0-2-4-10-19,0.434144,0.588797
Meeting_room,restart3,2-4-10-17-20,0.540715,0.696785
Lounge,local3,2-12-18-19-20,0.551909,0.709846
Garden,local3,13-14-15-19-20,0.457370,0.621842
Pots,local3,0-4-6-11-15,0.634678,0.773487
Lunch_room,local3,1-5-14-18-24,0.397046,0.544275
Cantina,local3,1-4-8-16-18,0.493700,0.652461
Porch,local3,2-6-8-12-13,0.533691,0.667802
Meeting_room,local3,2-4-13-17-19,0.484762,0.644658
Playground,local3,0-4-13-16-19,0.445860,0.602844
Lounge,local3,15-19-20-21-22,0.544144,0.703748
Garden,local3,6-18-19-20-23,0.481854,0.643015
Pots,local3,2-4-11-12-15,0.621612,0.763044
Cantina,local3,4-7-8-9-22,0.489608,0.640304
Porch,local3,2-4-6-14-24,0.564898,0.706919
Lunch_room,local3,3-7-9-19-24,0.220667,0.343775
Meeting_room,local3,4-10-14-17-20,0.505206,0.664449
Playground,local3,4-10-11-15-16,0.374460,0.529089
Lounge,local3,1-3-11-18-20,0.577727,0.731235
Garden,local3,4-18-19-20-22,0.495329,0.661704
Pots,local3,4-6-11-12-22,0.638715,0.777351
Cantina,local3,3-4-8-16-18,0.493619,0.653606
Porch,local3,1-2-7-8-13,0.576299,0.715005
Lunch_room,local3,3-5-15-20-24,0.327926,0.469812
Meeting_room,local3,2-12-16-20-21,0.532253,0.691523
Playground,local3,0-1-4-11-16,0.443195,0.601701
Lounge,local3,4-5-11-13-18,0.520500,0.682986
Garden,local3,4-18-19-20-23,0.453749,0.617384
Pots,local3,6-11-15-18-21,0.630611,0.771879
Cantina,local3,4-5-10-18-22,0.436913,0.594976
Porch,local3,2-8-13-14-24,0.553945,0.693436
Meeting_room,local3,1-2-4-10-17,0.476235,0.637635
Lunch_room,local3,1-3-9-20-24,0.415129,0.566172
Playground,local3,2-12-16-19-23,0.377531,0.534298
Garden,local3,3-4-18-19-20,0.476229,0.644460
Lounge,local3,1-3-11-18-19,0.575265,0.729046
Pots,local3,1-4-6-12-15,0.605134,0.750303
Cantina,local3,7-16-17-18-24,0.483189,0.646612
Porch,local3,0-2-5-13-24,0.475203,0.633410
Meeting_room,local3,2-4-10-20-21,0.556966,0.711456
Playground,local3,1-9-16-19-21,0.418002,0.575471
Lunch_room,local3,3-5-9-15-24,0.338388,0.477473
Garden,local3,6-10-13-16-20,0.485302,0.650094
Lounge,local3,2-11-18-19-20,0.559815,0.716469
Pots,local3,3-6-7-15-24,0.625474,0.766639
Porch,local3,1-13-17-23-24,0.577481,0.712115
Cantina,local3,2-7-8-16-18,0.438444,0.599433
Meeting_room,local3,2-10-19-20-23,0.554531,0.711165
Playground,local3,0-3-4-16-24,0.423986,0.578584
Garden,local3,5-6-13-16-18,0.510487,0.673173
Lunch_room,local3,3-5-9-13-24,0.325333,0.464309
Lounge,local3,11-12-13-15-18,0.553972,0.711340
Pots,local3,0-4-6-12-15,0.621949,0.764561
Porch,local3,2-5-8-20-24,0.616902,0.755041
Meeting_room,local3,2-10-19-20-21,0.549049,0.706318
Cantina,local3,7-8-9-18-22,0.447819,0.599138
Playground,local3,0-2-4-12-15,0.414797,0.573920
Garden,local3,4-8-11-19-20,0.522924,0.685576
Lunch_room,local3,0-3-5-9-13,0.375227,0.527703
Lounge,local3,1-6-18-19-21,0.571925,0.726293
Pots,local3,4-6-11-12-23,0.641864,0.779989
Meeting_room,local3,2-4-10-15-20,0.537923,0.694085
Porch,local3,2-5-8-9-20,0.600134,0.738006
Cantina,local3,7-10-12-16-18,0.501949,0.658549
Garden,local3,8-12-18-19-20,0.514514,0.678707
Playground,local3,3-10-15-16-19,0.388481,0.545186
Lunch_room,local3,1-7-9-17-21,0.361030,0.503782
Lounge,local3,1-9-11-14-19,0.552080,0.710627
Pots,local3,4-11-12-15-18,0.646853,0.782496
Meeting_room,local3,2-6-17-20-24,0.501334,0.664614
Porch,local3,2-8-12-16-20,0.563773,0.705093
Cantina,local3,4-7-16-18-19,0.455781,0.620772
Garden,local3,4-6-13-19-20,0.499691,0.662853
Playground,local3,0-3-10-11-19,0.448384,0.605877
Pots,local3,3-4-11-12-15,0.617809,0.758749
Lounge,local3,1-3-11-14-18,0.571347,0.726155
Lunch_room,local3,1-3-9-19-24,0.381768,0.532835
Meeting_room,local3,2-4-10-11-21,0.546939,0.703254
Porch,local3,2-8-13-21-24,0.578141,0.717858
Cantina,local3,0-4-7-13-18,0.439455,0.600503
Garden,local3,1-4-6-18-20,0.542002,0.702530
Playground,local3,4-10-19-20-21,0.459382,0.613387
Pots,local3,4-6-11-14-17,0.650271,0.786207
Lounge,local3,1-18-19-20-22,0.585303,0.737410
Meeting_room,local3,2-4-5-20-21,0.485217,0.647486
Porch,local3,5-8-10-20-24,0.606906,0.746563
Lunch_room,local3,1-7-15-20-24,0.393875,0.537946
Cantina,local3,0-8-10-18-23,0.471289,0.628651
Garden,local3,1-4-9-20-23,0.470142,0.630330
Playground,local3,4-5-19-20-21,0.392260,0.549550
Meeting_room,local3,0-1-2-10-20,0.452643,0.616065
Pots,local3,4-6-11-12-18,0.647777,0.784590
Lounge,local3,10-11-12-19-24,0.577915,0.731803
Porch,local3,5-8-15-20-24,0.622058,0.760027
Cantina,local3,7-8-11-16-18,0.488605,0.645603
Lunch_room,local3,1-3-5-6-21,0.415754,0.565780
Garden,local3,1-6-18-19-20,0.540727,0.701460
Playground,local3,4-10-18-19-21,0.467511,0.619705
Meeting_room,local3,4-10-16-21-24,0.538061,0.693281
Pots,local3,4-8-11-12-13,0.634802,0.774427
Lounge,local3,1-11-15-17-19,0.577665,0.730994
Porch,local3,5-15-18-19-24,0.619588,0.758465
Cantina,local3,0-4-7-8-18,0.455703,0.616547
Garden,local3,6-7-18-20-23,0.482219,0.644207
Playground,local3,0-4-18-21-24,0.472677,0.629016
Lunch_room,local3,3-5-9-12-24,0.286537,0.421225
Meeting_room,local3,2-4-10-11-20,0.538374,0.694887
Pots,local3,0-1-6-11-22,0.629623,0.770329
Porch,local3,2-4-5-20-24,0.571401,0.723950
Lounge,local3,7-10-19-20-24,0.572447,0.727509
Cantina,local3,7-8-14-16-18,0.508712,0.665933
Garden,local3,1-6-12-18-22,0.528911,0.690961
Playground,local3,4-9-11-14-18,0.352149,0.506814
Meeting_room,local3,2-4-10-15-21,0.547556,0.703333
Lunch_room,local3,3-5-12-16-19,0.284971,0.424978
Pots,local3,4-7-12-16-20,0.612775,0.757133
Porch,local3,3-15-17-20-24,0.569085,0.716721
Lounge,local3,4-6-11-13-19,0.536278,0.696806
Cantina,local3,7-8-16-17-18,0.519285,0.676817
Garden,local3,4-6-18-20-23,0.481733,0.643329
Playground,local3,0-1-4-18-24,0.425207,0.579629
Meeting_room,local3,0-4-10-13-22,0.528638,0.687818
Lunch_room,local3,1-5-11-13-24,0.370897,0.517912
Pots,local3,4-11-14-16-17,0.639931,0.777662
Porch,local3,6-17-18-20-24,0.535946,0.685659
Lounge,local3,1-8-11-19-20,0.559748,0.716712
Cantina,local3,2-7-13-16-23,0.341198,0.493117
Garden,local3,1-2-4-6-20,0.535811,0.697085
Meeting_room,local3,2-4-9-20-21,0.545986,0.701701
Playground,local3,0-4-7-18-21,0.423581,0.578157
Pots,local3,6-10-11-12-23,0.619383,0.762065
Porch,local3,8-13-15-18-24,0.541182,0.680804
Lunch_room,local3,3-5-6-9-21,0.309623,0.442605
Lounge,local3,8-12-16-19-20,0.526229,0.686989
Cantina,local3,8-16-17-18-20,0.507163,0.666638
Garden,local3,1-4-6-11-20,0.527472,0.689214
Meeting_room,local3,7-10-11-20-21,0.539444,0.695220
Playground,local3,4-6-8-15-24,0.314602,0.459153
Pots,local3,2-3-4-12-17,0.581410,0.730705
Porch,local3,1-5-12-15-17,0.589590,0.724965
Lounge,local3,1-2-15-20-24,0.580721,0.733841
Cantina,local3,7-10-17-22-23,0.514072,0.671943
Lunch_room,local3,1-3-9-10-24,0.350099,0.497545
Meeting_room,local3,1-2-10-15-16,0.465083,0.628156
Garden,local3,1-4-9-18-22,0.502903,0.667422
Playground,local3,4-12-13-18-24,0.324971,0.471511
Pots,local3,4-6-11-15-23,0.650921,0.786598
Porch,local3,5-8-11-20-24,0.619769,0.758231
Lounge,local3,1-18-19-20-21,0.583642,0.736069
Cantina,local3,0-16-17-20-24,0.494321,0.653589
Meeting_room,local3,0-2-4-14-20,0.507215,0.668725
Lunch_room,local3,1-4-5-16-24,0.383055,0.530761
Garden,local3,1-4-6-15-18,0.523030,0.686035
Playground,local3,0-11-15-21-24,0.405362,0.566071
Porch,local3,2-8-15-20-24,0.601807,0.739193
Pots,local3,2-11-12-17-19,0.641787,0.780024
Lounge,local3,7-9-18-19-21,0.529401,0.691135
Cantina,local3,7-8-13-16-18,0.509015,0.666716
Playground,local3,4-5-14-18-24,0.355083,0.511298
Meeting_room,local3,2-10-15-17-20,0.520910,0.681254
Garden,local3,1-3-4-6-20,0.527525,0.690274
Lunch_room,local3,1-3-5-19-24,0.412702,0.565416
Pots,local3,4-12-14-16-18,0.619934,0.763052
Porch,local3,3-8-14-15-20,0.555687,0.699351
Lounge,local3,1-8-16-18-20,0.544507,0.702452
Cantina,local3,15-16-17-18-19,0.480813,0.642760
Meeting_room,local3,2-4-9-10-20,0.539000,0.694885
Playground,local3,0-13-18-21-24,0.446565,0.606581
Garden,local3,4-5-11-13-18,0.454898,0.623104
Pots,local3,1-6-11-15-24,0.628806,0.768957
Lunch_room,local3,1-9-17-22-24,0.311414,0.446996
Porch,local3,5-8-20-21-24,0.576015,0.723864
Lounge,local3,2-5-11-19-20,0.552062,0.710068
Cantina,local3,1-8-16-17-18,0.482966,0.641431
Meeting_room,local3,1-2-20-23-24,0.442856,0.608739
Playground,local3,0-4-11-18-24,0.443085,0.598350
Garden,local3,0-1-6-12-20,0.493920,0.659982
Pots,local3,4-6-12-14-15,0.636739,0.776059
Porch,local3,5-7-15-20-24,0.479074,0.641511
Lunch_room,local3,3-5-9-12-20,0.290469,0.423956
Lounge,local3,1-5-9-18-20,0.564503,0.720481
Meeting_room,local3,4-9-10-20-21,0.530197,0.686514
Cantina,local3,8-12-16-17-18,0.545199,0.696767
Playground,local3,3-10-18-21-24,0.441179,0.597191
Garden,local3,1-4-6-18-22,0.532425,0.694114
Pots,local3,6-11-12-15-24,0.643251,0.780303
Porch,local3,5-15-16-20-24,0.613767,0.752874
Lunch_room,local3,0-1-13-17-24,0.349244,0.496064
Meeting_room,local3,2-10-14-15-21,0.531793,0.691687
Lounge,local3,1-11-13-18-20,0.585608,0.737431
Cantina,local3,3-8-12-13-18,0.496236,0.653925
Playground,local3,0-9-18-21-24,0.426698,0.584089
Garden,local3,1-6-18-19-22,0.529640,0.691558
Pots,local3,4-6-9-12-15,0.631807,0.772401
Porch,local3,5-7-8-19-20,0.495756,0.660893
Meeting_room,local3,4-9-10-16-21,0.514024,0.671110
Lunch_room,local3,1-3-5-12-24,0.392609,0.542541
Lounge,local3,1-11-19-20-21,0.602540,0.751151
Garden,local3,1-2-4-18-20,0.543598,0.703733
Playground,local3,14-15-16-21-24,0.282779,0.434348
Cantina,local3,0-7-11-12-17,0.438070,0.598501
Pots,local3,4-6-10-12-15,0.632455,0.772801
Porch,local3,5-15-20-22-24,0.584045,0.730501
Meeting_room,local3,2-4-8-10-20,0.535800,0.692078
Lunch_room,local3,1-3-4-5-24,0.408876,0.560224
Lounge,local3,9-11-19-20-21,0.539866,0.700350
Garden,local3,1-5-11-20-24,0.521522,0.684559
Playground,local3,4-13-15-22-24,0.313147,0.453238
Cantina,local3,5-8-12-16-17,0.502038,0.660523
Meeting_room,local3,2-4-9-16-20,0.536452,0.692370
Porch,local3,5-8-15-17-24,0.606742,0.743368
Pots,local3,3-4-9-12-16,0.605217,0.750300
Lounge,local3,1-6-11-12-20,0.576439,0.730071
Lunch_room,local3,1-3-5-18-24,0.404786,0.556187
Garden,local3,1-2-9-16-20,0.504146,0.666383
Playground,local3,0-4-18-20-24,0.497120,0.652977
Cantina,local3,8-12-16-18-19,0.502661,0.658634
Meeting_room,local3,3-4-13-16-20,0.474169,0.635883
Porch,local3,0-4-5-8-19,0.488787,0.654297
Pots,local3,4-6-18-22-23,0.617726,0.761120
Lounge,local3,1-11-15-19-20,0.591647,0.742333
Garden,local3,2-13-18-20-23,0.452575,0.613460
Printing_area,recheck3,2-8-13-20-23,0.701433,0.822401
Lunch_room,restart3,3-16-20-23-24,0.357462,0.507890
Porch,local3,3-5-15-18-24,0.536916,0.692652
Meeting_room,local3,2-10-20-21-24,0.549826,0.707120
Pots,local3,6-11-12-15-16,0.632251,0.771309
Cantina,local3,5-8-12-17-18,0.497724,0.649510
Lounge,local3,4-7-10-19-20,0.539221,0.699933
Garden,local3,1-4-12-14-23,0.521557,0.683440
Printing_area,local3,2-6-7-19-23,0.583124,0.732670
Porch,local3,5-8-12-20-24,0.598606,0.739324
Lunch_room,local3,3-16-18-20-23,0.389146,0.543479
Meeting_room,local3,2-4-11-20-21,0.548347,0.704341
Pots,local3,1-6-7-15-16,0.637988,0.776889
Cantina,local3,8-12-14-17-20,0.576567,0.724349
Lounge,local3,1-19-20-21-23,0.589240,0.740432
Garden,local3,1-9-13-17-18,0.477706,0.640505
Printing_area,local3,2-7-13-20-24,0.646489,0.782336
Porch,local3,1-13-14-15-20,0.542631,0.685555
Meeting_room,local3,2-4-8-20-21,0.542601,0.698611
Pots,local3,4-5-6-11-12,0.639469,0.778282
Lunch_room,local3,3-5-16-20-23,0.326812,0.473558
Cantina,local3,8-12-13-14-20,0.489130,0.638271
Lounge,local3,9-13-19-20-23,0.521104,0.684131
Garden,local3,2-4-17-18-20,0.518157,0.682122
Printing_area,local3,2-8-19-20-23,0.607366,0.751751
Porch,local3,3-5-8-20-24,0.557311,0.711429
Meeting_room,local3,0-2-4-10-20,0.531031,0.689860
Pots,local3,7-11-12-14-15,0.636228,0.774369
Lunch_room,local3,4-13-14-16-23,0.292237,0.433707
Cantina,local3,8-14-17-19-20,0.535289,0.686626
Lounge,local3,6-9-19-21-24,0.542681,0.702634
Printing_area,local3,2-11-13-19-23,0.644090,0.780538
Garden,local3,2-4-16-18-20,0.526056,0.689047
Porch,local3,3-5-6-14-24,0.574985,0.724953
Meeting_room,local3,3-4-5-12-21,0.444701,0.607865
Pots,local3,4-11-12-13-15,0.653795,0.788159
Cantina,local3,8-12-14-17-19,0.547127,0.698135
Lounge,local3,1-3-10-20-21,0.587877,0.739798
Printing_area,local3,2-8-13-20-22,0.703250,0.823326
Meeting_room,local3,0-2-4-13-20,0.504139,0.665924
Lunch_room,local3,3-12-16-18-23,0.286895,0.431424
Garden,local3,2-12-13-18-20,0.507352,0.672079
Pots,local3,4-6-10-11-12,0.644116,0.781782
Porch,local3,15-18-20-22-24,0.608180,0.750246
Cantina,local3,0-3-8-14-24,0.470767,0.631223
Lounge,local3,1-6-19-20-21,0.584477,0.736655
Printing_area,local3,3-8-9-22-24,0.638320,0.768022
Meeting_room,local3,0-10-14-18-21,0.530424,0.689851
Porch,local3,3-6-8-20-24,0.559759,0.701748
Garden,local3,18-19-20-21-22,0.497262,0.663409
Pots,local3,4-6-11-15-22,0.646540,0.783004
Lunch_room,local3,6-7-16-18-20,0.350818,0.492602
Cantina,local3,8-11-12-14-20,0.454524,0.602828
Lounge,local3,6-15-19-20-21,0.550843,0.709073
Printing_area,local3,2-3-13-20-22,0.659035,0.792136
Meeting_room,local3,4-10-20-21-23,0.545029,0.699639
Porch,local3,6-8-15-19-24,0.555350,0.696667
Garden,local3,1-2-6-18-20,0.536591,0.697579
Pots,local3,4-6-12-20-24,0.639039,0.777875
Cantina,local3,5-8-14-15-20,0.479460,0.631691
Lunch_room,local3,7-16-18-20-23,0.384941,0.532452
Meeting_room,local3,2-10-21-22-23,0.550398,0.707318
Printing_area,local3,4-8-13-20-24,0.619956,0.755286
Lounge,local3,1-9-11-19-21,0.560049,0.717065
Porch,restart3,6-10-19-20-22,0.585139,0.729012
Pots,local3,4-11-12-15-21,0.654306,0.788025
Garden,local3,1-2-8-16-24,0.520520,0.683417
Cantina,local3,3-8-14-17-20,0.524016,0.680778
Meeting_room,local3,0-4-20-21-22,0.517345,0.677875
Lunch_room,local3,0-3-18-20-23,0.384269,0.538587
Printing_area,local3,2-8-9-13-22,0.694704,0.816671
Lounge,local3,1-3-5-11-21,0.579693,0.732668
Porch,local3,1-10-14-19-20,0.566294,0.706534
Pots,local3,6-12-18-20-21,0.621119,0.764135
Garden,local3,2-7-18-20-22,0.506070,0.670785
Cantina,local3,7-8-11-12-14,0.439891,0.591283
Meeting_room,local3,2-10-12-18-19,0.542090,0.700113
Lunch_room,local3,2-3-16-17-20,0.359954,0.511004
Printing_area,local3,8-11-13-20-22,0.646565,0.773687
Lounge,local3,9-10-11-12-21,0.509763,0.674278
Porch,local3,6-9-10-19-20,0.554874,0.696559
Pots,local3,6-11-12-15-20,0.637804,0.776074
Garden,restart3,3-8-16-20-23,0.456910,0.620963
Meeting_room,local3,2-4-20-21-24,0.521899,0.680542
Cantina,local3,12-14-17-18-20,0.556114,0.708605
Printing_area,local3,2-8-16-20-22,0.662721,0.794745
Lunch_room,local3,3-5-18-20-23,0.346516,0.496678
Lounge,local3,1-8-9-20-21,0.538968,0.699527
Porch,local3,6-10-11-20-22,0.569798,0.713672
Pots,local3,0-11-12-17-24,0.648656,0.784701
Meeting_room,local3,2-20-21-23-24,0.500238,0.664373
Garden,local3,8-9-13-16-23,0.457160,0.618710
Cantina,restart3,2-7-17-20-23,0.434906,0.598799
Printing_area,local3,3-6-8-20-21,0.568341,0.715483
Lounge,local3,11-14-19-20-21,0.565655,0.720619
Porch,local3,3-4-10-16-19,0.540906,0.694704
Lunch_room,local3,3-12-18-20-23,0.311337,0.464845
Pots,local3,3-4-11-12-23,0.612221,0.755320
Meeting_room,local3,4-10-15-21-23,0.529937,0.686625
Garden,local3,8-13-16-19-23,0.470237,0.630816
Cantina,local3,0-7-17-20-23,0.481952,0.641892
Printing_area,local3,2-13-21-22-24,0.629078,0.768413
Lounge,local3,1-11-20-21-23,0.523081,0.684896
Porch,local3,0-10-11-17-22,0.503298,0.650908
Pots,local3,3-4-12-15-19,0.604908,0.748764
Meeting_room,local3,2-3-7-10-15,0.522374,0.682272
Lunch_room,local3,3-16-18-20-24,0.400409,0.554538
Garden,local3,6-8-16-19-23,0.485131,0.645971
Cantina,local3,0-9-17-20-23,0.517240,0.669456
Printing_area,local3,2-8-13-21-22,0.664873,0.795794
Lunch_room,local3,3-6-16-18-24,0.364166,0.513381
Porch,local3,10-15-18-20-23,0.575631,0.712718
Lounge,local3,1-2-15-19-21,0.574844,0.729153
Meeting_room,local3,2-10-20-21-22,0.551528,0.708458
Pots,local3,9-11-12-15-16,0.624222,0.765241
Garden,local3,6-8-11-16-23,0.478297,0.641529
Cantina,local3,0-12-17-20-23,0.518057,0.671895
Printing_area,local3,8-13-18-20-22,0.659116,0.783388
Meeting_room,local3,2-4-6-10-21,0.540961,0.697760
Porch,local3,6-18-19-22-24,0.545154,0.698691
Lounge,local3,1-11-12-18-21,0.585408,0.737384
Lunch_room,local3,3-13-16-19-24,0.338369,0.494661
Cantina,local3,1-12-14-17-24,0.480891,0.640226
Pots,local3,11-12-15-22-24,0.626939,0.767680
Printing_area,local3,2-4-12-13-20,0.597241,0.744419
Garden,local3,6-8-15-21-23,0.464995,0.628207
Meeting_room,local3,0-2-4-20-24,0.505322,0.667270
Porch,local3,10-11-19-20-22,0.582744,0.722397
Lounge,local3,11-18-19-21-24,0.564905,0.720605
Cantina,local3,0-17-20-22-24,0.487435,0.647468
Lunch_room,local3,3-8-11-18-24,0.280604,0.417498
Pots,local3,1-7-12-14-15,0.634266,0.773099
Garden,local3,6-8-19-22-23,0.475886,0.638086
Printing_area,local3,1-8-13-20-22,0.685328,0.806174
Meeting_room,local3,2-4-10-20-23,0.562975,0.716811
Porch,local3,10-19-20-22-24,0.610422,0.751650
Lounge,local3,1-5-19-20-21,0.582324,0.734833
Cantina,local3,0-11-12-14-24,0.412200,0.570133
Lunch_room,local3,5-8-18-23-24,0.351677,0.496252
Pots,local3,6-11-12-15-22,0.625516,0.766402
Meeting_room,local3,4-8-9-20-23,0.528569,0.684629
Printing_area,local3,6-8-13-20-22,0.640508,0.771136
Garden,local3,8-9-16-19-23,0.464218,0.625776
Porch,local3,10-14-19-20-24,0.582180,0.724894
Lounge,local3,4-17-19-20-21,0.511428,0.675369
Cantina,local3,2-12-17-20-23,0.496676,0.654548
Pots,local3,4-6-10-15-18,0.626330,0.767008
Lunch_room,local3,4-18-20-23-24,0.367821,0.515926
Meeting_room,restart3,1-4-8-9-13,0.491635,0.649353
Printing_area,local3,2-12-13-20-22,0.656264,0.789885
Garden,local3,8-16-17-19-23,0.474747,0.637490
Porch,local3,2-19-20-22-24,0.576255,0.727161
Lounge,local3,6-17-20-21-24,0.543034,0.702666
Cantina,local3,0-2-12-17-23,0.449076,0.611765
Meeting_room,local3,0-1-4-8-9,0.498569,0.657688
Pots,local3,6-15-16-19-22,0.627358,0.769138
Printing_area,local3,2-4-13-20-22,0.597905,0.744877
Lunch_room,local3,2-3-9-18-24,0.358381,0.508744
Porch,local3,10-19-20-21-24,0.604063,0.746367
Garden,local3,0-6-8-16-19,0.509343,0.674225
Lounge,local3,1-7-11-19-20,0.576499,0.730202
Cantina,local3,1-12-17-20-23,0.506734,0.661953
Meeting_room,local3,1-3-4-9-17,0.476704,0.636274
Printing_area,local3,5-11-13-17-22,0.620587,0.754299
Pots,local3,1-4-6-11-12,0.620681,0.762652
Lunch_room,local3,10-16-18-20-24,0.309408,0.448692
Porch,local3,0-9-19-20-22,0.523409,0.682047
Garden,local3,3-6-8-12-16,0.489755,0.656472
Lounge,local3,1-11-18-19-21,0.593172,0.743567
Cantina,local3,0-6-12-17-20,0.479911,0.641184
Meeting_room,local3,0-1-4-5-10,0.443766,0.604434
Pots,restart3,2-5-10-21-22,0.596844,0.744168
Printing_area,local3,2-8-17-20-22,0.669483,0.799439
Porch,local3,6-10-18-19-20,0.551780,0.693814
Garden,local3,6-10-18-19-24,0.514828,0.679309
Lunch_room,local3,3-7-16-18-20,0.316436,0.464262
Lounge,local3,1-7-9-14-21,0.551836,0.710252
Meeting_room,local3,0-1-4-9-19,0.501074,0.660472
Cantina,local3,15-17-19-21-23,0.473675,0.635335
Printing_area,local3,2-8-9-20-23,0.420606,0.577783
Pots,local3,2-5-8-10-18,0.563666,0.716792
Porch,local3,10-11-14-19-24,0.534688,0.673853
Garden,local3,6-9-10-18-24,0.486250,0.651422
Meeting_room,local3,0-4-9-19-23,0.540110,0.697577
Lounge,local3,1-12-16-21-24,0.555590,0.711977
Lunch_room,local3,0-8-18-20-24,0.404235,0.555499
Cantina,local3,0-9-14-17-23,0.489591,0.647000
Printing_area,local3,2-8-9-13-20,0.704667,0.824122
Pots,local3,2-5-10-21-23,0.594971,0.742891
Porch,local3,5-8-12-22-24,0.595660,0.734762
Garden,local3,6-11-17-19-24,0.500575,0.665815
Meeting_room,local3,0-4-9-19-20,0.539420,0.696990
Lounge,local3,1-9-11-18-21,0.553175,0.711577
Cantina,local3,0-12-20-23-24,0.508546,0.663783
Printing_area,local3,0-1-2-17-20,0.446767,0.601147
Lunch_room,local3,0-4-8-17-20,0.357852,0.507870
Pots,local3,2-5-6-21-22,0.609071,0.755362
Porch,local3,5-12-19-20-24,0.540957,0.696972
Meeting_room,local3,4-8-13-15-19,0.498613,0.657288
Garden,local3,6-12-17-19-21,0.517245,0.681027
Lounge,local3,1-11-19-21-24,0.591547,0.742344
Cantina,local3,0-2-6-7-17,0.405907,0.571570
Printing_area,local3,8-9-13-14-20,0.671052,0.791736
Pots,local3,2-3-5-21-23,0.585423,0.733704
Lunch_room,local3,0-8-13-18-24,0.370741,0.520735
Porch,local3,12-19-20-22-24,0.549922,0.704586
Meeting_room,local3,4-9-14-20-21,0.519836,0.677478
Garden,local3,6-9-17-19-21,0.492418,0.656045
Lounge,local3,1-6-7-11-20,0.578914,0.732084
Printing_area,local3,8-9-17-20-23,0.600791,0.738330
Cantina,local3,12-17-20-21-23,0.572775,0.722266
Pots,local3,2-5-6-12-22,0.596546,0.745132
Porch,local3,10-15-19-20-22,0.576183,0.717578
Lunch_room,local3,0-16-18-21-24,0.374373,0.520940
Meeting_room,local3,4-9-16-18-19,0.519379,0.676511
Garden,local3,4-12-17-19-21,0.524636,0.687664
Lounge,local3,1-7-11-17-21,0.567271,0.722795
Printing_area,local3,2-8-13-14-23,0.684127,0.810335
Cantina,local3,3-10-15-17-23,0.518370,0.675060
Pots,local3,3-6-16-21-22,0.625578,0.767577
Porch,local3,0-10-17-20-24,0.510399,0.669295
Meeting_room,local3,0-4-8-9-19,0.533352,0.691037
Lunch_room,local3,5-7-8-10-24,0.292440,0.429208
Garden,local3,4-11-17-19-21,0.514026,0.677629
Lounge,local3,1-8-19-20-21,0.562490,0.719011
Printing_area,local3,3-5-8-9-13,0.597969,0.738711
Cantina,local3,10-12-17-20-23,0.546966,0.698163
Pots,local3,0-3-6-22-23,0.604567,0.751124
Porch,local3,10-20-22-23-24,0.631927,0.768573
Meeting_room,local3,4-9-15-16-19,0.520928,0.678211
Garden,local3,4-12-19-21-24,0.522619,0.686004
Lounge,local3,1-11-15-20-21,0.601326,0.750296
Printing_area,local3,2-8-9-20-22,0.666812,0.797170
Lunch_room,local3,0-4-6-8-24,0.360917,0.507725
Cantina,local3,12-13-17-20-22,0.530434,0.679085
Pots,local3,3-5-6-15-22,0.626274,0.767659
Meeting_room,local3,4-7-9-19-24,0.524364,0.681411
Porch,local3,0-4-20-22-24,0.466562,0.633042
Garden,local3,4-8-10-17-21,0.531063,0.693445
Printing_area,local3,3-8-9-10-13,0.636371,0.767777
Lounge,local3,1-3-4-6-21,0.541097,0.697484
Cantina,local3,3-4-7-12-21,0.416684,0.572705
Pots,local3,5-6-10-15-22,0.626602,0.768041
Lunch_room,local3,0-8-13-20-24,0.373988,0.523648
Meeting_room,local3,5-6-9-19-23,0.511529,0.670034
Porch,local3,3-10-20-22-24,0.573157,0.721090
Garden,local3,8-10-15-21-23,0.451116,0.615960
Printing_area,local3,1-9-15-20-23,0.574247,0.721393
Lounge,local3,1-2-15-20-21,0.587564,0.739508
Cantina,local3,6-8-9-21-23,0.431499,0.586050
Pots,local3,6-10-13-18-22,0.626851,0.768424
Meeting_room,local3,0-1-2-19-23,0.405646,0.571477
Lunch_room,local3,6-8-16-18-20,0.385731,0.532745
Porch,local3,11-14-19-23-24,0.568297,0.704954
Garden,local3,4-10-17-21-23,0.483527,0.646959
Printing_area,local3,2-13-16-19-20,0.663323,0.794946
Lounge,local3,1-11-14-20-21,0.578803,0.732106
Pots,local3,6-10-13-18-24,0.637547,0.776764
Cantina,local3,4-7-12-17-21,0.446717,0.603698
Meeting_room,local3,7-9-19-22-23,0.526069,0.683641
Porch,local3,10-11-20-22-24,0.598170,0.736335
Lunch_room,local3,16-18-20-22-24,0.386981,0.536097
Printing_area,local3,2-5-8-9-20,0.610453,0.753344
Garden,local3,10-14-17-22-23,0.463349,0.627739
Lounge,local3,1-6-17-19-20,0.570953,0.725486
Meeting_room,local3,4-8-9-19-23,0.525760,0.682021
Pots,local3,5-6-16-19-24,0.615421,0.759218
Cantina,local3,15-17-18-21-23,0.491670,0.653080
Porch,local3,10-11-22-23-24,0.563801,0.699281
Lunch_room,local3,0-3-17-20-21,0.385075,0.538381
Printing_area,local3,2-8-13-20-24,0.710637,0.829049
Garden,local3,4-8-16-17-21,0.522154,0.685678
Lounge,local3,11-19-21-23-24,0.570444,0.725214
Meeting_room,local3,0-2-9-11-19,0.534074,0.693674
Pots,local3,3-6-10-23-24,0.614142,0.757692
Cantina,local3,0-12-13-14-17,0.458810,0.618425
Porch,local3,7-14-20-21-22,0.448095,0.614858
Printing_area,local3,3-8-13-20-24,0.671753,0.793774
Lunch_room,local3,0-8-14-18-24,0.370221,0.519049
Garden,local3,8-10-12-17-21,0.506649,0.671605
Lounge,local3,1-7-11-20-21,0.573503,0.727768
Meeting_room,local3,0-6-9-18-24,0.509562,0.671214
Pots,local3,6-10-13-14-18,0.633008,0.773415
Porch,local3,1-10-12-20-21,0.580299,0.719249
Cantina,local3,10-11-12-20-23,0.471498,0.625214
Printing_area,local3,2-11-16-17-24,0.644578,0.780484
Garden,local3,4-6-10-15-17,0.512104,0.676910
Lounge,local3,1-7-12-20-21,0.562005,0.718365
Meeting_room,local3,0-4-9-19-21,0.537808,0.695605
Lunch_room,local3,0-3-9-18-23,0.338345,0.488489
Cantina,local3,1-12-20-21-23,0.495128,0.651886
Porch,local3,5-9-10-19-24,0.628498,0.763961
Pots,local3,0-5-6-18-19,0.622161,0.765177
Printing_area,local3,2-8-13-23-24,0.694243,0.817106
Garden,local3,4-7-8-10-20,0.526927,0.689611
Lounge,local3,1-11-17-20-21,0.595014,0.745185
Meeting_room,local3,11-12-13-19-23,0.557526,0.711423
Porch,local3,6-10-22-23-24,0.536170,0.678938
Pots,local3,4-8-10-13-19,0.603247,0.748415
Lounge,local3,1-11-14-19-20,0.590850,0.741736
Cantina,local3,6-8-21-22-23,0.471314,0.630096
Lunch_room,local3,0-11-15-17-18,0.299500,0.438230
Garden,local3,4-10-17-20-21,0.526152,0.689203
Printing_area,local3,2-8-13-16-24,0.679456,0.806778
Meeting_room,local3,5-11-12-13-23,0.457097,0.621790
Pots,local3,10-13-14-18-24,0.612661,0.753653
Porch,local3,9-20-22-23-24,0.624858,0.763350
Lounge,local3,1-11-15-19-21,0.590269,0.741376
Cantina,local3,3-13-20-21-22,0.487990,0.649544
Printing_area,local3,8-13-20-21-24,0.666572,0.788803
Garden,local3,8-11-17-21-23,0.467812,0.633308
Meeting_room,local3,4-13-14-19-24,0.487499,0.648285
Lunch_room,local3,0-8-9-13-22,0.290837,0.425576
Pots,local3,3-5-11-13-18,0.611712,0.755112
Porch,local3,7-14-19-22-24,0.460281,0.624716
Lounge,local3,0-1-16-19-23,0.569658,0.723887
Cantina,local3,12-15-17-20-21,0.595494,0.741310
Printing_area,local3,2-13-20-22-24,0.676609,0.803935
Meeting_room,local3,8-11-12-19-23,0.529350,0.687458
Garden,local3,8-10-14-17-21,0.518962,0.682822
Porch,local3,12-20-22-23-24,0.484215,0.641367
Lunch_room,local3,0-7-8-18-24,0.359789,0.509125
Pots,local3,2-6-12-18-24,0.622175,0.765368
Lounge,local3,1-4-11-14-20,0.558645,0.715853
Cantina,local3,6-7-20-21-24,0.479141,0.642754
Printing_area,local3,2-10-12-20-24,0.645602,0.781377
Meeting_room,local3,12-13-17-19-23,0.536348,0.692946
Garden,local3,4-13-17-20-21,0.487241,0.650919
Porch,local3,8-11-20-22-23,0.606961,0.743779
Pots,local3,6-13-21-22-24,0.624850,0.767326
Lounge,local3,11-20-21-22-24,0.521088,0.681853
Cantina,local3,15-17-20-21-22,0.503641,0.657218
Lunch_room,local3,0-8-15-20-24,0.372992,0.521250
Printing_area,local3,2-8-13-20-21,0.690560,0.814806
Meeting_room,local3,11-12-13-18-23,0.528979,0.687636
Garden,local3,8-10-14-17-19,0.522024,0.685521
Porch,local3,2-7-20-21-23,0.527021,0.683892
Pots,local3,3-4-6-22-24,0.613501,0.756316
Lounge,local3,0-9-13-20-21,0.536080,0.696936
Cantina,local3,11-14-20-21-24,0.445929,0.598076
Printing_area,local3,13-17-20-23-24,0.653074,0.777584
Meeting_room,local3,11-13-15-19-23,0.554926,0.709592
Lunch_room,local3,0-1-18-20-24,0.373690,0.521668
Garden,local3,3-5-10-19-21,0.480853,0.648733
Porch,local3,2-10-22-23-24,0.584769,0.721791
Pots,local3,2-12-13-17-24,0.627751,0.769121
Lounge,local3,1-13-19-20-21,0.565693,0.715645
Cantina,local3,1-8-17-20-21,0.466539,0.625684
Printing_area,local3,2-8-19-20-24,0.625112,0.765464
Meeting_room,local3,7-12-13-19-23,0.542169,0.697744
Garden,local3,4-8-10-17-18,0.534934,0.696733
Porch,local3,3-17-20-23-24,0.376501,0.529231
Lunch_room,local3,8-9-13-20-24,0.300374,0.438647
Pots,local3,1-10-13-14-18,0.595386,0.740165
Lounge,local3,1-10-19-20-21,0.553246,0.711351
Cantina,local3,4-12-17-20-21,0.511686,0.661210
Meeting_room,local3,8-12-13-15-18,0.523297,0.681614
Printing_area,local3,2-7-8-13-20,0.661392,0.793651
Garden,local3,8-10-12-17-18,0.511125,0.675512
Porch,local3,15-17-18-22-24,0.580811,0.723028
Lunch_room,local3,4-5-8-17-24,0.322638,0.461665
Pots,local3,5-6-7-10-18,0.604463,0.750525
Lounge,local3,1-2-19-20-21,0.590713,0.741833
Cantina,local3,12-15-16-20-21,0.518993,0.673251
Meeting_room,local3,8-13-14-19-21,0.515832,0.674746
Printing_area,local3,2-4-8-20-22,0.588492,0.738244
Garden,local3,4-6-8-10-17,0.520449,0.684194
Porch,local3,6-9-22-23-24,0.537046,0.682490
Pots,local3,0-2-6-13-24,0.611889,0.756076
Lounge,local3,4-11-19-20-21,0.559476,0.716948
Cantina,local3,12-15-17-21-23,0.580913,0.728564
Meeting_room,local3,11-12-19-22-23,0.556114,0.710567
Lunch_room,local3,0-14-18-20-24,0.395191,0.545209
Printing_area,local3,2-8-11-13-24,0.685750,0.811270
Garden,local3,4-8-10-17-22,0.518276,0.682096
Porch,local3,0-8-20-23-24,0.495517,0.653343
Pots,local3,9-10-13-18-24,0.625975,0.766010
Lounge,restart3,8-9-13-15-16,0.480794,0.647378
Meeting_room,local3,6-11-12-19-23,0.531358,0.689335
Cantina,local3,13-15-20-22-24,0.475226,0.630869
Printing_area,local3,2-3-8-10-13,0.645671,0.783122
Lunch_room,local3,8-18-20-23-24,0.383419,0.534148
Garden,local3,4-10-17-19-24,0.522225,0.685926
Porch,local3,10-13-14-20-23,0.513942,0.661702
Pots,local3,6-10-18-19-24,0.639210,0.778288
Meeting_room,local3,11-12-13-19-21,0.544175,0.699634
Lounge,local3,8-9-15-16-17,0.469820,0.636991
Cantina,local3,10-12-17-20-21,0.534726,0.686414
Printing_area,local3,0-8-13-20-24,0.674392,0.793864
Lunch_room,local3,7-9-18-20-24,0.351286,0.495046
Porch,local3,3-10-20-23-24,0.567592,0.710924
Garden,local3,0-10-17-18-24,0.507030,0.672352
Pots,local3,6-10-16-19-24,0.632621,0.773096
Meeting_room,local3,10-11-12-13-19,0.546309,0.701206
Lounge,local3,4-8-9-15-16,0.456740,0.625263
Cantina,local3,1-8-9-17-21,0.475537,0.632817
Printing_area,local3,0-2-8-20-21,0.560943,0.715431
Garden,local3,4-8-17-18-21,0.531287,0.693600
Porch,local3,2-10-14-20-22,0.582679,0.722649
Lunch_room,local3,0-10-18-20-24,0.307839,0.451107
Meeting_room,local3,9-11-12-19-23,0.547458,0.702929
Lounge,local3,2-8-10-13-15,0.547354,0.706758
Pots,local3,6-14-18-19-24,0.649008,0.785726
Printing_area,local3,2-3-8-17-21,0.546567,0.702317
Cantina,local3,7-12-17-20-21,0.579069,0.728355
Garden,local3,6-8-10-17-18,0.512452,0.676791
Porch,local3,10-12-22-23-24,0.569170,0.706932
Meeting_room,local3,1-9-12-20-23,0.533618,0.691398
Lunch_room,local3,4-7-8-13-20,0.267961,0.397821
Printing_area,local3,2-12-17-20-24,0.657741,0.790801
Porch,local3,10-20-21-22-23,0.624827,0.763725
Pots,local3,6-14-18-19-22,0.626965,0.768734
Cantina,local3,1-15-17-20-21,0.456063,0.618045
Lounge,local3,2-7-8-12-22,0.521064,0.682811
Meeting_room,local3,7-12-13-17-23,0.537990,0.693865
Garden,local3,4-10-17-18-23,0.476076,0.639420
Lunch_room,local3,0-8-15-18-24,0.371031,0.520021
Printing_area,local3,0-2-15-18-20,0.515515,0.675102
Porch,local3,3-4-10-22-24,0.547816,0.702622
Lunch_room,local3,0-6-8-18-24,0.382451,0.529172
Meeting_room,local3,4-11-12-13-19,0.487455,0.645134
Pots,local3,6-9-10-16-19,0.599338,0.745970
Cantina,local3,12-15-18-20-21,0.448379,0.601405
Lounge,local3,8-9-10-13-15,0.528343,0.690783
Garden,local3,4-7-8-17-22,0.509273,0.673932
Printing_area,local3,2-8-9-11-13,0.684109,0.809438
Porch,local3,6-13-19-23-24,0.469565,0.633070
Meeting_room,local3,7-11-12-19-23,0.537106,0.693595
Lunch_room,local3,8-18-20-21-24,0.378883,0.529204
Pots,local3,6-10-17-18-24,0.636758,0.776301
Cantina,local3,12-14-19-20-21,0.506565,0.660768
Garden,local3,4-8-10-16-17,0.534176,0.696059
Printing_area,local3,2-8-12-13-24,0.688506,0.813639
Lounge,local3,2-8-10-13-23,0.545227,0.704906
Porch,local3,5-13-14-22-23,0.413231,0.579961
Meeting_room,local3,11-12-19-20-23,0.562211,0.715625
Pots,local3,12-14-18-19-24,0.637206,0.776586
Cantina,local3,0-3-11-17-21,0.440576,0.602903
Lunch_room,local3,6-8-11-18-20,0.341203,0.480545
Printing_area,local3,2-3-6-11-24,0.566222,0.719812
Garden,local3,4-10-13-17-18,0.488166,0.653048
Lounge,local3,2-8-10-15-23,0.546515,0.706076
Porch,local3,10-11-20-22-23,0.593743,0.732261
Meeting_room,local3,11-17-19-20-23,0.555594,0.710136
Pots,local3,6-10-14-18-19,0.629595,0.771069
Cantina,local3,12-13-15-20-21,0.481734,0.633616
Printing_area,local3,2-7-11-20-24,0.651789,0.786387
Lunch_room,local3,0-8-18-20-22,0.395893,0.548437
Garden,local3,4-8-10-18-21,0.536177,0.697770
Porch,local3,4-7-10-23-24,0.496959,0.658007
Lounge,local3,2-8-12-15-21,0.540023,0.700323
Meeting_room,local3,2-12-19-20-23,0.544514,0.702689
Pots,local3,6-12-14-18-24,0.609538,0.755253
Cantina,local3,0-4-19-20-21,0.434369,0.597065
Printing_area,local3,2-7-8-13-24,0.657775,0.790876
Garden,local3,8-10-18-19-21,0.516786,0.680853
Porch,local3,1-10-22-23-24,0.588462,0.721562
Lunch_room,local3,0-7-18-20-22,0.382270,0.533031
Lounge,local3,8-12-15-18-21,0.538974,0.699235
Meeting_room,local3,1-11-13-17-20,0.448592,0.611757
Pots,local3,1-5-6-14-24,0.612851,0.757043
Printing_area,local3,2-8-13-17-20,0.688392,0.813094
Cantina,local3,4-5-19-20-21,0.432855,0.594000
Porch,local3,0-10-16-20-23,0.479536,0.636177
Garden,local3,1-4-9-10-18,0.499149,0.663664
Meeting_room,local3,3-9-11-12-14,0.506284,0.667331
Lounge,local3,6-8-13-14-15,0.543733,0.702792
Lunch_room,restart3,2-7-13-16-18,0.355810,0.502893
Printing_area,local3,2-11-18-20-24,0.638797,0.776510
Pots,local3,6-8-14-19-24,0.622052,0.764818
Cantina,local3,11-12-17-20-21,0.493299,0.640908
Porch,local3,10-19-20-23-24,0.601075,0.740176
Garden,local3,1-4-8-21-23,0.479940,0.640593
Meeting_room,local3,1-11-12-20-23,0.486255,0.649928
Lounge,local3,2-10-13-15-21,0.563153,0.720063
Printing_area,local3,3-12-13-22-24,0.622434,0.756754
Pots,local3,1-6-13-14-22,0.617638,0.761209
Cantina,local3,2-7-12-15-21,0.432117,0.594629
Lunch_room,local3,0-2-6-16-23,0.357601,0.503931
Porch,local3,1-10-16-22-24,0.586891,0.723013
Meeting_room,local3,3-6-11-19-23,0.516197,0.676122
Garden,local3,4-10-18-21-22,0.518493,0.682465
Lounge,local3,2-13-15-21-24,0.556141,0.713722
Printing_area,local3,2-8-14-20-24,0.678503,0.806490
Pots,local3,0-3-14-18-19,0.588401,0.735939
Cantina,local3,8-12-15-17-20,0.581658,0.728797
Lunch_room,local3,0-2-6-15-16,0.367484,0.514997
Porch,local3,10-17-22-23-24,0.586364,0.726263
Meeting_room,local3,10-11-12-20-23,0.561498,0.714902
Garden,restart3,7-8-9-15-20,0.484263,0.649524
Printing_area,local3,2-5-8-20-24,0.617809,0.760084
Lounge,local3,2-4-13-21-23,0.520961,0.684051
Pots,local3,6-8-14-18-19,0.619382,0.762747
Cantina,local3,8-12-15-20-21,0.471376,0.623212
Lunch_room,local3,2-6-9-15-16,0.368243,0.511943
Meeting_room,local3,12-14-16-18-20,0.491051,0.651889
Porch,local3,3-7-10-11-24,0.521362,0.672350
Garden,local3,9-15-16-18-20,0.479556,0.644994
Printing_area,local3,2-6-8-13-20,0.650160,0.784738
Lounge,local3,2-9-13-15-21,0.512240,0.676620
Pots,local3,6-14-18-23-24,0.621045,0.764338
Cantina,local3,7-15-17-19-21,0.448370,0.609924
Meeting_room,local3,5-11-12-20-23,0.496820,0.659292
Porch,local3,4-10-14-20-23,0.578500,0.721547
Lunch_room,local3,1-2-6-9-16,0.364723,0.509362
Garden,local3,8-9-15-16-20,0.472765,0.637729
Printing_area,local3,2-13-20-23-24,0.681638,0.808094
Lounge,local3,2-10-13-15-16,0.543252,0.702284
Pots,local3,14-17-18-19-24,0.620052,0.761546
Cantina,local3,3-15-17-20-21,0.499603,0.661591
Meeting_room,local3,7-11-12-20-23,0.544232,0.699861
Porch,local3,10-16-20-22-23,0.601567,0.741017
Printing_area,local3,8-12-13-16-18,0.652442,0.778783
Garden,local3,1-7-8-15-20,0.513513,0.677221
Lunch_room,local3,6-9-11-15-16,0.325280,0.463962
Lounge,local3,2-6-9-13-21,0.541723,0.701594
Pots,local3,1-4-6-18-24,0.594612,0.740879
Cantina,local3,15-16-17-21-22,0.524655,0.682728
Meeting_room,restart3,1-9-16-20-22,0.515525,0.675328
Porch,local3,2-8-20-22-24,0.617238,0.753968
Printing_area,local3,2-8-13-22-24,0.698746,0.819678
Garden,local3,0-1-8-17-20,0.479142,0.645992
Lunch_room,local3,2-6-15-16-23,0.371619,0.516650
Pots,local3,1-5-14-16-19,0.595597,0.743387
Lounge,local3,5-10-12-15-21,0.561506,0.718647
Cantina,local3,4-13-14-20-21,0.451913,0.604527
Meeting_room,local3,1-6-19-22-23,0.487256,0.649714
Porch,local3,4-10-16-20-22,0.610914,0.751341
Printing_area,local3,8-13-20-23-24,0.684472,0.801891
Garden,local3,1-7-8-20-21,0.525780,0.688069
Pots,local3,9-14-18-19-24,0.635885,0.774840
Lounge,local3,2-10-19-21-22,0.552188,0.709806
Meeting_room,local3,1-8-9-16-22,0.516470,0.676331
Cantina,local3,0-8-11-17-20,0.491982,0.647189
Lunch_room,local3,2-6-16-20-24,0.381404,0.528425
Porch,local3,5-20-22-23-24,0.301023,0.433292
Printing_area,local3,2-8-12-20-24,0.679760,0.807213
Garden,local3,1-7-8-11-21,0.505551,0.669676
Pots,local3,14-18-19-20-24,0.614051,0.755951
Meeting_room,local3,1-8-9-16-20,0.497062,0.655872
Lounge,local3,0-2-10-12-15,0.581949,0.735233
Cantina,local3,7-15-17-20-24,0.533944,0.691713
Porch,local3,6-10-15-18-24,0.525551,0.669718
Lunch_room,local3,2-3-7-16-24,0.360344,0.512663
Printing_area,local3,2-8-12-16-18,0.651576,0.786159
Garden,local3,7-8-12-19-20,0.514792,0.678714
Pots,local3,10-14-18-19-24,0.623371,0.763465
Meeting_room,local3,1-4-8-9-16,0.486447,0.644388
Lounge,local3,0-2-10-18-23,0.586479,0.738786
Cantina,local3,12-14-15-20-21,0.504490,0.657443
Porch,local3,10-14-20-22-24,0.592551,0.734066
Printing_area,local3,2-7-11-17-20,0.625279,0.766046
Lunch_room,local3,4-5-6-16-17,0.316878,0.456222
Garden,local3,1-7-8-18-21,0.540018,0.700581
Meeting_room,local3,5-7-8-22-23,0.518816,0.676401
Pots,local3,6-8-14-19-21,0.620546,0.763676
Lounge,local3,2-3-7-10-23,0.565315,0.721508
Cantina,local3,10-15-17-20-21,0.524389,0.678485
Porch,local3,10-15-20-22-23,0.589276,0.729397
Printing_area,local3,3-5-7-8-13,0.598203,0.739244
Garden,local3,1-7-9-18-21,0.518358,0.680180
Lunch_room,local3,2-5-12-16-21,0.350324,0.500482
Meeting_room,local3,7-8-9-15-22,0.513991,0.672519
Pots,local3,4-7-8-19-24,0.621798,0.763768
Lounge,local3,9-10-18-22-23,0.525579,0.688279
Porch,local3,0-14-21-23-24,0.465322,0.622665
Cantina,local3,4-12-14-20-21,0.472683,0.621821
Printing_area,local3,2-8-10-12-21,0.663310,0.794558
Garden,local3,1-18-19-21-22,0.524510,0.687306
Meeting_room,local3,12-19-21-22-23,0.553735,0.707728
Pots,restart3,4-14-17-18-23,0.599264,0.744066
Lunch_room,local3,0-6-8-16-20,0.362550,0.512860
Lounge,local3,2-10-12-18-23,0.557163,0.714992
Porch,local3,3-5-20-23-24,0.458802,0.618943
Cantina,local3,7-12-16-20-21,0.501167,0.657975
Printing_area,local3,0-7-11-13-24,0.600289,0.737533
Garden,local3,1-8-12-18-21,0.516683,0.679991
Meeting_room,local3,0-12-19-21-23,0.535741,0.694940
Pots,local3,14-15-17-18-23,0.602203,0.746096
Lunch_room,local3,2-10-16-20-24,0.320266,0.467433
Lounge,local3,2-10-18-23-24,0.566688,0.722707
Printing_area,local3,2-4-8-20-24,0.555479,0.710010
Porch,local3,4-20-22-23-24,0.325464,0.466126
Cantina,local3,9-12-17-21-23,0.501298,0.654368
Garden,local3,1-8-12-13-18,0.493921,0.658332
Pots,local3,1-2-14-15-17,0.599671,0.744121
Meeting_room,local3,13-16-19-21-23,0.507724,0.668199
Lunch_room,local3,2-6-16-22-24,0.382043,0.527446
Lounge,local3,2-4-12-18-23,0.532732,0.693817
Printing_area,local3,6-14-19-20-24,0.615569,0.751018
Porch,local3,6-20-22-23-24,0.450767,0.611377
Cantina,local3,7-12-15-17-24,0.581112,0.729796
Garden,local3,4-7-8-18-21,0.532263,0.694250
Pots,local3,13-15-17-18-23,0.612745,0.755625
Meeting_room,local3,7-12-21-22-23,0.543276,0.698467
Lunch_room,local3,2-16-18-22-24,0.330089,0.475153
Lounge,local3,0-2-10-16-18,0.566933,0.721592
Printing_area,local3,4-7-8-13-24,0.563527,0.709898
Porch,local3,10-18-20-22-24,0.602449,0.744034
Cantina,local3,9-12-15-17-23,0.531265,0.678846
Meeting_room,local3,3-12-17-20-22,0.523542,0.682666
Pots,local3,1-9-15-16-23,0.625278,0.766349
Garden,local3,1-7-8-17-18,0.530522,0.692463
Lounge,local3,2-17-19-21-23,0.547838,0.706785
Lunch_room,local3,6-14-16-22-24,0.362081,0.505078
Printing_area,local3,2-3-13-22-24,0.633697,0.771745
Porch,local3,4-6-10-23-24,0.566126,0.713979
Cantina,local3,9-10-20-21-22,0.496135,0.644682
Meeting_room,local3,12-21-22-23-24,0.533662,0.691132
Pots,local3,1-13-15-16-23,0.606503,0.750672
Garden,local3,1-7-11-18-21,0.526035,0.688130
Lounge,local3,2-6-12-18-23,0.558778,0.715724
Printing_area,local3,8-9-12-20-24,0.661245,0.785374
Meeting_room,local3,0-3-12-20-21,0.529245,0.689002
Lunch_room,local3,2-6-15-16-22,0.380676,0.526105
Porch,local3,3-5-12-22-23,0.528835,0.687545
Pots,local3,1-9-15-17-23,0.619996,0.762042
Cantina,local3,1-10-13-17-20,0.505411,0.660843
Garden,local3,0-1-7-9-17,0.480117,0.645637
Printing_area,local3,7-8-12-13-17,0.635743,0.765559
Lounge,local3,2-7-10-18-23,0.551037,0.709857
Meeting_room,local3,2-12-17-19-21,0.525272,0.685660
Pots,local3,1-8-9-13-21,0.609907,0.754194
Porch,restart3,10-13-15-18-22,0.507806,0.652989
Cantina,local3,2-11-15-20-21,0.412613,0.567932
Lunch_room,local3,0-2-6-8-16,0.365000,0.511107
Lounge,local3,0-4-10-16-17,0.544062,0.702857
Garden,local3,1-7-8-21-23,0.481398,0.643396
Printing_area,local3,4-5-13-20-21,0.597554,0.738386
Meeting_room,local3,4-7-12-17-21,0.512579,0.670433
Pots,local3,6-9-15-16-23,0.595102,0.743248
Porch,local3,2-4-13-14-15,0.522454,0.673730
Cantina,local3,1-12-15-17-21,0.518180,0.671318
Lunch_room,local3,4-7-11-22-24,0.235135,0.360987
Meeting_room,local3,7-12-19-21-22,0.536258,0.692497
Printing_area,local3,8-13-15-20-24,0.656053,0.780830
Garden,local3,1-4-8-12-21,0.515618,0.678416
Lounge,local3,2-5-11-14-23,0.540875,0.700834
Pots,local3,1-9-15-16-21,0.626223,0.766548
Porch,local3,0-4-13-14-15,0.456729,0.617721
Cantina,local3,11-12-15-17-21,0.485956,0.634355
Lunch_room,local3,2-6-16-18-22,0.369272,0.514364
Meeting_room,local3,2-19-21-22-23,0.499408,0.664173
Printing_area,local3,6-8-13-20-24,0.645519,0.774763
Garden,local3,0-1-7-8-18,0.510170,0.674982
Lounge,local3,0-3-10-11-24,0.601850,0.751051
Porch,local3,2-4-8-11-15,0.556863,0.700160
Pots,local3,6-8-9-11-15,0.613996,0.757555
Meeting_room,local3,12-18-19-21-23,0.546180,0.701114
Cantina,local3,11-15-17-20-23,0.476924,0.628002
Lunch_room,local3,0-2-15-21-24,0.379884,0.529079
Printing_area,local3,7-8-13-20-24,0.649594,0.775614
Garden,local3,1-7-9-21-24,0.508824,0.671936
Lounge,local3,3-4-10-19-24,0.549786,0.708475
Porch,local3,0-4-10-11-22,0.482262,0.640860
Pots,local3,14-15-18-21-23,0.592306,0.736504
Meeting_room,local3,5-12-19-22-23,0.482282,0.645042
Cantina,local3,7-15-20-21-24,0.488764,0.652111
Printing_area,restart3,11-15-16-17-19,0.617109,0.751559
Lunch_room,local3,0-2-4-14-24,0.352705,0.503952
Garden,local3,1-2-16-18-23,0.487410,0.647228
Lounge,local3,3-10-11-15-24,0.571528,0.726734
Porch,local3,2-4-8-15-22,0.563593,0.705291
Meeting_room,local3,6-8-18-19-22,0.512212,0.671023
Pots,local3,1-9-12-15-21,0.632796,0.771774
Cantina,local3,15-16-17-19-21,0.486315,0.648824
Printing_area,local3,6-17-19-20-22,0.563478,0.711644
Lunch_room,local3,6-10-15-22-24,0.298274,0.438123
Garden,local3,5-8-16-18-21,0.530415,0.692804
Meeting_room,local3,12-15-19-22-23,0.546954,0.702976
Lounge,local3,0-3-5-11-24,0.590367,0.741957
Porch,local3,4-8-13-19-22,0.577152,0.725613
Pots,local3,5-12-16-21-24,0.614674,0.759368
Cantina,local3,7-9-12-15-17,0.501365,0.649474
Printing_area,local3,10-11-15-17-19,0.616604,0.749186
Lunch_room,local3,2-10-16-22-24,0.285041,0.422163
Garden,local3,4-7-18-20-21,0.530825,0.693011
Meeting_room,local3,1-10-17-19-23,0.522726,0.682263
Lounge,local3,0-6-12-21-24,0.578229,0.732169
Porch,local3,4-8-13-20-22,0.577439,0.728196
Pots,local3,1-12-15-17-21,0.616557,0.759369
Cantina,local3,5-6-12-16-17,0.458675,0.623409
Printing_area,local3,4-11-15-17-19,0.547754,0.697951
Garden,local3,0-7-8-13-21,0.474533,0.640741
Meeting_room,local3,2-12-21-22-23,0.531963,0.691918
Lunch_room,local3,5-6-15-16-20,0.351485,0.496721
Porch,local3,4-13-20-22-23,0.342151,0.497038
Lounge,local3,0-3-11-21-24,0.574195,0.728915
Pots,local3,9-12-14-15-21,0.618363,0.762141
Cantina,local3,10-12-15-20-21,0.474518,0.626432
Printing_area,local3,1-11-15-16-19,0.626273,0.761727
Meeting_room,local3,9-12-19-21-22,0.544686,0.700243
Garden,local3,3-4-8-9-21,0.451558,0.620897
Porch,local3,5-8-15-17-22,0.613615,0.751684
Lunch_room,local3,2-6-7-22-24,0.370568,0.514732
Lounge,local3,0-3-10-18-24,0.590451,0.742149
Pots,local3,1-7-10-11-21,0.644683,0.780123
Printing_area,local3,1-3-15-16-19,0.541729,0.691689
Cantina,local3,12-14-15-16-21,0.509962,0.664888
Meeting_room,local3,12-16-19-22-23,0.558570,0.711480
Garden,local3,11-13-17-18-21,0.493464,0.657970
Porch,local3,5-6-7-15-17,0.472813,0.633585
Pots,local3,1-7-10-11-13,0.640099,0.776851
Lounge,local3,0-3-11-15-24,0.583365,0.736509
Cantina,local3,0-12-17-20-21,0.522800,0.675977
Printing_area,local3,1-3-5-16-23,0.549658,0.698886
Meeting_room,local3,0-12-16-19-23,0.511653,0.673793
Garden,local3,7-8-16-18-21,0.511733,0.675850
Lunch_room,local3,5-6-16-22-24,0.360076,0.503251
Porch,local3,5-8-12-15-17,0.600855,0.736480
Pots,local3,1-7-9-11-21,0.658184,0.791412
Lounge,local3,0-3-10-11-16,0.580757,0.733286
Cantina,local3,2-4-16-17-20,0.468933,0.631039
Printing_area,local3,0-5-11-15-19,0.590872,0.732216
Meeting_room,local3,2-12-16-22-23,0.529644,0.689444
Garden,local3,1-6-7-8-21,0.530947,0.692729
Porch,local3,8-12-15-17-22,0.548840,0.683808
Lunch_room,local3,7-9-10-22-24,0.209007,0.321008
Pots,local3,1-7-21-22-23,0.640805,0.778643
Lounge,local3,0-3-10-11-12,0.599433,0.749173
Cantina,local3,0-1-4-12-15,0.474642,0.632907
Printing_area,local3,1-9-11-15-19,0.559571,0.708205
Meeting_room,local3,1-16-19-21-22,0.434161,0.598782
Garden,local3,1-3-4-7-18,0.532679,0.694844
Porch,local3,5-8-13-17-22,0.596533,0.739502
Pots,local3,5-7-10-14-21,0.625327,0.766927
Lunch_room,local3,12-15-16-18-22,0.331532,0.474066
Lounge,local3,0-10-11-16-24,0.578939,0.731284
Meeting_room,local3,12-16-19-20-22,0.550438,0.704167
Printing_area,local3,1-11-15-16-20,0.639160,0.771898
Cantina,restart3,0-5-13-14-16,0.360712,0.511702
Garden,local3,0-7-16-19-21,0.504358,0.669839
Porch,local3,8-12-17-22-24,0.591050,0.727623
Pots,local3,1-4-9-11-22,0.636824,0.774643
Lounge,local3,10-18-19-21-24,0.572399,0.727568
Lunch_room,local3,4-6-11-17-22,0.321775,0.460838
Meeting_room,local3,4-12-16-22-24,0.531215,0.687912
Printing_area,local3,1-7-8-15-20,0.596376,0.739162
Cantina,local3,8-13-14-15-23,0.494744,0.646266
Garden,local3,1-7-17-18-20,0.532390,0.694157
Porch,local3,3-5-8-11-17,0.582225,0.726059
Pots,local3,7-11-12-19-21,0.618269,0.759895
Lounge,local3,0-11-17-20-24,0.601126,0.750457
Meeting_room,local3,12-13-16-19-22,0.525051,0.682102
Lunch_room,local3,2-6-11-22-24,0.356481,0.501478
Printing_area,local3,0-1-5-15-20,0.545543,0.696911
Cantina,local3,4-8-13-14-15,0.486209,0.634141
Garden,local3,7-8-15-18-21,0.510473,0.674726
Porch,local3,5-10-11-15-22,0.569418,0.710208
Pots,local3,1-9-11-18-21,0.634490,0.772234
Lounge,local3,0-3-9-10-24,0.586945,0.739341
Meeting_room,local3,12-16-19-20-23,0.562493,0.714684
Printing_area,local3,8-11-12-15-20,0.654055,0.778582
Lunch_room,local3,2-5-6-16-22,0.385318,0.533821
Cantina,local3,2-4-13-14-15,0.442866,0.602761
Garden,local3,0-8-18-19-21,0.506489,0.672034
Porch,local3,5-9-12-20-22,0.622750,0.762264
Pots,local3,0-2-11-14-21,0.620616,0.761834
Meeting_room,local3,2-13-15-16-20,0.463578,0.627635
Lounge,local3,0-3-10-12-24,0.593582,0.744617
Printing_area,local3,11-12-17-20-22,0.629845,0.760278
Cantina,local3,8-13-15-16-23,0.524958,0.679259
Garden,local3,1-5-7-18-21,0.544851,0.705077
Porch,local3,5-9-17-20-22,0.609140,0.751754
Lunch_room,local3,0-6-16-17-22,0.360929,0.505380
Pots,local3,1-7-11-12-23,0.636912,0.774945
Meeting_room,local3,1-8-16-19-23,0.513645,0.673800
Lounge,local3,0-7-10-11-18,0.588482,0.740414
Cantina,local3,8-13-15-18-23,0.459684,0.613939
Printing_area,local3,1-12-15-20-22,0.634718,0.769484
Garden,local3,0-1-7-18-21,0.515186,0.679471
Porch,local3,2-9-16-20-22,0.585828,0.725316
Pots,local3,1-7-11-18-21,0.642714,0.778713
Lunch_room,local3,2-5-6-11-16,0.371780,0.521526
Meeting_room,local3,7-12-16-19-20,0.538281,0.693781
Lounge,local3,0-3-10-20-24,0.600598,0.750113
Printing_area,local3,6-8-12-20-22,0.622107,0.756696
Cantina,local3,4-13-15-16-23,0.495739,0.655191
Garden,local3,1-5-7-20-21,0.540602,0.701402
Porch,local3,5-9-12-19-20,0.624987,0.762991
Pots,local3,1-9-11-12-21,0.638421,0.776208
Meeting_room,local3,12-16-20-23-24,0.559465,0.712762
Lunch_room,local3,0-2-5-11-21,0.368547,0.519874
Lounge,local3,3-11-15-23-24,0.561441,0.717790
Printing_area,local3,8-12-15-20-24,0.655588,0.780820
Cantina,local3,8-13-15-20-23,0.481180,0.635256
Garden,local3,0-1-18-20-21,0.505719,0.671032
Porch,local3,5-9-11-19-20,0.623768,0.761471
Pots,local3,7-9-16-21-23,0.610539,0.754877
Meeting_room,local3,12-15-16-17-20,0.503587,0.662481
Printing_area,local3,8-12-20-22-24,0.653867,0.779857
Lounge,restart3,12-13-15-17-24,0.549568,0.707155
Lunch_room,local3,6-7-16-18-22,0.353267,0.491749
Cantina,local3,8-13-14-22-23,0.487884,0.642887
Porch,local3,0-5-9-19-20,0.505979,0.667899
Garden,local3,5-7-14-18-21,0.528693,0.691298
Pots,local3,7-9-11-18-21,0.629835,0.769768
Meeting_room,local3,16-19-20-23-24,0.462121,0.624362
Printing_area,local3,2-8-15-21-24,0.649464,0.784221
Lounge,local3,0-3-12-17-24,0.576424,0.730972
Cantina,local3,0-8-13-15-23,0.498758,0.652635
Lunch_room,local3,0-14-16-21-22,0.352924,0.500462
Porch,local3,4-5-9-12-20,0.594556,0.742139
Garden,local3,1-3-5-18-21,0.525134,0.688230
Meeting_room,local3,9-16-19-20-23,0.531488,0.688762
Pots,local3,4-7-10-11-23,0.625226,0.766105
Printing_area,local3,9-16-18-20-24,0.599366,0.737082
Lounge,local3,1-4-12-21-24,0.558343,0.715513
Cantina,local3,1-7-8-22-23,0.441427,0.604198
Porch,local3,2-5-12-19-20,0.570585,0.719703
Garden,local3,1-5-7-10-18,0.539894,0.700971
Lunch_room,local3,2-5-6-16-19,0.381151,0.532713
Meeting_room,local3,5-12-19-20-23,0.481907,0.644596
Pots,local3,1-2-7-8-9,0.608809,0.753430
Printing_area,local3,3-8-12-16-17,0.609706,0.748330
Lounge,local3,0-9-12-17-19,0.550098,0.709247
Cantina,local3,4-7-8-13-24,0.461751,0.617752
Porch,local3,5-9-12-17-23,0.621536,0.756594
Meeting_room,local3,7-13-19-20-23,0.547881,0.702946
Garden,local3,1-7-12-15-21,0.515537,0.679207
Pots,local3,1-10-11-19-21,0.614429,0.756600
Lunch_room,local3,4-5-9-16-22,0.309252,0.447390
Printing_area,local3,0-2-8-12-14,0.591201,0.738897
Lounge,local3,9-12-15-16-24,0.467988,0.635259
Cantina,local3,11-13-15-16-19,0.460559,0.617935
Porch,local3,5-8-9-12-20,0.613570,0.750611
Meeting_room,local3,5-16-19-20-23,0.444153,0.607182
Garden,local3,1-7-15-21-22,0.507888,0.671923
Pots,local3,5-6-7-11-24,0.621994,0.763576
Printing_area,local3,0-12-15-17-20,0.600138,0.738110
Lunch_room,local3,2-5-16-21-22,0.386418,0.535748
Lounge,local3,3-9-17-19-24,0.518883,0.681425
Cantina,local3,5-8-13-15-16,0.506921,0.663649
Meeting_room,local3,4-12-16-19-20,0.510302,0.668112
Porch,local3,9-12-17-18-23,0.577215,0.712292
Garden,local3,1-5-7-14-18,0.545035,0.705297
Pots,local3,9-10-11-21-22,0.644587,0.781120
Printing_area,local3,12-14-15-20-24,0.641935,0.769386
Lunch_room,local3,2-5-18-19-23,0.374580,0.527709
Lounge,local3,0-3-8-21-24,0.573634,0.728617
Meeting_room,local3,0-12-16-20-23,0.512296,0.674693
Cantina,local3,12-13-15-22-24,0.500243,0.652360
Porch,local3,0-3-5-19-22,0.457065,0.622969
Garden,local3,1-5-7-14-17,0.539894,0.700930
Pots,local3,2-7-15-19-21,0.614094,0.757535
Printing_area,local3,0-1-8-10-24,0.553583,0.704570
Lounge,local3,0-3-13-23-24,0.589043,0.740936
Meeting_room,local3,6-12-16-19-20,0.518757,0.676736
Lunch_room,local3,0-2-16-21-22,0.361917,0.510552
Porch,local3,5-14-15-17-19,0.592310,0.735307
Cantina,local3,4-8-15-16-23,0.523422,0.678752
Garden,local3,5-7-8-18-24,0.531565,0.693765
Pots,local3,0-1-9-11-18,0.619104,0.761001
Printing_area,local3,8-12-14-15-24,0.657294,0.781054
Meeting_room,local3,12-16-19-21-23,0.556472,0.709245
Lounge,local3,0-1-4-13-23,0.575251,0.729947
Porch,local3,12-15-19-20-23,0.565365,0.706564
Cantina,local3,5-11-15-16-20,0.468720,0.626832
Lunch_room,local3,2-5-13-16-21,0.381144,0.532892
Garden,local3,1-3-5-14-18,0.517875,0.681738
Printing_area,local3,3-8-14-15-24,0.630962,0.764370
Pots,local3,1-7-11-13-21,0.642441,0.778752
Meeting_room,local3,12-13-16-20-23,0.545241,0.701033
Lounge,local3,0-14-18-19-23,0.579670,0.733500
Porch,local3,5-9-19-20-24,0.618217,0.759956
Cantina,local3,0-8-13-15-16,0.503384,0.657091
Garden,local3,1-5-7-15-18,0.536532,0.698102
Printing_area,local3,12-14-15-17-24,0.628464,0.759351
Pots,local3,4-7-9-11-15,0.650862,0.785867
Lunch_room,local3,2-16-18-21-22,0.353101,0.499593
Meeting_room,local3,1-12-16-19-23,0.472725,0.636259
Lounge,local3,0-7-13-23-24,0.570547,0.725802
Porch,local3,5-6-9-19-20,0.591221,0.740300
Cantina,local3,10-13-15-16-23,0.515612,0.672479
Garden,local3,0-1-3-4-18,0.485825,0.652769
Printing_area,local3,0-8-13-19-24,0.662737,0.786009
Pots,local3,9-11-12-21-23,0.624411,0.765129
Lunch_room,local3,3-16-20-22-23,0.343356,0.496192
Meeting_room,local3,11-12-14-16-19,0.537083,0.693442
Lounge,local3,0-3-8-20-24,0.588446,0.740510
Porch,local3,5-9-12-16-20,0.612290,0.748814
Cantina,local3,3-8-13-15-16,0.508838,0.665374
Garden,local3,4-5-7-14-20,0.503087,0.669040
Printing_area,local3,0-5-6-13-19,0.583294,0.726306
Pots,local3,7-9-11-15-21,0.637048,0.775582
Meeting_room,restart3,3-8-17-21-23,0.524184,0.682466
Lunch_room,local3,2-7-8-16-22,0.331775,0.477054
Lounge,local3,0-3-12-23-24,0.586193,0.738696
Porch,local3,9-12-16-19-20,0.590431,0.729348
Cantina,local3,6-7-8-12-15,0.413705,0.562682
Garden,restart3,10-12-16-18-21,0.529171,0.691430
Printing_area,local3,1-2-4-13-19,0.525862,0.671580
Pots,local3,7-9-11-19-21,0.614572,0.757584
Meeting_room,local3,0-3-8-21-23,0.534522,0.693086
Porch,local3,5-7-19-20-22,0.364574,0.524121
Lunch_room,local3,5-11-16-21-22,0.345921,0.493982
Lounge,local3,0-3-13-15-19,0.581699,0.735155
Cantina,local3,1-13-16-17-23,0.470131,0.632618
Garden,local3,10-12-16-21-22,0.516313,0.680133
Printing_area,local3,8-15-20-21-24,0.627568,0.758549
Pots,local3,2-9-11-17-20,0.621409,0.763779
Meeting_room,local3,0-2-14-21-23,0.479292,0.645594
Porch,local3,5-9-17-18-19,0.595038,0.736567
Lounge,local3,0-3-7-13-24,0.580142,0.733824
Cantina,local3,13-14-15-18-23,0.456293,0.613154
Lunch_room,local3,1-5-15-16-22,0.396645,0.543829
Garden,local3,3-12-16-18-20,0.491957,0.658850
Meeting_room,local3,3-8-9-21-23,0.526988,0.684746
Printing_area,local3,0-7-8-13-19,0.588466,0.729578
Pots,local3,1-9-11-21-24,0.637516,0.774547
Lounge,local3,3-7-11-16-24,0.527004,0.687352
Porch,local3,5-12-20-21-23,0.483751,0.638290
Cantina,local3,2-9-13-14-15,0.486010,0.640372
Lunch_room,local3,7-13-15-16-22,0.256541,0.385361
Garden,local3,4-6-10-12-13,0.530368,0.692488
Meeting_room,local3,0-3-8-21-22,0.534007,0.692653
Printing_area,local3,0-5-8-19-24,0.616345,0.752156
Pots,local3,9-11-12-13-21,0.624414,0.765584
Lounge,local3,3-7-11-23-24,0.554031,0.711656
Porch,local3,5-9-11-12-19,0.613748,0.749681
Cantina,local3,8-13-15-17-23,0.522976,0.673413
Garden,local3,2-6-10-13-23,0.456201,0.617166
Meeting_room,local3,0-3-14-17-20,0.501662,0.663330
Printing_area,local3,8-13-19-22-24,0.673371,0.793017
Lunch_room,local3,1-14-15-16-19,0.381617,0.528442
Pots,local3,1-8-9-21-23,0.616560,0.759677
Porch,local3,9-11-12-19-21,0.570493,0.708964
Lounge,local3,3-6-13-18-23,0.564085,0.719389
Cantina,local3,8-10-13-15-16,0.499495,0.651136
Meeting_room,local3,4-8-9-11-21,0.516552,0.673783
Garden,local3,1-6-10-13-14,0.489695,0.652824
Printing_area,local3,13-14-17-22-24,0.628582,0.758934
Lunch_room,restart3,3-8-16-18-22,0.310222,0.452694
Pots,local3,1-9-16-21-22,0.640293,0.778256
Porch,local3,0-5-9-12-19,0.498105,0.657126
Lounge,local3,0-13-18-23-24,0.587657,0.739780
Meeting_room,local3,3-8-19-21-23,0.522783,0.681382
Cantina,local3,1-6-13-15-20,0.433191,0.595758
Garden,local3,4-6-10-13-20,0.490938,0.654468
Printing_area,local3,1-13-16-22-24,0.655457,0.784794
Pots,local3,1-4-7-9-11,0.635385,0.773681
Lunch_room,local3,3-8-16-18-20,0.336469,0.484375
Porch,local3,1-2-9-19-20,0.588313,0.727588
Meeting_room,local3,0-9-17-21-23,0.534697,0.693869
Lounge,local3,1-3-13-22-23,0.536950,0.694692
Cantina,local3,6-8-15-16-23,0.503246,0.661896
Garden,local3,6-10-12-13-23,0.487411,0.651962
Printing_area,local3,8-13-17-19-24,0.667239,0.789189
Pots,local3,6-9-11-21-22,0.605025,0.750688
Porch,local3,4-5-12-16-19,0.505142,0.669403
Meeting_room,local3,7-9-15-18-23,0.524192,0.681679
Lunch_room,local3,3-4-5-14-20,0.292587,0.429278
Lounge,local3,0-1-10-13-23,0.554071,0.712078
Cantina,local3,2-9-12-16-23,0.470391,0.630579
Printing_area,local3,8-16-19-22-24,0.645329,0.773221
Garden,local3,4-6-12-15-19,0.531137,0.693287
Pots,local3,1-7-9-17-21,0.642641,0.779924
Porch,local3,5-12-18-19-20,0.578774,0.729131
Meeting_room,local3,6-9-17-21-23,0.526518,0.683818
Lounge,local3,4-13-15-23-24,0.522766,0.685424
Lunch_room,local3,0-2-3-16-21,0.365350,0.517159
Cantina,local3,9-13-15-21-23,0.480142,0.630702
Printing_area,local3,8-10-13-19-24,0.670632,0.791750
Garden,local3,4-9-12-15-19,0.468812,0.636163
Pots,local3,1-4-5-9-11,0.615128,0.757763
Porch,local3,9-12-13-19-20,0.559911,0.703105
Meeting_room,local3,0-3-8-9-24,0.527238,0.686125
Lounge,local3,0-3-5-23-24,0.585570,0.738175
Cantina,local3,1-12-15-16-22,0.504403,0.661608
Lunch_room,local3,0-1-3-19-24,0.356756,0.507084
Printing_area,local3,8-15-19-21-24,0.625466,0.756812
Garden,local3,1-3-4-15-19,0.494125,0.659208
Pots,local3,1-7-9-18-21,0.642417,0.779403
Meeting_room,local3,5-9-16-18-23,0.494410,0.653078
Porch,local3,9-12-18-19-20,0.595210,0.734668
Lounge,local3,0-2-6-17-23,0.575169,0.729805
Cantina,local3,2-8-13-15-16,0.466146,0.625409
Printing_area,local3,8-18-19-22-24,0.625374,0.758195
Lunch_room,local3,2-3-7-19-21,0.357029,0.509736
Garden,local3,6-8-12-15-19,0.517735,0.681311
Pots,local3,7-9-11-13-21,0.628344,0.768896
Meeting_room,local3,0-6-15-19-23,0.519713,0.680703
Porch,local3,0-5-14-19-20,0.473194,0.639721
Lounge,local3,13-14-18-19-24,0.561313,0.716901
Cantina,local3,0-3-8-16-18,0.484359,0.644745
Printing_area,local3,8-11-13-19-24,0.664861,0.787433
Garden,local3,2-4-12-19-20,0.528344,0.690899
Lunch_room,local3,2-14-16-21-23,0.377539,0.525233
Meeting_room,local3,0-6-9-17-23,0.532417,0.691805
Pots,local3,7-11-15-21-22,0.634448,0.773583
Porch,local3,1-4-9-19-23,0.571346,0.712538
Lounge,local3,0-3-13-17-19,0.578108,0.732282
Cantina,local3,1-13-15-16-23,0.470209,0.631630
Printing_area,local3,10-14-15-22-24,0.603157,0.737642
Garden,local3,1-4-6-9-12,0.525471,0.686959
Lunch_room,local3,4-6-9-21-23,0.289408,0.419422
Meeting_room,local3,1-8-16-17-21,0.489783,0.652145
Pots,local3,5-10-11-19-21,0.642365,0.780094
Porch,local3,1-5-9-12-19,0.598848,0.736992
Lounge,local3,0-13-20-23-24,0.584970,0.737596
Printing_area,local3,8-13-16-19-24,0.661471,0.785412
Cantina,local3,4-6-8-16-20,0.485281,0.648661
Garden,local3,4-12-15-19-23,0.495790,0.660523
Meeting_room,local3,0-1-6-17-21,0.433003,0.597121
Lunch_room,local3,13-14-16-21-23,0.317338,0.455522
Pots,local3,1-2-7-9-11,0.627473,0.768049
Porch,local3,0-5-13-16-19,0.482264,0.644253
Lounge,local3,0-3-11-23-24,0.593112,0.744127
Printing_area,local3,8-13-16-19-22,0.655705,0.781041
Garden,local3,1-4-6-7-20,0.541648,0.702189
Cantina,local3,0-8-13-23-24,0.481872,0.639836
Meeting_room,local3,0-8-9-17-21,0.532562,0.691513
Pots,local3,0-1-6-7-21,0.619100,0.761984
Porch,restart3,0-3-8-19-20,0.495971,0.656240
Lunch_room,local3,6-7-13-21-23,0.233450,0.351084
Lounge,local3,0-8-11-12-21,0.560404,0.717510
Printing_area,local3,5-7-19-22-24,0.602418,0.740410
Meeting_room,local3,0-17-21-23-24,0.440339,0.607013
Cantina,local3,1-8-13-15-16,0.489682,0.646764
Garden,local3,1-4-7-10-20,0.532080,0.694081
Pots,local3,1-3-5-9-24,0.603723,0.748635
Porch,local3,2-3-4-19-23,0.534960,0.685881
Lounge,local3,0-2-11-23-24,0.583854,0.736539
Printing_area,local3,2-6-8-13-19,0.637537,0.775049
Lunch_room,local3,2-14-16-18-21,0.379354,0.526185
Meeting_room,local3,0-1-2-6-9,0.432037,0.595779
Pots,local3,1-7-11-16-21,0.646657,0.782513
Cantina,local3,5-13-15-16-23,0.472746,0.635268
Garden,local3,6-7-8-21-22,0.498159,0.662809
Porch,local3,2-4-5-19-23,0.566131,0.719641
Lounge,local3,0-3-11-13-23,0.585210,0.737827
Printing_area,local3,8-12-19-22-24,0.644642,0.772194
Lunch_room,local3,2-4-10-16-23,0.314130,0.462350
Meeting_room,local3,0-3-7-19-23,0.532112,0.691384
Pots,local3,1-5-7-9-21,0.640539,0.778622
Cantina,local3,8-14-15-20-23,0.522991,0.677933
Garden,local3,4-6-11-13-20,0.510455,0.673802
Porch,local3,2-4-5-14-23,0.583794,0.731189
Lounge,local3,0-7-10-11-24,0.586271,0.738548
Printing_area,local3,8-17-19-22-24,0.644775,0.772459
Meeting_room,local3,14-15-17-21-23,0.483390,0.648392
Pots,local3,1-8-9-11-21,0.627407,0.767866
Lunch_room,local3,2-5-14-16-21,0.381921,0.532070
Cantina,local3,2-13-15-16-23,0.456662,0.619859
Porch,local3,2-6-17-22-23,0.553617,0.699114
Lounge,local3,0-11-15-18-24,0.585506,0.738065
Garden,local3,1-2-4-14-23,0.490486,0.650152
Meeting_room,local3,0-1-14-20-23,0.438469,0.604389
Printing_area,restart3,0-5-12-16-18,0.587518,0.728950
Cantina,local3,8-12-13-16-23,0.512933,0.668790
Pots,local3,1-6-7-11-21,0.637696,0.776493
Lunch_room,local3,2-4-5-16-21,0.369985,0.518430
Porch,local3,2-4-5-14-18,0.562512,0.712364
Lounge,local3,3-11-20-23-24,0.571369,0.726010
Garden,local3,4-6-7-14-24,0.529055,0.691566
Meeting_room,local3,0-3-12-20-23,0.531135,0.690742
Printing_area,local3,12-15-16-17-18,0.614254,0.749512
Cantina,local3,0-8-13-15-22,0.497940,0.652347
Pots,local3,6-9-11-21-23,0.601280,0.747863
Porch,local3,2-4-5-12-14,0.556578,0.705679
Lunch_room,local3,5-14-18-21-22,0.364274,0.509408
Lounge,local3,0-3-17-18-24,0.580770,0.734372
Garden,local3,1-6-11-12-22,0.508393,0.671991
Meeting_room,local3,0-3-9-17-23,0.535091,0.693667
Printing_area,local3,1-12-15-17-18,0.588015,0.734689
Cantina,local3,3-9-15-16-23,0.530218,0.684047
Pots,local3,1-3-9-11-21,0.619679,0.760813
Porch,local3,1-4-14-16-23,0.586642,0.723093
Lounge,local3,3-6-15-23-24,0.555470,0.712407
Garden,local3,0-1-4-7-20,0.508277,0.673410
Meeting_room,local3,0-1-3-9-23,0.504445,0.665881
Lunch_room,local3,0-5-14-19-20,0.381161,0.534471
Printing_area,local3,4-12-15-18-20,0.583488,0.727329
Cantina,local3,0-8-9-15-21,0.512215,0.663533
Pots,local3,1-7-11-19-21,0.649145,0.784410
Porch,local3,1-4-11-14-16,0.571359,0.710754
Lounge,local3,0-5-7-17-23,0.567793,0.723867
Meeting_room,local3,0-3-6-17-23,0.518521,0.679378
Garden,local3,4-6-8-14-17,0.531103,0.693464
Printing_area,local3,3-4-12-15-16,0.516463,0.670088
Lunch_room,local3,2-5-9-15-21,0.375813,0.522523
Pots,local3,1-2-9-11-21,0.624314,0.764255
Porch,local3,1-4-11-14-23,0.587795,0.722847
Cantina,local3,3-4-9-17-21,0.499472,0.659715
Lounge,local3,0-7-11-14-23,0.574473,0.729221
Meeting_room,local3,0-9-16-17-23,0.532558,0.691779
Printing_area,local3,12-15-16-18-20,0.620011,0.753297
Garden,local3,4-6-7-13-21,0.503384,0.666698
Lunch_room,local3,4-5-6-16-18,0.318243,0.457789
Pots,local3,10-11-17-19-21,0.651178,0.786205
Porch,local3,0-4-10-11-14,0.483013,0.640884
Cantina,local3,3-4-9-15-16,0.519126,0.676376
Lounge,local3,0-3-4-12-24,0.578536,0.732700
Meeting_room,local3,0-2-3-22-24,0.489471,0.654760
Printing_area,local3,7-12-15-18-20,0.614358,0.748576
Garden,local3,1-4-7-8-9,0.523258,0.685342
Pots,local3,0-1-7-11-21,0.632609,0.771324
Porch,local3,1-4-6-11-23,0.588295,0.724027
Lunch_room,local3,2-5-7-19-21,0.378640,0.530765
Cantina,local3,3-6-9-16-23,0.444301,0.606916
Meeting_room,local3,3-9-17-19-24,0.527019,0.685496
Lounge,local3,8-9-11-20-23,0.538975,0.699632
Printing_area,local3,15-16-18-20-21,0.597666,0.736637
Garden,local3,1-4-7-12-20,0.539768,0.700401
Pots,local3,1-7-9-11-12,0.651914,0.786250
Porch,local3,1-11-15-19-23,0.548101,0.685450
Lunch_room,local3,1-2-5-14-21,0.382093,0.529931
Cantina,local3,1-3-9-16-23,0.443724,0.603828
Meeting_room,local3,0-3-6-7-17,0.521478,0.681640
Lounge,local3,0-11-12-23-24,0.585523,0.737787
Printing_area,local3,2-12-15-16-18,0.634339,0.772620
Garden,local3,1-3-4-10-21,0.516951,0.680951
Pots,restart3,0-2-4-10-14,0.588221,0.735747
Porch,local3,5-6-11-13-23,0.524590,0.682018
Meeting_room,local3,0-9-17-23-24,0.532574,0.691893
Cantina,local3,3-8-9-16-23,0.500306,0.656998
Lunch_room,local3,2-4-5-14-21,0.370043,0.517245
Printing_area,local3,10-12-16-17-18,0.618807,0.751756
Lounge,local3,3-4-11-23-24,0.541148,0.700830
Garden,local3,4-6-7-8-20,0.536651,0.697954
Pots,local3,0-2-10-14-21,0.600321,0.745077
Porch,local3,1-4-11-21-23,0.626480,0.762801
Meeting_room,local3,0-3-9-14-17,0.521802,0.681926
Cantina,local3,9-15-16-20-23,0.551276,0.701245
Printing_area,local3,3-15-16-21-22,0.570156,0.715882
Lunch_room,local3,5-8-14-18-21,0.345444,0.490341
Garden,local3,1-4-7-13-20,0.507540,0.669668
Lounge,local3,0-3-14-23-24,0.586352,0.738857
Porch,local3,2-11-14-17-21,0.577322,0.714959
Pots,local3,1-2-11-14-19,0.617646,0.759543
Meeting_room,local3,1-6-9-17-23,0.513110,0.674114
Cantina,restart3,3-7-21-22-24,0.415868,0.580878
Printing_area,local3,1-2-10-12-18,0.559688,0.712315
Lunch_room,local3,1-2-5-11-14,0.353807,0.501911
Garden,local3,1-4-14-20-23,0.488153,0.649180
Lounge,local3,3-11-15-19-24,0.540030,0.697325
Pots,local3,2-9-14-19-21,0.616329,0.759306
Meeting_room,local3,0-3-7-9-17,0.530937,0.689704
Porch,local3,1-4-19-20-23,0.584502,0.725584
Cantina,local3,1-3-12-22-24,0.426558,0.588568
Printing_area,local3,2-4-9-15-23,0.488284,0.647059
Lunch_room,local3,1-2-5-11-13,0.352501,0.500524
Garden,local3,2-3-4-6-20,0.509338,0.674388
Lounge,local3,0-2-8-18-23,0.577771,0.731886
Pots,local3,0-2-14-16-19,0.598104,0.745390
Meeting_room,local3,3-11-12-17-23,0.519151,0.678864
Porch,local3,1-6-7-8-11,0.527238,0.661216
Printing_area,local3,11-12-15-16-18,0.634379,0.763888
Cantina,local3,3-10-11-13-24,0.463517,0.623209
Garden,local3,1-6-7-15-23,0.477604,0.639215
Lunch_room,local3,1-10-11-21-23,0.310056,0.452524
Lounge,local3,0-3-8-12-13,0.575367,0.730002
Meeting_room,local3,0-9-11-17-23,0.540808,0.698585
Porch,local3,0-10-11-14-23,0.488049,0.635818
Pots,local3,6-10-11-14-19,0.649278,0.785363
Printing_area,local3,1-11-13-16-21,0.644926,0.776174
Cantina,local3,3-10-11-15-24,0.499812,0.656970
Lounge,local3,11-21-22-23-24,0.516998,0.678452
Garden,local3,2-4-6-20-21,0.512078,0.676413
Lunch_room,local3,1-3-6-21-23,0.397978,0.546336
Meeting_room,local3,1-9-11-18-21,0.523089,0.681941
Porch,local3,1-3-4-21-23,0.602266,0.745360
Pots,local3,2-7-10-11-24,0.623746,0.764774
Printing_area,local3,0-6-14-16-21,0.602655,0.742058
Lounge,local3,11-12-14-23-24,0.558820,0.715706
Cantina,local3,3-10-12-15-24,0.507919,0.664479
Garden,local3,1-2-6-7-20,0.529388,0.691317
Meeting_room,local3,0-11-13-19-23,0.514756,0.676653
Lunch_room,local3,1-3-6-9-21,0.400994,0.549167
Porch,local3,1-4-7-11-16,0.564909,0.705954
Pots,local3,9-10-11-19-21,0.642090,0.778929
Printing_area,local3,1-11-14-16-21,0.645159,0.775454
Lounge,local3,0-3-11-12-23,0.585486,0.738090
Cantina,local3,6-7-10-12-22,0.398908,0.560176
Garden,local3,2-4-5-7-11,0.515297,0.679427
Meeting_room,local3,3-9-11-17-23,0.528370,0.686736
Printing_area,local3,10-11-12-14-17,0.647193,0.772817
Porch,local3,4-11-15-21-23,0.582271,0.726089
Pots,local3,2-6-10-16-24,0.616740,0.761109
Lounge,local3,0-6-13-22-23,0.566562,0.721752
Lunch_room,local3,0-9-12-13-21,0.307552,0.449952
Cantina,local3,1-3-15-19-24,0.418335,0.581781
Garden,local3,1-7-10-20-23,0.491212,0.652591
Meeting_room,local3,0-11-13-17-23,0.474712,0.639212
Printing_area,local3,2-10-11-14-24,0.710021,0.828811
Porch,local3,4-11-16-21-24,0.615988,0.755791
Pots,local3,5-6-10-11-14,0.643028,0.780089
Lounge,restart3,0-5-6-8-18,0.574925,0.729532
Cantina,local3,2-3-10-20-24,0.436493,0.598870
Lunch_room,local3,0-1-9-20-21,0.386154,0.533244
Garden,local3,1-6-7-12-21,0.525064,0.687574
Meeting_room,local3,0-1-9-11-23,0.516408,0.677125
Printing_area,local3,3-5-11-12-24,0.609136,0.747389
Porch,local3,1-9-11-21-23,0.577896,0.714546
Pots,local3,9-10-14-19-22,0.633351,0.772885
Lounge,local3,5-6-8-17-18,0.542547,0.701318
Cantina,local3,5-7-12-15-24,0.500532,0.657607
Garden,local3,1-4-6-7-8,0.546898,0.706574
Meeting_room,local3,0-11-15-17-23,0.469644,0.634734
Lunch_room,local3,3-9-17-21-24,0.346935,0.495725
Printing_area,local3,0-4-6-11-14,0.503759,0.656367
Porch,local3,1-4-16-21-23,0.628749,0.764880
Pots,local3,4-6-8-17-19,0.631356,0.772190
Lounge,local3,0-5-6-19-21,0.577027,0.731304
Cantina,local3,0-3-9-12-14,0.478654,0.636624
Meeting_room,local3,9-10-11-13-24,0.552264,0.707102
Garden,local3,4-6-7-10-13,0.504461,0.668684
Lunch_room,local3,1-3-6-9-22,0.401704,0.550587
Printing_area,local3,7-10-11-14-24,0.644738,0.771834
Porch,local3,1-12-16-21-23,0.598022,0.733123
Pots,local3,6-12-13-14-24,0.616249,0.760509
Lounge,local3,0-5-7-19-21,0.571281,0.726631
Cantina,local3,0-3-10-22-24,0.440494,0.603386
Meeting_room,local3,8-10-13-23-24,0.534288,0.691255
Garden,local3,2-4-6-7-23,0.477031,0.639962
Printing_area,local3,2-11-14-23-24,0.662446,0.794204
Porch,local3,0-1-16-21-23,0.510782,0.666202
Lunch_room,local3,1-3-9-20-22,0.409462,0.560666
Pots,local3,10-11-16-18-19,0.639522,0.777465
Lounge,local3,0-6-8-19-21,0.579439,0.733208
Meeting_room,local3,9-11-13-14-20,0.531856,0.689049
Cantina,local3,4-5-8-12-15,0.422682,0.566121
Garden,local3,4-8-20-22-24,0.497644,0.663587
Printing_area,local3,2-6-14-23-24,0.628904,0.768299
Porch,local3,1-4-7-13-23,0.601085,0.740416
Pots,local3,1-6-10-14-19,0.612424,0.756746
Lounge,local3,6-8-12-18-19,0.549020,0.707067
Cantina,local3,3-4-10-12-24,0.473899,0.634819
Lunch_room,local3,3-8-9-20-22,0.259570,0.387112
Meeting_room,local3,1-5-13-14-24,0.365412,0.523342
Garden,local3,1-4-6-7-18,0.547371,0.707066
Printing_area,local3,9-10-14-15-16,0.623415,0.753148
Porch,local3,1-9-13-21-23,0.586317,0.722108
Pots,local3,4-10-11-21-22,0.617490,0.758518
Lounge,local3,6-8-12-14-24,0.549523,0.707829
Cantina,local3,3-10-12-18-21,0.467384,0.626666
Meeting_room,local3,4-9-11-14-24,0.521260,0.679359
Garden,local3,4-6-7-16-18,0.533004,0.694878
Lunch_room,local3,1-3-9-14-22,0.368290,0.518307
Printing_area,local3,9-10-11-14-24,0.680640,0.797480
Porch,local3,1-4-8-21-23,0.620629,0.759283
Pots,local3,3-6-10-11-24,0.622949,0.763993
Lounge,local3,0-3-19-21-23,0.580045,0.733746
Meeting_room,local3,9-10-11-13-23,0.551392,0.706158
Cantina,local3,3-12-21-23-24,0.455310,0.616312
Garden,local3,0-1-4-7-18,0.515208,0.679635
Printing_area,local3,2-7-10-11-14,0.664095,0.796094
Lunch_room,local3,1-7-9-17-22,0.316412,0.454093
Porch,local3,1-6-13-16-21,0.558943,0.695620
Pots,local3,6-10-11-15-19,0.653679,0.788669
Lounge,local3,0-3-7-21-23,0.570589,0.726017
Meeting_room,local3,4-11-13-18-24,0.518661,0.676863
Garden,local3,1-4-6-7-9,0.528234,0.689840
Cantina,local3,10-12-14-22-24,0.489769,0.648089
Printing_area,local3,8-14-19-22-24,0.656858,0.781022
Lunch_room,local3,1-3-6-9-10,0.397530,0.546631
Porch,local3,1-14-16-21-23,0.604389,0.739317
Pots,local3,8-10-11-20-23,0.627199,0.768295
Lounge,local3,1-3-4-6-23,0.559303,0.715991
Meeting_room,restart3,1-2-4-15-23,0.448918,0.612979
Garden,local3,1-4-7-18-20,0.547958,0.707642
Printing_area,local3,2-7-10-14-24,0.659577,0.792799
Cantina,local3,5-10-14-15-24,0.499557,0.652792
Porch,local3,1-4-7-13-21,0.592151,0.733645
Pots,local3,3-10-11-15-19,0.615859,0.756744
Lunch_room,local3,1-3-7-17-20,0.379969,0.529737
Meeting_room,local3,1-2-11-15-23,0.450000,0.615791
Lounge,local3,0-13-19-21-23,0.579466,0.733188
Garden,local3,1-7-11-17-21,0.502344,0.667045
Printing_area,local3,2-4-11-14-24,0.576576,0.726490
Cantina,local3,2-3-12-18-20,0.439751,0.602430
Porch,local3,0-4-7-16-23,0.471800,0.634953
Pots,local3,6-10-15-17-19,0.643720,0.781453
Meeting_room,local3,1-2-7-10-16,0.499026,0.658948
Garden,local3,4-11-13-18-20,0.506267,0.669792
Lounge,local3,0-3-15-19-23,0.578946,0.732923
Lunch_room,local3,1-4-9-11-20,0.385091,0.532388
Printing_area,local3,2-6-7-11-14,0.613760,0.756560
Cantina,local3,1-12-19-22-24,0.419237,0.580305
Porch,local3,1-4-16-17-21,0.596916,0.736564
Meeting_room,local3,2-3-10-22-23,0.538860,0.697337
Pots,local3,6-8-11-15-19,0.635341,0.774132
Garden,local3,1-4-7-9-18,0.519148,0.681094
Lounge,local3,0-3-15-21-23,0.573243,0.728377
Printing_area,local3,10-11-14-18-24,0.636343,0.763208
Porch,local3,4-16-21-22-23,0.443300,0.608644
Cantina,local3,10-17-21-23-24,0.500412,0.659081
Meeting_room,local3,3-10-14-22-23,0.526801,0.685645
Pots,local3,3-6-12-15-19,0.623906,0.766368
Lunch_room,local3,1-3-5-20-22,0.424098,0.576015
Garden,restart3,3-11-14-16-19,0.494167,0.660015
Lounge,local3,1-2-3-23-24,0.576773,0.730444
Printing_area,local3,2-9-10-11-14,0.695102,0.817136
Porch,local3,4-13-14-16-22,0.469972,0.633597
Meeting_room,local3,3-5-10-22-23,0.512189,0.672439
Cantina,local3,3-7-10-12-24,0.462225,0.625862
Pots,local3,10-13-15-19-21,0.625030,0.764815
Garden,local3,3-16-18-19-22,0.486710,0.654422
Printing_area,local3,6-10-11-14-24,0.616805,0.751175
Lounge,local3,3-7-13-18-23,0.544373,0.702685
Lunch_room,local3,1-3-12-16-20,0.356764,0.504354
Meeting_room,local3,2-3-16-22-23,0.519213,0.680257
Porch,local3,1-5-10-20-21,0.618637,0.756625
Pots,local3,6-10-12-15-22,0.617564,0.761388
Cantina,local3,3-6-19-21-24,0.380775,0.546158
Printing_area,local3,10-11-14-16-24,0.667346,0.787726
Garden,local3,3-12-13-19-23,0.444895,0.613554
Lunch_room,local3,0-3-9-20-22,0.352176,0.504951
Lounge,local3,0-3-15-19-21,0.576915,0.731363
Meeting_room,local3,2-3-15-22-23,0.519131,0.680254
Porch,local3,4-15-16-21-23,0.614083,0.755290
Pots,local3,6-10-11-12-19,0.628349,0.768839
Cantina,local3,3-10-15-23-24,0.498920,0.658091
Garden,local3,3-11-12-14-16,0.490874,0.657445
Meeting_room,local3,2-3-5-10-12,0.477219,0.639784
Printing_area,local3,2-11-14-18-24,0.657297,0.789289
Lounge,local3,2-10-16-21-23,0.542573,0.701447
Lunch_room,local3,3-5-8-20-22,0.317427,0.457327
Porch,local3,8-14-15-16-23,0.552373,0.687836
Pots,local3,2-6-10-11-24,0.635369,0.775113
Cantina,local3,2-3-5-10-12,0.420554,0.584719
Meeting_room,local3,2-3-22-23-24,0.522220,0.683394
Garden,local3,0-3-5-16-20,0.495000,0.661968
Printing_area,local3,6-10-14-20-24,0.614307,0.749627
Lounge,local3,0-3-4-21-23,0.563355,0.720302
Porch,local3,4-14-16-21-23,0.608470,0.752106
Pots,local3,6-9-11-15-19,0.610922,0.755494
Cantina,local3,3-8-10-12-15,0.502948,0.656924
Lunch_room,local3,4-5-20-22-23,0.307829,0.444195
Meeting_room,local3,3-8-10-22-23,0.534244,0.691298
Garden,local3,0-1-14-16-20,0.512257,0.676909
Printing_area,local3,7-10-12-14-22,0.613685,0.747316
Lounge,local3,1-15-19-20-21,0.578700,0.732196
Porch,local3,1-4-9-16-23,0.582920,0.719883
Pots,local3,7-10-15-16-24,0.635029,0.773654
Cantina,local3,3-6-14-15-24,0.474306,0.637169
Meeting_room,local3,2-3-10-22-24,0.540865,0.699238
Lunch_room,local3,1-2-5-20-22,0.393906,0.544215
Garden,local3,0-11-14-20-23,0.464206,0.628542
Printing_area,local3,2-5-10-14-24,0.634027,0.772298
Porch,local3,3-4-5-16-22,0.438964,0.598697
Lounge,local3,0-3-11-19-23,0.588014,0.740057
Pots,local3,2-3-15-19-24,0.586251,0.733305
Meeting_room,local3,2-3-13-22-24,0.530953,0.690630
Cantina,local3,0-5-10-15-23,0.456031,0.617116
Garden,local3,0-9-10-20-23,0.436562,0.598874
Lunch_room,local3,6-15-16-20-22,0.369785,0.513684
Printing_area,local3,2-10-11-15-24,0.659416,0.791018
Porch,local3,1-2-4-9-16,0.555243,0.695784
Meeting_room,local3,2-3-19-22-24,0.507560,0.670940
Lounge,local3,0-3-11-22-23,0.546165,0.702863
Pots,local3,6-10-11-13-19,0.646085,0.782900
Cantina,local3,3-10-12-21-24,0.469086,0.631328
Garden,local3,0-1-9-14-16,0.490152,0.655972
Printing_area,local3,2-3-10-14-24,0.646741,0.783739
Lunch_room,local3,1-3-4-20-22,0.412700,0.564010
Porch,local3,4-12-19-21-22,0.537203,0.694355
Meeting_room,local3,2-10-11-22-24,0.548489,0.706173
Lounge,local3,3-5-19-20-23,0.548624,0.706771
Pots,local3,6-8-10-11-19,0.622816,0.764169
Printing_area,local3,6-8-11-14-24,0.632430,0.763806
Garden,local3,0-1-14-16-19,0.519067,0.683022
Porch,local3,1-4-10-16-23,0.581261,0.718116
Cantina,local3,2-15-17-22-24,0.446004,0.606971
Lunch_room,local3,1-3-5-15-20,0.417530,0.569791
Meeting_room,local3,2-5-11-22-24,0.470140,0.636626
Lounge,local3,3-7-16-19-23,0.526338,0.686700
Pots,local3,5-10-15-20-22,0.615598,0.759196
Printing_area,local3,1-2-17-20-24,0.496351,0.647050
Garden,local3,14-19-21-22-24,0.477592,0.644991
Porch,local3,4-5-10-11-23,0.611873,0.755612
Meeting_room,local3,1-2-4-10-11,0.483573,0.644538
Cantina,local3,3-10-15-16-19,0.472932,0.633265
Lounge,local3,2-3-11-19-23,0.556317,0.713642
Lunch_room,local3,5-6-9-19-20,0.328848,0.465852
Pots,local3,9-11-15-17-19,0.626956,0.767286
Printing_area,local3,0-9-10-11-16,0.593691,0.734245
Garden,local3,0-1-14-18-19,0.510377,0.675171
Meeting_room,local3,2-10-15-22-24,0.537903,0.697202
Porch,local3,5-16-21-22-23,0.407899,0.569340
Cantina,local3,3-10-12-17-24,0.500702,0.659784
Lounge,local3,11-13-19-23-24,0.568533,0.723484
Pots,local3,10-11-15-19-23,0.645791,0.781913
Printing_area,local3,2-10-11-23-24,0.626060,0.766130
Lunch_room,local3,1-5-6-22-24,0.406435,0.550256
Garden,local3,1-8-13-14-18,0.487426,0.650568
Meeting_room,local3,2-10-11-13-22,0.543933,0.702085
Porch,local3,1-4-15-21-23,0.625873,0.762666
Cantina,local3,3-10-12-13-24,0.481763,0.641953
Lounge,local3,5-17-19-21-23,0.543697,0.702736
Pots,local3,1-5-6-15-19,0.620537,0.763121
Printing_area,local3,2-5-10-11-24,0.629322,0.768566
Meeting_room,local3,2-6-10-11-24,0.532886,0.692923
Garden,local3,0-3-11-14-19,0.486564,0.653443
Lunch_room,local3,3-5-14-20-22,0.331321,0.474329
Porch,local3,4-16-17-21-23,0.486972,0.650984
Cantina,local3,10-12-14-15-24,0.509440,0.661927
Lounge,local3,8-11-18-19-23,0.555068,0.712297
Pots,local3,6-10-17-18-19,0.630359,0.771395
Printing_area,local3,1-10-11-19-24,0.624732,0.759780
Meeting_room,local3,5-7-8-11-22,0.510512,0.669292
Garden,local3,3-5-14-19-23,0.420771,0.585178
Porch,restart3,3-7-13-14-16,0.436408,0.598370
Cantina,local3,5-10-17-18-24,0.487500,0.642669
Lounge,local3,0-3-16-18-23,0.559526,0.715848
Pots,local3,10-11-14-15-19,0.654305,0.787690
Printing_area,local3,0-2-4-11-19,0.500259,0.651948
Lunch_room,local3,5-7-9-19-22,0.289246,0.422357
Meeting_room,local3,10-11-14-21-24,0.547516,0.703279
Garden,local3,0-7-18-19-23,0.468599,0.632042
Porch,local3,3-13-14-16-19,0.485047,0.646186
Cantina,local3,6-10-12-14-15,0.444033,0.596008
Lounge,local3,3-7-11-19-23,0.551943,0.709565
Pots,local3,10-11-14-16-19,0.647979,0.783721
Meeting_room,local3,4-10-11-22-24,0.544870,0.700263
Printing_area,local3,1-2-10-11-14,0.588863,0.736916
Garden,local3,0-1-3-16-17,0.492073,0.658826
Porch,local3,3-12-13-14-16,0.543247,0.692206
Cantina,local3,10-11-12-14-24,0.449412,0.608144
Lunch_room,local3,1-3-5-17-20,0.404689,0.556461
Lounge,local3,0-1-3-19-23,0.589625,0.741275
Pots,local3,11-12-14-15-19,0.646061,0.783035
Meeting_room,local3,9-11-20-22-24,0.545291,0.701093
Printing_area,local3,2-10-12-14-24,0.684023,0.810399
Garden,local3,1-4-5-14-16,0.546878,0.706830
Porch,local3,3-7-12-14-16,0.525414,0.679477
Cantina,local3,5-10-12-20-24,0.500310,0.654072
Lounge,local3,0-1-19-20-23,0.583580,0.736445
Lunch_room,local3,1-5-7-18-22,0.394231,0.541133
Meeting_room,local3,2-10-11-21-24,0.549982,0.707398
Pots,local3,9-10-12-15-19,0.630081,0.770319
Printing_area,restart3,2-6-11-17-19,0.593222,0.740750
Garden,local3,1-4-5-16-20,0.545713,0.705770
Porch,local3,1-3-10-12-19,0.566800,0.709218
Cantina,local3,1-12-14-15-24,0.514135,0.668353
Lounge,local3,3-4-9-13-19,0.518125,0.681108
Lunch_room,local3,3-5-9-20-22,0.319855,0.457461
Meeting_room,local3,2-7-10-11-13,0.542022,0.699506
Pots,local3,10-11-14-15-16,0.654410,0.787697
Printing_area,local3,2-6-11-16-19,0.620897,0.762528
Garden,local3,4-5-9-14-16,0.469587,0.637179
Porch,local3,1-3-10-12-21,0.564272,0.706137
Cantina,local3,1-11-12-14-15,0.474419,0.629686
Lounge,local3,2-3-15-19-23,0.556462,0.713616
Meeting_room,local3,2-10-11-13-21,0.548985,0.706407
Lunch_room,local3,1-3-5-20-23,0.416520,0.568786
Pots,local3,10-11-14-15-21,0.656536,0.788692
Printing_area,local3,0-6-11-14-16,0.606073,0.744096
Garden,local3,1-4-9-16-18,0.517746,0.680194
Porch,local3,1-3-11-12-19,0.575065,0.716745
Cantina,local3,1-12-14-15-20,0.512286,0.666423
Lounge,local3,1-3-8-12-20,0.568300,0.723448
Meeting_room,local3,5-10-11-21-24,0.516539,0.675470
Printing_area,local3,4-11-16-19-20,0.595910,0.736762
Pots,local3,6-11-14-15-24,0.642404,0.780825
Lunch_room,local3,1-3-5-14-22,0.421812,0.573538
Garden,local3,4-5-14-16-24,0.494559,0.661373
Porch,local3,11-14-19-20-23,0.587785,0.725257
Cantina,local3,2-3-5-14-24,0.389374,0.552921
Lounge,local3,0-3-6-19-23,0.585486,0.738056
Meeting_room,local3,1-2-11-12-18,0.425179,0.588531
Printing_area,local3,9-11-12-16-19,0.647445,0.773755
Pots,local3,11-12-14-15-21,0.641839,0.780320
Garden,local3,1-6-7-14-20,0.534661,0.696140
Porch,local3,9-11-19-20-23,0.595372,0.730628
Lunch_room,local3,1-3-11-22-24,0.348585,0.494580
Cantina,local3,1-8-12-18-24,0.460866,0.618737
Lounge,local3,1-3-17-19-23,0.565189,0.720695
Meeting_room,local3,2-11-14-21-24,0.509432,0.672909
Printing_area,local3,9-11-16-19-21,0.626867,0.757120
Pots,local3,9-10-11-15-21,0.637914,0.775205
Garden,local3,0-1-4-5-16,0.510266,0.675345
Porch,local3,5-10-12-20-23,0.627719,0.765456
Cantina,local3,4-12-14-15-20,0.470772,0.620333
Lunch_room,local3,1-5-7-20-22,0.411104,0.558881
Meeting_room,local3,2-4-7-11-15,0.522857,0.681206
Lounge,local3,8-15-19-23-24,0.538177,0.698421
Printing_area,local3,4-10-12-17-19,0.553271,0.701964
Pots,local3,3-11-16-19-21,0.630665,0.770237
Garden,local3,3-4-5-15-16,0.465027,0.634337
Porch,local3,5-8-15-17-23,0.618410,0.754729
Cantina,local3,1-5-13-14-17,0.448715,0.612603
Meeting_room,local3,4-10-17-21-22,0.537023,0.692505
Lounge,local3,1-3-8-19-23,0.563418,0.719305
Lunch_room,local3,1-5-10-20-22,0.388586,0.535453
Printing_area,local3,1-9-11-16-19,0.572732,0.718522
Pots,local3,4-10-11-15-21,0.629696,0.767714
Garden,local3,1-5-12-14-23,0.517488,0.679795
Porch,local3,3-5-10-20-23,0.538772,0.695578
Meeting_room,local3,1-2-10-11-24,0.479245,0.643154
Cantina,local3,2-3-12-14-15,0.473006,0.634743
Lounge,local3,0-3-11-16-23,0.560093,0.715918
Lunch_room,local3,5-6-20-22-23,0.332716,0.472483
Printing_area,local3,3-9-11-12-18,0.550493,0.699318
Pots,local3,3-10-11-15-21,0.618031,0.757753
Garden,local3,1-4-5-12-16,0.545536,0.705473
Porch,local3,5-13-15-23-24,0.495277,0.656670
Zen,recheck3,2-12-15-16-23,0.572608,0.725115
Cantina,local3,1-12-14-20-24,0.510529,0.665385
Lounge,local3,1-3-5-19-23,0.563423,0.719174
Printing_area,local3,5-6-11-12-16,0.605572,0.744299
Lunch_room,local3,1-3-5-11-15,0.410021,0.562363
Pots,local3,2-10-14-21-24,0.594684,0.739596
Porch,local3,5-10-12-19-20,0.616556,0.756190
Garden,local3,1-4-5-12-23,0.519191,0.680680
Zen,local3,2-9-12-16-23,0.561779,0.715605
Cantina,local3,1-12-14-15-21,0.507266,0.662801
Lounge,local3,0-3-11-19-21,0.586043,0.738560
Printing_area,local3,9-11-12-19-22,0.637009,0.766010
Pots,restart3,0-7-8-10-24,0.610605,0.754979
Lunch_room,local3,1-3-5-14-20,0.420722,0.572399
Porch,local3,3-5-6-10-12,0.586150,0.731631
Garden,local3,1-4-5-7-14,0.545889,0.705950
Zen,local3,2-12-13-16-23,0.457531,0.596871
Cantina,local3,10-12-14-16-21,0.471445,0.630678
Lounge,local3,0-1-3-23-24,0.595262,0.745677
Printing_area,local3,11-12-16-19-23,0.645819,0.773484
Pots,local3,6-7-8-10-24,0.596643,0.744075
Garden,local3,1-14-19-20-23,0.485390,0.645051
Porch,local3,5-12-20-22-23,0.446320,0.602391
Lunch_room,local3,3-7-18-21-22,0.303165,0.444116
Zen,local3,0-2-12-15-16,0.556789,0.711234
Cantina,local3,1-12-14-15-19,0.493825,0.650549
Lounge,local3,0-1-19-23-24,0.596513,0.746652
Printing_area,local3,6-9-10-12-16,0.595216,0.734800
Pots,local3,0-2-7-10-24,0.591969,0.739242
Porch,local3,2-5-12-20-23,0.589406,0.735571
Garden,local3,1-5-13-14-16,0.512922,0.675091
Zen,local3,2-4-8-15-16,0.441218,0.583229
Lunch_room,local3,1-3-19-20-22,0.405302,0.558055
Cantina,local3,0-12-14-15-24,0.509911,0.665076
Printing_area,local3,11-15-16-18-19,0.617619,0.751598
Lounge,local3,0-4-19-23-24,0.576584,0.730935
Pots,local3,0-8-10-17-24,0.607159,0.752130
Porch,local3,5-8-10-12-20,0.601009,0.739471
Garden,local3,4-12-16-19-21,0.526483,0.689200
Zen,local3,2-15-16-17-23,0.540984,0.696955
Cantina,restart3,3-5-9-20-23,0.498986,0.657968
Lunch_room,local3,1-5-20-21-22,0.414671,0.561640
Printing_area,local3,2-9-11-12-16,0.664109,0.794672
Lounge,local3,0-1-10-19-23,0.560127,0.717327
Pots,local3,0-3-8-10-24,0.582805,0.731087
Porch,local3,10-12-18-20-23,0.586264,0.720817
Garden,local3,1-4-5-16-17,0.542533,0.703143
Zen,local3,2-12-15-22-23,0.564887,0.718928
Cantina,local3,5-9-14-20-23,0.487094,0.637388
Lunch_room,local3,3-5-20-22-23,0.316069,0.457295
Printing_area,local3,2-9-12-16-21,0.625971,0.766587
Lounge,local3,1-14-19-23-24,0.565859,0.721526
Pots,local3,5-8-10-13-17,0.603771,0.750444
Porch,local3,5-8-15-20-23,0.632583,0.769865
Garden,local3,5-7-9-14-16,0.500129,0.664102
Zen,local3,2-12-15-16-24,0.563701,0.717681
Cantina,local3,3-5-9-18-23,0.480301,0.640569
Printing_area,local3,2-5-9-12-16,0.610990,0.754537
Lounge,local3,0-1-18-19-23,0.586786,0.738848
Lunch_room,local3,1-12-18-20-22,0.337437,0.481565
Porch,local3,0-5-6-8-19,0.504001,0.665626
Pots,local3,0-3-7-10-15,0.599343,0.744960
Garden,local3,2-5-14-16-24,0.528418,0.691077
Zen,local3,0-2-15-17-23,0.528897,0.685329
Cantina,local3,3-5-9-19-20,0.488069,0.648725
Printing_area,local3,5-9-11-12-16,0.611323,0.746164
Lounge,local3,0-1-13-23-24,0.501361,0.648310
Lunch_room,local3,3-6-7-20-22,0.279893,0.409058
Porch,local3,5-12-16-17-20,0.556594,0.708136
Garden,local3,1-4-11-22-24,0.498390,0.663051
Pots,local3,0-8-10-22-24,0.600595,0.746687
Printing_area,local3,1-2-3-5-11,0.523167,0.670703
Zen,local3,12-15-16-18-23,0.546254,0.700937
Cantina,local3,3-8-18-20-23,0.459393,0.621823
Lounge,local3,0-1-12-19-23,0.582953,0.735684
Porch,local3,0-9-11-15-23,0.500669,0.645983
Lunch_room,local3,1-5-20-22-23,0.405229,0.552152
Garden,local3,1-4-5-13-14,0.497322,0.660253
Pots,local3,0-8-10-16-24,0.609185,0.754350
Printing_area,local3,2-9-12-16-23,0.637181,0.774829
Zen,local3,2-5-12-13-15,0.467749,0.609719
Cantina,local3,5-7-20-23-24,0.494238,0.656120
Porch,local3,5-8-20-22-23,0.557585,0.707871
Lounge,local3,5-9-17-19-24,0.518703,0.680955
Lunch_room,local3,1-5-12-20-22,0.376676,0.523414
Garden,local3,2-13-14-16-22,0.479148,0.643813
Pots,local3,0-7-8-10-20,0.601562,0.748180
Printing_area,local3,7-8-9-11-12,0.652576,0.777437
Zen,local3,10-15-16-17-19,0.528209,0.686768
Cantina,local3,3-4-5-20-23,0.468590,0.631983
Porch,local3,5-15-18-20-23,0.630429,0.769209
Lounge,restart3,3-5-11-19-22,0.555477,0.712506
Lunch_room,local3,3-5-7-12-19,0.266231,0.396416
Garden,local3,4-5-7-11-14,0.494867,0.661075
Pots,local3,0-7-16-17-24,0.617981,0.761014
Printing_area,local3,1-2-9-12-24,0.519857,0.668697
Zen,local3,2-12-13-15-24,0.441292,0.585403
Cantina,local3,3-5-9-15-20,0.501627,0.661039
Porch,local3,5-8-10-20-23,0.619173,0.757732
Lounge,local3,3-5-19-20-24,0.544634,0.703130
Garden,local3,4-7-11-16-24,0.507259,0.672116
Pots,local3,0-7-17-18-21,0.619786,0.761913
Lunch_room,local3,1-5-16-17-24,0.385505,0.533941
Printing_area,local3,2-9-12-16-17,0.615665,0.758644
Zen,local3,2-5-12-15-16,0.546856,0.701889
Cantina,local3,3-9-10-14-20,0.545937,0.697453
Porch,local3,5-7-8-15-23,0.532531,0.687052
Lounge,local3,0-3-10-19-22,0.575390,0.729221
Garden,local3,4-11-16-19-21,0.514162,0.677717
Pots,local3,0-1-7-17-21,0.613487,0.756710
Printing_area,local3,11-16-18-20-23,0.622928,0.756046
Lunch_room,local3,1-3-5-7-20,0.414707,0.565817
Zen,local3,7-11-16-17-23,0.461432,0.623990
Porch,local3,5-6-8-13-15,0.521889,0.677781
Cantina,local3,3-5-10-14-16,0.471954,0.635818
Lounge,local3,0-3-10-22-23,0.544952,0.701847
Garden,local3,1-12-14-16-22,0.529091,0.691247
Pots,local3,7-10-18-20-21,0.624127,0.765040
Printing_area,local3,2-8-12-18-23,0.636723,0.775037
Zen,local3,1-2-12-15-23,0.542921,0.697000
Lunch_room,local3,1-5-16-20-22,0.398162,0.547307
Cantina,local3,3-4-19-20-23,0.457231,0.621827
Lounge,local3,3-4-9-10-22,0.529420,0.691671
Garden,local3,1-5-14-16-20,0.542557,0.703172
Pots,local3,10-16-18-20-21,0.613319,0.756795
Printing_area,local3,1-2-12-18-24,0.548175,0.698388
Zen,local3,1-2-12-15-16,0.553276,0.706946
Lunch_room,local3,1-5-13-20-22,0.406738,0.555898
Cantina,local3,3-10-14-20-21,0.511484,0.667803
Garden,local3,4-5-10-14-16,0.499379,0.665598
Pots,local3,7-18-20-22-23,0.616549,0.759625
Lounge,local3,0-10-18-19-22,0.592776,0.743863
Printing_area,local3,2-9-13-16-21,0.620605,0.761585
Zen,local3,1-2-9-14-23,0.490843,0.649436
Lunch_room,local3,3-5-8-11-13,0.310276,0.448495
Garden,local3,1-5-14-16-22,0.532576,0.694492
Cantina,local3,7-9-14-20-23,0.484693,0.634469
Printing_area,local3,0-2-3-16-21,0.507497,0.657511
Pots,local3,7-10-15-16-21,0.636004,0.774539
Lounge,local3,7-14-18-19-22,0.537591,0.697654
Zen,local3,12-15-16-20-23,0.554665,0.709956
Lunch_room,local3,0-1-5-20-22,0.391511,0.540972
Garden,local3,4-12-14-15-16,0.517154,0.681303
Cantina,local3,4-9-10-16-19,0.497108,0.652564
Printing_area,local3,2-6-9-11-12,0.607835,0.751358
Pots,local3,7-10-15-19-23,0.623168,0.764650
Lounge,local3,0-13-14-18-20,0.582441,0.735657
Zen,local3,2-6-15-16-23,0.444543,0.610478
Garden,local3,1-2-4-23-24,0.469426,0.627977
Cantina,local3,3-9-10-11-20,0.519753,0.672866
Printing_area,local3,2-10-11-12-16,0.688290,0.813238
Lunch_room,local3,1-5-14-20-22,0.409888,0.557679
Lounge,local3,10-12-18-19-22,0.574893,0.729459
Pots,local3,7-10-13-16-21,0.630794,0.770564
Zen,local3,12-13-15-16-23,0.471711,0.612552
Garden,local3,1-5-8-11-14,0.531031,0.692389
Cantina,local3,3-8-10-14-20,0.505994,0.661537
Printing_area,local3,2-5-8-10-11,0.635231,0.773581
Lunch_room,local3,1-3-13-20-22,0.421017,0.574405
Lounge,local3,0-10-18-19-20,0.599415,0.749216
Zen,local3,2-11-15-16-23,0.579273,0.730275
Garden,local3,1-3-5-14-16,0.530725,0.693203
Cantina,local3,5-6-9-14-20,0.456039,0.605208
Printing_area,local3,10-11-12-16-20,0.649373,0.776054
Lounge,local3,7-10-14-17-19,0.549348,0.708372
Zen,local3,2-9-11-15-16,0.548606,0.703811
Lunch_room,local3,1-3-9-13-14,0.388900,0.540034
Garden,local3,1-5-14-16-17,0.539158,0.700328
Cantina,local3,3-9-13-14-20,0.534012,0.688326
Printing_area,local3,2-10-12-14-16,0.674007,0.803217
Lounge,local3,0-10-18-23-24,0.595707,0.746259
Zen,local3,2-10-11-15-16,0.555356,0.708276
Lunch_room,local3,3-5-6-20-22,0.317363,0.456659
Cantina,local3,1-4-9-14-21,0.470948,0.630852
Printing_area,local3,2-3-11-12-16,0.619488,0.762558
Lounge,local3,0-9-10-19-23,0.570462,0.726023
Zen,local3,8-9-15-21-23,0.500817,0.659101
Lunch_room,local3,3-9-11-20-23,0.270984,0.403324
Cantina,local3,1-2-14-20-22,0.468704,0.629096
Printing_area,local3,0-2-10-11-12,0.599869,0.747105
Lounge,local3,6-7-18-19-20,0.551035,0.708887
Zen,local3,2-15-16-18-23,0.561341,0.714470
Printing_area,local3,0-2-6-12-17,0.519939,0.675571
Cantina,local3,9-10-14-18-20,0.480214,0.629459
Lunch_room,local3,3-11-14-21-22,0.294766,0.433807
Zen,local3,10-11-15-16-23,0.564156,0.717805
Printing_area,local3,2-10-11-16-24,0.675198,0.803205
Lunch_room,local3,1-3-20-21-24,0.423922,0.575532
Zen,local3,2-9-12-15-23,0.537093,0.692833
Printing_area,local3,2-8-10-11-16,0.684137,0.810012
Lunch_room,local3,3-10-15-22-24,0.263400,0.397543
Zen,local3,1-2-11-16-23,0.564560,0.717494
Printing_area,local3,0-2-10-12-24,0.597683,0.745282
Printing_area,local3,2-9-10-11-12,0.687526,0.811769
Zen,local3,2-15-16-21-23,0.553347,0.708129
Lunch_room,local3,1-3-11-20-22,0.388177,0.540552
Printing_area,local3,1-2-10-12-16,0.594453,0.741719
Zen,local3,11-15-16-19-22,0.534941,0.694889
Lunch_room,local3,3-6-8-20-22,0.288456,0.419005
Printing_area,local3,2-3-10-12-16,0.601369,0.748090
Zen,local3,2-10-15-16-23,0.571530,0.724158
Lunch_room,local3,1-3-5-19-22,0.411376,0.564121
Printing_area,local3,2-11-12-13-17,0.660292,0.792908
Zen,local3,2-4-11-15-16,0.443436,0.584400
Lunch_room,local3,1-2-5-8-22,0.385331,0.533368
Printing_area,local3,2-7-11-12-16,0.660238,0.792923
Zen,local3,11-14-15-16-23,0.544453,0.700091
Printing_area,local3,2-3-10-11-19,0.630452,0.771592
Lunch_room,restart3,8-11-12-16-23,0.259851,0.394087
Zen,local3,11-15-16-19-23,0.563057,0.718402
Printing_area,local3,0-2-12-15-16,0.574774,0.726338
Lunch_room,local3,8-9-10-11-12,0.217432,0.333746
Zen,local3,7-11-15-16-23,0.487494,0.650649
Printing_area,local3,5-11-13-16-24,0.627523,0.759545
Zen,local3,7-9-15-16-23,0.476928,0.639543
Lunch_room,local3,8-11-12-16-22,0.257168,0.388537
Printing_area,local3,2-11-12-13-16,0.670924,0.800818
Zen,local3,2-10-11-16-20,0.558375,0.711046
Printing_area,local3,1-6-11-15-16,0.601874,0.743757
Lunch_room,local3,8-9-11-12-16,0.228364,0.350058
Zen,local3,2-8-11-14-17,0.501974,0.663817
Printing_area,local3,10-11-12-14-16,0.661104,0.783467
Lunch_room,local3,1-8-11-12-16,0.321942,0.463904
Zen,local3,2-11-15-18-23,0.581418,0.731894
Printing_area,restart3,1-6-21-22-23,0.581081,0.728673
Lunch_room,local3,8-9-11-17-21,0.266191,0.392521
Printing_area,local3,5-15-19-21-23,0.584880,0.726518
Zen,local3,4-9-11-15-18,0.352277,0.493279
Lunch_room,local3,8-11-12-16-18,0.286331,0.427798
Printing_area,local3,1-5-15-18-21,0.565744,0.714661
Zen,local3,1-11-12-18-23,0.574833,0.726578
Printing_area,local3,0-5-20-22-23,0.610578,0.746456
Lunch_room,local3,2-8-12-13-21,0.331577,0.477420
Zen,local3,9-11-12-15-18,0.526864,0.686343
Printing_area,local3,5-13-20-22-23,0.637582,0.766133
Lunch_room,local3,1-2-8-12-13,0.342510,0.486628
Zen,local3,2-11-12-15-18,0.568963,0.719757
Printing_area,local3,5-13-19-20-23,0.640849,0.769237
Zen,local3,2-11-14-15-23,0.524418,0.680892
Lunch_room,local3,1-8-12-13-16,0.339251,0.482810
Printing_area,local3,5-11-13-20-23,0.630180,0.760838
Zen,local3,0-15-18-22-23,0.529335,0.685029
Lunch_room,local3,0-5-12-13-23,0.319573,0.467830
Printing_area,local3,5-11-13-15-20,0.619061,0.752315
Zen,local3,2-6-15-17-24,0.410094,0.577820
Printing_area,local3,13-19-20-23-24,0.646342,0.772572
Lunch_room,local3,1-2-4-12-13,0.329077,0.473954
Zen,local3,11-15-18-19-20,0.556954,0.713630
Printing_area,local3,1-9-18-19-20,0.469495,0.620440
Lunch_room,local3,1-8-13-16-20,0.387989,0.536290
Zen,local3,2-15-18-22-23,0.562490,0.716443
Printing_area,local3,10-12-13-17-23,0.616809,0.750079
Lunch_room,local3,1-8-16-20-22,0.410803,0.560762
Printing_area,local3,6-19-20-23-24,0.582970,0.725949
Zen,local3,1-11-15-18-23,0.559660,0.714435
Lunch_room,local3,1-4-10-17-20,0.356739,0.505232
Printing_area,local3,1-4-13-21-24,0.533179,0.682452
Zen,local3,2-14-15-18-23,0.533294,0.689348
Printing_area,local3,0-8-20-23-24,0.535855,0.687536
Lunch_room,local3,1-8-9-15-23,0.368523,0.512620
Zen,local3,1-3-4-11-18,0.343747,0.475216
Printing_area,local3,13-15-19-23-24,0.604967,0.740077
Zen,local3,2-7-8-21-23,0.491719,0.651939
Lunch_room,local3,0-1-5-8-20,0.392452,0.541873
Printing_area,local3,7-14-19-23-24,0.606952,0.743279
Zen,local3,2-5-15-18-23,0.543459,0.697190
Lunch_room,local3,1-8-12-16-20,0.362564,0.508162
Printing_area,local3,13-14-19-20-23,0.645132,0.772109
Zen,local3,2-9-11-18-23,0.562655,0.716231
Printing_area,local3,9-13-19-20-23,0.646032,0.772579
Lunch_room,local3,1-2-7-8-20,0.371522,0.517647
Zen,local3,0-2-3-11-20,0.481744,0.636759
Printing_area,local3,1-13-19-20-23,0.660512,0.787530
Lunch_room,local3,0-16-19-20-22,0.351854,0.504855
Zen,local3,11-15-21-23-24,0.557676,0.713503
Printing_area,local3,1-12-14-20-23,0.671608,0.796265
Lunch_room,local3,4-7-8-16-22,0.229338,0.354616
Zen,local3,10-11-12-15-19,0.528917,0.685106
Printing_area,local3,1-7-17-21-23,0.526008,0.678303
Lunch_room,local3,1-3-8-9-22,0.359435,0.508826
Zen,local3,3-7-11-18-23,0.419789,0.579119
Printing_area,local3,1-12-17-20-23,0.648587,0.780936
Printing_area,local3,1-11-12-14-20,0.656286,0.784197
Zen,local3,10-18-19-20-23,0.550677,0.707017
Lunch_room,local3,8-13-16-20-22,0.324483,0.480135
Printing_area,local3,12-14-20-21-23,0.630627,0.761192
Zen,local3,2-6-11-15-18,0.453720,0.619452
Lunch_room,local3,1-16-17-20-22,0.370625,0.516604
Printing_area,local3,5-12-14-20-23,0.629524,0.760280
Zen,local3,2-3-9-11-23,0.445335,0.599542
Lunch_room,local3,1-9-16-20-22,0.374711,0.520384
Printing_area,local3,1-2-14-20-23,0.617778,0.760308
Zen,local3,2-11-14-17-23,0.532297,0.689855
Lunch_room,local3,1-2-8-9-22,0.351391,0.497966
Printing_area,local3,0-1-19-20-23,0.451630,0.603059
Zen,local3,2-11-15-18-22,0.584983,0.735880
Printing_area,local3,1-14-17-20-23,0.651228,0.780672
Lunch_room,local3,1-2-16-20-22,0.370589,0.518423
Zen,local3,2-5-15-18-22,0.544125,0.697318
Printing_area,local3,0-1-14-20-23,0.574301,0.720117
Lunch_room,local3,6-7-8-13-20,0.259521,0.382816
Zen,local3,2-4-11-18-22,0.373963,0.507999
Printing_area,local3,1-12-20-23-24,0.657003,0.786453
Zen,local3,2-12-13-15-18,0.467333,0.608919
Lunch_room,local3,1-3-4-9-22,0.372470,0.523335
Printing_area,local3,3-11-14-15-20,0.623706,0.757710
Zen,local3,2-11-12-15-22,0.564394,0.716303
Printing_area,local3,1-4-16-20-23,0.546586,0.696802
Lunch_room,local3,1-4-6-14-16,0.378928,0.524652
Zen,local3,2-3-6-21-22,0.418549,0.578276
Printing_area,local3,1-2-3-14-16,0.535764,0.680835
Lunch_room,local3,5-8-11-14-22,0.319324,0.459933
Printing_area,local3,9-12-14-20-23,0.642237,0.770013
Zen,local3,2-17-18-21-24,0.492948,0.649919
Lunch_room,local3,14-17-20-22-24,0.308690,0.440312
Printing_area,local3,1-5-12-20-23,0.627663,0.764305
Zen,local3,2-15-17-18-22,0.534334,0.690279
Lunch_room,local3,1-8-9-16-20,0.386044,0.532308
Printing_area,local3,7-14-17-23-24,0.607620,0.743838
Zen,local3,2-6-16-18-22,0.437412,0.600268
Printing_area,local3,4-11-12-14-23,0.594377,0.734753
Lunch_room,local3,2-8-15-19-20,0.382785,0.533842
Zen,local3,2-11-18-22-23,0.579724,0.731840
Printing_area,local3,1-14-20-21-23,0.636338,0.769074
Lunch_room,local3,8-16-20-21-22,0.346543,0.496520
Zen,local3,13-17-18-21-22,0.444406,0.585872
Printing_area,local3,1-9-12-14-20,0.629267,0.764360
Zen,local3,2-11-15-17-18,0.554771,0.710007
Printing_area,local3,1-14-20-22-23,0.650115,0.779456
Zen,local3,2-6-15-16-24,0.426297,0.592835
Printing_area,local3,1-14-19-20-23,0.648547,0.778558
Zen,local3,10-13-15-18-22,0.461245,0.605239
Printing_area,local3,1-5-12-16-20,0.633638,0.768783
Zen,local3,10-11-15-18-22,0.561104,0.716635
Printing_area,local3,1-11-14-20-23,0.648030,0.778262
Zen,local3,2-15-17-22-24,0.517142,0.676831
Printing_area,local3,1-4-14-20-23,0.569384,0.716574
Printing_area,local3,1-12-13-14-20,0.662564,0.789523
Zen,local3,4-11-15-18-22,0.393579,0.538359
Printing_area,local3,12-14-19-20-24,0.651880,0.777736
Zen,local3,2-12-13-16-22,0.461735,0.601201
Printing_area,local3,14-16-18-20-23,0.624179,0.756746
Zen,local3,2-8-18-22-24,0.516021,0.673242
Printing_area,local3,1-6-11-12-20,0.640406,0.773389
Zen,local3,2-10-15-18-22,0.574956,0.728011
Printing_area,local3,0-1-12-14-22,0.585311,0.727518
Zen,local3,2-11-15-19-22,0.565540,0.719980
Printing_area,local3,8-12-14-20-23,0.663614,0.786911
Zen,local3,2-6-7-17-18,0.405233,0.570622
Printing_area,restart3,2-5-6-15-21,0.590554,0.739219
Zen,local3,11-15-18-19-22,0.531817,0.692146
Printing_area,local3,4-5-6-15-21,0.533687,0.686460
Zen,local3,2-4-5-15-20,0.446389,0.586827
Printing_area,local3,0-2-18-19-21,0.469673,0.622564
Zen,local3,1-2-15-18-22,0.558515,0.712922
Printing_area,local3,2-6-13-15-21,0.617052,0.759663
Zen,local3,2-10-16-18-19,0.559570,0.714199
Printing_area,local3,2-6-9-15-21,0.578152,0.727809
Zen,local3,0-2-10-15-18,0.549492,0.705829
Printing_area,local3,2-6-9-15-24,0.586047,0.734010
Printing_area,local3,6-8-15-19-21,0.600223,0.739154
Zen,local3,1-11-18-22-23,0.565622,0.720459
Printing_area,local3,2-4-5-13-17,0.544995,0.697683
Zen,local3,2-8-11-15-22,0.538671,0.697722
Printing_area,local3,2-11-13-15-21,0.637999,0.775539
Zen,local3,2-11-15-16-22,0.582093,0.733548
Printing_area,local3,2-3-11-15-21,0.591766,0.740323
Zen,local3,9-10-11-15-18,0.474274,0.635781
Printing_area,local3,2-11-14-15-21,0.661888,0.793518
Zen,local3,2-7-11-15-18,0.536450,0.695704
Printing_area,local3,3-11-16-17-21,0.592519,0.734570
Zen,local3,2-8-14-15-22,0.503870,0.663780
Printing_area,local3,2-4-11-15-21,0.559598,0.712560
Zen,local3,2-3-5-15-22,0.507067,0.660259
Printing_area,local3,2-11-15-18-21,0.617127,0.759362
Zen,local3,5-7-11-18-22,0.516592,0.668368
Printing_area,local3,2-6-11-14-15,0.622260,0.763059
Zen,local3,2-3-11-15-18,0.499660,0.653115
Zen,local3,9-11-15-18-22,0.505546,0.667368
Zen,local3,2-6-11-15-22,0.452525,0.617248
Zen,local3,11-15-18-22-24,0.537771,0.697508
Zen,local3,3-11-20-22-23,0.428789,0.585325
Zen,local3,1-2-10-14-22,0.506360,0.664710
Zen,local3,7-9-13-15-18,0.393911,0.542778
Zen,local3,0-2-11-15-18,0.554713,0.710587
Zen,local3,11-12-15-18-22,0.582800,0.734193
Zen,local3,2-3-11-18-19,0.479413,0.632776
Zen,local3,11-15-18-21-22,0.521842,0.683257
Zen,local3,3-9-11-18-19,0.366262,0.522011
Zen,local3,11-15-17-18-22,0.503795,0.666415
Zen,local3,2-15-18-19-24,0.553361,0.708579
Zen,local3,2-3-11-15-22,0.495324,0.649660
Zen,local3,14-15-16-18-22,0.517497,0.672741
Zen,restart3,0-5-18-21-22,0.533340,0.684562
Zen,local3,5-9-12-18-21,0.526511,0.678063
Zen,local3,0-11-18-21-22,0.531804,0.689746
Zen,local3,0-5-21-22-24,0.525356,0.678965
Zen,local3,0-5-6-21-22,0.493303,0.650724
Zen,local3,0-5-16-21-22,0.529733,0.681521
Zen,local3,5-7-18-21-22,0.500438,0.650574
Zen,local3,0-4-5-10-21,0.416085,0.553827
Zen,local3,5-9-15-18-22,0.532735,0.684333
Zen,local3,0-5-9-18-22,0.547359,0.699385
Zen,local3,3-5-8-18-22,0.452946,0.600637
Zen,local3,0-5-11-18-22,0.553989,0.706158
Zen,local3,0-4-5-11-18,0.388014,0.521549
Zen,local3,0-5-6-16-22,0.497613,0.650924
Zen,local3,0-5-11-14-18,0.525714,0.679178
Zen,local3,0-5-11-18-21,0.544037,0.696534
Zen,local3,0-5-11-16-18,0.547951,0.699904
Zen,local3,5-8-18-19-22,0.517445,0.667094
Zen,local3,0-3-5-11-18,0.490160,0.639955
Zen,local3,0-5-11-13-18,0.427871,0.567423
Zen,local3,0-2-11-18-22,0.556389,0.710983
Zen,local3,0-2-11-12-18,0.561777,0.716822
Zen,local3,0-5-11-12-18,0.554856,0.707716
Zen,local3,0-6-11-12-18,0.428953,0.592736
Zen,local3,0-11-12-18-19,0.562340,0.716462
Zen,local3,0-5-12-14-22,0.515298,0.669438
Zen,local3,0-8-11-18-24,0.515737,0.674043
Zen,local3,0-12-14-17-19,0.533123,0.687972
Zen,local3,0-11-12-14-19,0.529715,0.686656
Zen,local3,0-12-18-19-20,0.554656,0.707887
Zen,local3,0-3-11-12-18,0.480526,0.633233
Zen,local3,0-11-12-20-22,0.557889,0.713881
Zen,local3,0-11-12-18-24,0.557012,0.711800
Zen,local3,0-11-17-18-19,0.521254,0.678821
Zen,local3,0-12-18-19-21,0.549729,0.702715
Zen,local3,0-11-18-22-23,0.555710,0.710555
Zen,local3,6-7-12-19-20,0.373245,0.536436
Zen,local3,0-9-12-22-24,0.511908,0.670429
Zen,local3,11-12-18-19-24,0.561921,0.717153
Zen,local3,0-4-12-18-19,0.384998,0.519641
Zen,local3,0-6-10-12-18,0.431204,0.594757
Zen,local3,11-12-14-18-19,0.543510,0.699029
Zen,local3,0-8-12-13-18,0.399434,0.540823
Zen,local3,0-11-12-16-18,0.561939,0.715692
Zen,local3,0-9-11-12-21,0.522430,0.683089
Zen,local3,0-12-13-19-23,0.425791,0.564027
Zen,local3,0-7-9-19-21,0.495941,0.657070
Zen,local3,3-8-11-12-18,0.422665,0.579402
Zen,local3,0-3-4-11-16,0.380515,0.523910
Zen,local3,0-11-12-19-21,0.553835,0.709152
Zen,restart3,9-12-20-21-22,0.544006,0.701483
Zen,local3,9-12-20-21-24,0.524498,0.684019
Zen,local3,9-12-21-22-24,0.512667,0.674345
Zen,local3,10-12-20-21-22,0.540563,0.698903
Zen,local3,3-7-8-20-22,0.407085,0.565438
Zen,local3,9-12-18-20-21,0.551943,0.708449
Zen,local3,1-6-8-18-21,0.409995,0.573852
Zen,local3,4-9-12-18-21,0.353383,0.496655
Zen,local3,12-17-18-20-21,0.506796,0.662952
Zen,local3,1-9-14-18-19,0.508558,0.666747
Zen,local3,9-11-18-20-21,0.542353,0.701193
Zen,local3,9-18-19-20-21,0.537679,0.694080
Zen,local3,9-12-17-18-20,0.527891,0.686194
Zen,local3,9-10-12-20-21,0.512920,0.673038
Zen,local3,3-9-12-20-21,0.428131,0.586625
Zen,local3,0-18-20-21-24,0.536309,0.689126
Zen,local3,0-9-12-14-23,0.523379,0.679929
Zen,local3,9-12-18-20-22,0.557984,0.713448
Zen,local3,7-8-18-20-21,0.451808,0.609848
Zen,local3,10-13-14-20-22,0.430816,0.578944
Zen,local3,8-9-12-18-20,0.500215,0.657904
Zen,local3,4-9-18-20-22,0.279484,0.404906
Zen,local3,4-5-9-12-18,0.376008,0.512489
Zen,local3,4-9-17-18-20,0.357982,0.504449
Zen,local3,6-12-18-20-22,0.390668,0.554504
Zen,local3,3-9-18-20-23,0.391341,0.548579
Zen,local3,12-16-18-20-22,0.538537,0.692391
Zen,local3,0-1-9-14-18,0.512547,0.669631
Zen,local3,3-9-12-16-17,0.442650,0.602517
Zen,local3,9-12-14-16-20,0.526241,0.683874
Zen,local3,6-7-12-20-22,0.377349,0.540965
Zen,local3,5-6-10-12-20,0.430261,0.592207
Zen,local3,1-9-12-16-22,0.546904,0.702610
Zen,local3,3-12-18-20-22,0.460914,0.616265
Zen,local3,5-9-18-20-22,0.536569,0.688112
Zen,local3,9-13-18-20-22,0.358768,0.498840
Zen,local3,12-16-18-22-24,0.533398,0.686745
Zen,local3,8-16-18-20-24,0.489661,0.642658
Zen,local3,8-12-16-18-19,0.498595,0.653188
Zen,local3,5-9-12-14-22,0.516591,0.670661
Zen,local3,1-6-9-18-23,0.421398,0.586952
Zen,local3,0-1-4-12-22,0.388914,0.523501
Zen,local3,9-12-17-18-22,0.518546,0.676732
Zen,local3,9-10-12-18-20,0.544982,0.702248
Zen,local3,9-12-13-17-20,0.445886,0.592427
Zen,local3,8-9-12-20-22,0.506593,0.668188
Zen,local3,3-9-18-23-24,0.315861,0.464397
Zen,local3,7-9-10-12-18,0.463807,0.629672
Zen,local3,6-12-17-18-20,0.387690,0.551581
Zen,local3,2-9-12-20-22,0.535914,0.691863
Zen,restart3,2-11-13-21-24,0.444955,0.590399
Zen,local3,0-11-13-21-24,0.450946,0.596180
Zen,local3,11-12-13-21-24,0.449364,0.594008
Zen,local3,0-13-21-22-24,0.440940,0.582278
Zen,local3,0-5-11-13-24,0.422493,0.562608
Zen,local3,0-8-11-14-22,0.493644,0.653237
Zen,local3,0-10-14-17-24,0.479297,0.643118
Zen,local3,4-11-14-18-22,0.388479,0.534883
Zen,local3,0-5-8-14-22,0.506961,0.660998
Zen,local3,5-14-16-22-23,0.505968,0.655401
Zen,local3,0-5-8-14-15,0.508932,0.663176
Zen,local3,0-5-14-15-19,0.521117,0.674378
Zen,local3,4-5-14-18-23,0.421192,0.561807
Zen,local3,0-4-5-15-19,0.436962,0.573246
Zen,local3,5-9-13-14-17,0.473918,0.617746
Zen,local3,0-3-8-15-19,0.461120,0.615701
Zen,local3,0-5-14-15-23,0.524610,0.678234
Zen,local3,0-4-5-14-15,0.453027,0.596038
Zen,local3,0-2-5-9-15,0.550692,0.705686
Zen,local3,0-2-5-8-9,0.538378,0.694673
Zen,local3,1-2-9-15-16,0.531185,0.687772
Zen,local3,0-2-9-10-15,0.541508,0.699540
Zen,local3,2-9-17-22-24,0.514526,0.675079
Zen,local3,0-2-5-7-15,0.546746,0.700894
Zen,local3,2-5-9-15-19,0.556974,0.711721
Zen,local3,3-9-10-15-22,0.390134,0.548504
Zen,local3,2-5-9-15-20,0.561813,0.716180
Zen,local3,2-9-15-16-21,0.558197,0.713564
Zen,local3,5-6-8-9-22,0.412914,0.572748
Zen,local3,2-5-11-15-20,0.571867,0.724825
Zen,local3,2-5-15-18-20,0.542058,0.696213
Zen,local3,2-10-11-13-19,0.380978,0.516994
Zen,local3,5-11-15-17-20,0.513588,0.669485
Zen,local3,2-5-10-11-15,0.575082,0.727472
Zen,local3,2-5-7-10-15,0.525634,0.684069
Zen,local3,2-11-14-15-19,0.525160,0.682570
Zen,local3,2-10-11-15-20,0.538780,0.692046
Zen,local3,2-5-6-12-19,0.485766,0.645836
Zen,local3,2-11-16-22-23,0.580599,0.732601
Zen,local3,9-11-16-22-23,0.543393,0.702022
Zen,local3,2-4-10-16-22,0.434686,0.574090
Zen,local3,7-11-16-22-23,0.494703,0.657162
Zen,local3,1-2-11-22-23,0.556314,0.710337
Zen,local3,2-6-16-22-23,0.442904,0.607632
Zen,local3,1-8-10-11-23,0.544437,0.703504
Zen,local3,2-16-21-22-23,0.542184,0.695795
Zen,local3,2-7-11-22-23,0.536958,0.696571
Zen,local3,2-10-16-22-23,0.566591,0.721211
Zen,local3,2-9-11-22-23,0.547879,0.703765
Zen,local3,0-2-11-16-22,0.553007,0.708057
Zen,restart3,5-6-11-16-19,0.457535,0.614494
Zen,local3,5-6-11-16-17,0.453170,0.610843
Zen,local3,0-1-11-16-19,0.540621,0.696992
Zen,local3,0-4-9-11-13,0.326854,0.460196
Zen,local3,0-16-17-19-23,0.525457,0.679008
Zen,local3,0-3-6-11-16,0.395148,0.551015
Zen,local3,0-11-19-21-22,0.522346,0.680812
Zen,local3,1-3-6-16-18,0.413969,0.571892
Zen,local3,0-11-12-16-19,0.562479,0.716624
Zen,local3,0-7-16-22-24,0.513555,0.670297
Zen,local3,8-11-16-17-19,0.478421,0.637712
Zen,local3,0-10-11-12-16,0.555573,0.712100
Zen,local3,0-6-13-19-24,0.373370,0.517622
Zen,local3,0-7-9-11-16,0.522808,0.682586
Zen,local3,0-11-12-19-20,0.557480,0.712899
Zen,local3,2-4-11-15-19,0.424162,0.565312
Zen,local3,0-7-11-16-19,0.525235,0.683114
Zen,local3,0-3-4-11-12,0.351256,0.489115
Zen,local3,0-3-15-16-19,0.475042,0.627841
Zen,local3,4-11-12-16-21,0.417873,0.560579
Zen,local3,0-1-11-12-19,0.547116,0.703763
Zen,local3,0-5-8-19-24,0.530627,0.684908
Zen,local3,0-11-12-19-22,0.551548,0.706794
Zen,local3,1-11-16-19-20,0.562270,0.717172
Zen,local3,0-11-12-16-17,0.547809,0.703127
Zen,local3,5-12-14-19-20,0.516769,0.671209
Zen,local3,11-14-16-19-20,0.538418,0.695273
Zen,local3,4-11-12-16-19,0.415568,0.556503
Zen,local3,0-9-11-12-19,0.524308,0.684113
Zen,local3,0-4-11-20-22,0.351257,0.483871
Zen,local3,11-12-15-16-19,0.581917,0.733476
Zen,local3,6-10-11-12-19,0.397836,0.564002
Zen,local3,8-12-15-16-19,0.511097,0.666765
Zen,local3,1-11-16-19-22,0.555824,0.712165
Zen,local3,9-10-11-12-16,0.507643,0.668191
Zen,local3,6-11-12-16-19,0.394443,0.560268
Zen,local3,9-11-12-15-19,0.492527,0.652759
Meeting_room,recheck3,10-12-19-23-24,0.567779,0.719662
Porch,recheck3,5-8-15-20-23,0.632569,0.769855
Playground,recheck3,0-4-18-20-24,0.497113,0.652969
Lounge,recheck3,0-1-3-11-20,0.603698,0.752305
Cantina,recheck3,12-15-17-20-21,0.593321,0.739402
Garden,recheck3,1-4-7-18-20,0.547943,0.707630
Pots,recheck3,1-7-9-11-21,0.658181,0.791409
Lunch_room,recheck3,1-3-5-20-22,0.424125,0.576043
Meeting_room,local3,7-10-12-19-23,0.550309,0.704386
Porch,local3,1-5-15-20-23,0.637396,0.772068
Playground,local3,2-4-21-22-24,0.338023,0.480105
Cantina,local3,4-15-17-18-21,0.481203,0.642977
Pots,local3,1-7-11-21-22,0.655134,0.788713
Garden,local3,1-3-4-20-22,0.493817,0.659830
Lounge,local3,0-1-11-18-20,0.595364,0.745765
Meeting_room,local3,3-12-14-19-23,0.513109,0.673409
Lunch_room,local3,3-5-8-17-22,0.333361,0.481126
Porch,local3,3-5-17-19-20,0.415661,0.572025
Playground,local3,2-5-18-20-24,0.423587,0.582284
Cantina,local3,13-15-17-20-23,0.509017,0.663492
Pots,local3,3-11-12-17-21,0.634256,0.772817
Garden,local3,2-4-10-11-18,0.516167,0.679600
Meeting_room,local3,1-12-19-23-24,0.486951,0.649798
Lounge,local3,1-3-8-11-20,0.582010,0.734608
Porch,local3,2-5-15-23-24,0.595550,0.736536
Playground,local3,4-11-13-20-24,0.347903,0.498866
Lunch_room,local3,1-3-5-10-22,0.382928,0.534893
Cantina,local3,2-6-20-21-23,0.439491,0.603134
Pots,local3,4-7-11-20-23,0.627777,0.768361
Garden,local3,0-7-18-20-23,0.457444,0.621023
Meeting_room,local3,11-12-14-19-23,0.553572,0.708082
Lounge,local3,3-9-11-14-16,0.495396,0.660663
Porch,local3,4-15-18-22-23,0.607996,0.748802
Playground,local3,0-3-13-16-24,0.446309,0.604433
Lunch_room,local3,3-5-20-21-22,0.320242,0.460325
Cantina,local3,3-16-17-20-21,0.508043,0.668198
Pots,local3,9-10-12-21-24,0.635414,0.774401
Meeting_room,local3,2-10-12-19-24,0.550369,0.707271
Garden,local3,1-7-18-19-20,0.547776,0.707281
Lounge,local3,0-1-3-8-19,0.584991,0.737588
Porch,local3,1-5-14-20-23,0.638460,0.773538
Playground,local3,4-11-12-16-24,0.360383,0.513309
Cantina,local3,2-4-12-17-20,0.483811,0.642518
Pots,local3,0-4-8-11-21,0.620554,0.761783
Lunch_room,local3,1-3-5-8-18,0.412871,0.564144
Meeting_room,local3,10-13-19-22-23,0.562665,0.715521
Garden,local3,7-8-15-18-20,0.514626,0.678362
Porch,local3,0-1-14-20-23,0.502877,0.654098
Lounge,local3,0-3-11-16-17,0.553851,0.711042
Playground,local3,0-3-8-18-24,0.426764,0.581969
Cantina,local3,3-4-12-13-17,0.453467,0.615139
Pots,local3,1-9-15-20-21,0.616774,0.758875
Meeting_room,local3,2-10-17-20-24,0.543378,0.701062
Garden,local3,6-7-18-19-22,0.524172,0.686813
Lunch_room,local3,3-19-20-21-22,0.268261,0.399847
Porch,local3,1-3-11-14-22,0.558168,0.695886
Lounge,local3,0-1-3-11-21,0.591460,0.742554
Playground,local3,0-4-5-9-20,0.409712,0.565810
Cantina,local3,12-14-16-17-21,0.522415,0.679443
Pots,local3,1-7-9-10-21,0.641055,0.778418
Meeting_room,local3,7-10-15-19-23,0.537212,0.693325
Garden,local3,0-7-12-17-20,0.474135,0.641900
Porch,local3,7-8-20-21-23,0.526258,0.683891
Lunch_room,local3,1-3-11-18-20,0.385430,0.536755
Lounge,local3,1-5-11-20-21,0.590447,0.741465
Playground,local3,0-4-16-18-20,0.450544,0.607191
Pots,local3,4-7-9-14-21,0.637087,0.775057
Cantina,local3,13-15-17-20-21,0.509894,0.662876
Meeting_room,local3,6-10-12-23-24,0.555745,0.709245
Garden,local3,6-13-16-18-20,0.501891,0.663875
Porch,local3,1-2-5-14-20,0.598615,0.736184
Lounge,local3,0-1-3-5-11,0.588318,0.740178
Playground,local3,4-7-12-18-24,0.334612,0.484421
Lunch_room,local3,1-5-8-20-22,0.410001,0.556728
Pots,local3,0-1-6-11-15,0.620209,0.762474
Meeting_room,local3,1-10-19-23-24,0.529571,0.688395
Cantina,local3,1-12-20-21-24,0.490954,0.648264
Garden,local3,2-4-18-20-22,0.518014,0.681858
Porch,local3,5-10-12-20-21,0.615611,0.755308
Lounge,local3,0-1-7-11-20,0.588401,0.740130
Playground,local3,0-2-4-13-20,0.401240,0.556864
Lunch_room,local3,5-7-10-20-22,0.298344,0.435182
Meeting_room,local3,13-14-17-19-24,0.484396,0.646782
Pots,local3,8-9-11-18-21,0.631502,0.771133
Cantina,local3,12-15-17-19-21,0.557542,0.708216
Garden,local3,1-4-18-19-20,0.542439,0.703055
Porch,local3,1-5-20-22-23,0.612123,0.753772
Playground,local3,7-16-17-20-24,0.347590,0.504670
Lounge,local3,0-3-11-20-24,0.596716,0.746996
Meeting_room,local3,10-12-13-19-24,0.556111,0.709787
Lunch_room,local3,3-5-20-22-24,0.332193,0.475501
Pots,local3,1-9-11-20-21,0.626437,0.766501
Cantina,local3,4-15-17-20-21,0.514818,0.671162
Porch,local3,3-14-15-20-23,0.550103,0.695935
Garden,local3,4-7-17-18-20,0.527544,0.690266
Playground,local3,0-4-14-18-20,0.437131,0.594317
Meeting_room,local3,6-10-11-14-23,0.538714,0.695427
Lounge,local3,3-5-11-13-15,0.547935,0.705788
Cantina,local3,17-19-20-21-22,0.475709,0.636343
Lunch_room,local3,3-5-12-20-22,0.280059,0.415510
Pots,local3,7-14-15-21-24,0.636438,0.774809
Porch,local3,2-5-14-20-23,0.603668,0.745459
Garden,local3,1-3-4-18-20,0.522143,0.685530
Meeting_room,local3,1-10-12-19-24,0.518244,0.676627
Playground,local3,0-4-18-19-20,0.509942,0.660273
Lounge,local3,0-1-11-20-21,0.551854,0.709759
Pots,local3,1-7-9-10-11,0.647072,0.782938
Cantina,local3,4-8-9-17-20,0.494372,0.637962
Porch,local3,1-4-5-14-20,0.607232,0.747607
Lunch_room,local3,3-9-18-20-23,0.342259,0.492545
Garden,local3,1-3-4-18-22,0.497669,0.663675
Meeting_room,local3,8-18-19-22-24,0.505382,0.665066
Lounge,local3,0-3-5-11-18,0.585760,0.738330
Playground,local3,0-18-19-20-24,0.434328,0.582359
Pots,local3,1-6-7-15-21,0.633855,0.773287
Cantina,local3,10-12-17-18-20,0.519556,0.673702
Porch,local3,1-11-14-20-23,0.571705,0.706317
Garden,local3,1-4-7-11-20,0.529848,0.691630
Lunch_room,local3,1-3-6-20-22,0.422653,0.573593
Meeting_room,local3,5-17-19-23-24,0.456062,0.619196
Lounge,local3,0-3-6-11-20,0.597277,0.747416
Pots,local3,1-7-9-14-21,0.646231,0.782145
Playground,local3,0-2-18-19-20,0.480311,0.637446
Cantina,local3,12-15-17-21-24,0.585613,0.733115
Porch,local3,1-5-8-19-20,0.613319,0.752841
Garden,local3,4-11-18-19-21,0.518840,0.681769
Meeting_room,local3,2-10-15-23-24,0.538288,0.697649
Lunch_room,local3,1-3-18-21-22,0.391430,0.541328
Lounge,local3,0-1-11-13-20,0.584888,0.737290
Pots,local3,1-2-7-9-21,0.620794,0.762479
Playground,local3,0-4-19-20-21,0.519851,0.669883
Porch,local3,1-14-19-20-23,0.594536,0.730334
Cantina,local3,2-13-15-17-22,0.461017,0.619264
Garden,local3,3-4-5-18-20,0.474062,0.642372
Meeting_room,local3,2-12-14-18-19,0.497630,0.661660
Lunch_room,local3,3-4-5-20-22,0.283719,0.420068
Lounge,local3,0-1-3-20-22,0.544211,0.701360
Pots,local3,4-5-7-11-21,0.633100,0.772733
Playground,local3,0-4-12-13-21,0.375065,0.529289
Porch,local3,1-13-14-20-23,0.565040,0.703081
Cantina,local3,3-12-15-17-20,0.548065,0.700928
Meeting_room,local3,0-10-16-19-24,0.527304,0.687166
Garden,local3,1-7-9-18-20,0.517861,0.679796
Lunch_room,local3,1-5-8-17-20,0.399610,0.547330
Lounge,local3,0-1-3-12-22,0.553183,0.708918
Pots,local3,1-3-5-9-11,0.608303,0.752579
Garden,local3,4-6-9-17-20,0.496604,0.661623
Playground,local3,4-15-19-20-21,0.435375,0.591412
Porch,local3,1-5-6-14-16,0.589778,0.727552
Meeting_room,local3,7-9-20-23-24,0.528786,0.686198
Cantina,local3,1-3-12-17-20,0.487607,0.646715
Lunch_room,local3,2-3-4-6-20,0.370002,0.521862
Lounge,local3,1-11-13-17-20,0.588205,0.739572
Pots,local3,3-7-9-11-21,0.648483,0.784462
Garden,local3,1-4-9-18-20,0.512401,0.675627
Meeting_room,local3,12-18-19-23-24,0.546345,0.702129
Lunch_room,local3,3-5-7-20-22,0.309366,0.449166
Porch,local3,1-2-3-14-23,0.577171,0.710786
Playground,local3,0-4-9-12-19,0.435943,0.592469
Cantina,local3,2-10-17-20-21,0.470986,0.628264
Lounge,local3,1-3-4-11-22,0.581063,0.734251
Garden,local3,1-4-7-20-21,0.541540,0.702090
Pots,local3,1-7-9-11-19,0.651816,0.786318
Meeting_room,local3,3-10-19-20-23,0.541448,0.698445
Lunch_room,local3,1-3-5-12-22,0.390165,0.541090
Porch,local3,1-2-10-20-24,0.602985,0.739839
Playground,local3,4-16-19-20-22,0.443958,0.600803
Cantina,local3,12-14-15-17-21,0.573041,0.722102
Garden,local3,1-7-10-18-19,0.546288,0.706019
Lounge,local3,0-3-13-20-22,0.548723,0.705504
Pots,local3,1-2-4-11-21,0.612416,0.754391
Meeting_room,local3,5-8-19-20-23,0.511229,0.670557
Porch,local3,1-2-14-20-23,0.585605,0.720235
Playground,local3,0-4-17-19-20,0.489247,0.646006
Lunch_room,local3,1-3-8-14-20,0.413366,0.564143
Cantina,local3,11-12-15-20-21,0.453996,0.603432
Meeting_room,local3,3-10-19-23-24,0.542930,0.699676
Garden,local3,1-4-12-18-20,0.536184,0.697343
Playground,local3,3-12-20-21-23,0.395184,0.549591
Pots,local3,2-9-15-21-24,0.595535,0.741096
Lunch_room,local3,3-4-5-8-14,0.282109,0.416150
Porch,local3,1-2-5-14-23,0.605437,0.740685
Lounge,local3,0-1-3-11-18,0.590801,0.741901
Meeting_room,local3,10-12-16-23-24,0.561418,0.713924
Cantina,local3,0-5-12-14-17,0.429008,0.591301
Garden,local3,1-4-7-18-24,0.542003,0.702648
Playground,local3,0-4-5-7-23,0.417226,0.575042
Pots,local3,5-7-9-18-20,0.615952,0.759447
Meeting_room,local3,8-10-12-17-23,0.527538,0.685328
Porch,local3,1-5-8-20-23,0.624344,0.762230
Lounge,local3,1-4-6-11-20,0.579600,0.732784
Cantina,local3,4-9-12-15-23,0.490332,0.636755
Lunch_room,local3,3-4-5-16-22,0.271340,0.408279
Garden,local3,1-7-9-11-15,0.498444,0.662068
Playground,local3,0-16-19-20-22,0.436453,0.599111
Pots,local3,1-5-13-17-21,0.602045,0.747662
Meeting_room,local3,12-14-20-23-24,0.547791,0.704358
Porch,local3,1-4-14-20-23,0.603307,0.739452
Lounge,local3,1-3-5-11-19,0.573730,0.727678
Cantina,local3,2-13-14-15-21,0.447754,0.607090
Lunch_room,local3,0-1-3-12-22,0.324104,0.469296
Garden,local3,1-4-7-14-18,0.549905,0.709303
Meeting_room,local3,11-12-13-19-24,0.546012,0.702152
Pots,local3,6-11-13-20-21,0.623921,0.766473
Playground,local3,4-20-21-22-24,0.412818,0.570092
Porch,local3,1-3-5-20-23,0.603020,0.745950
Lounge,local3,1-11-12-20-23,0.578013,0.731441
Cantina,local3,10-11-12-15-21,0.457856,0.611108
Garden,local3,4-7-8-18-19,0.534414,0.696168
Meeting_room,local3,12-17-19-23-24,0.563666,0.716769
Lunch_room,local3,1-2-7-14-22,0.351702,0.499698
Pots,local3,7-9-11-20-21,0.622979,0.764537
Playground,local3,0-2-4-19-21,0.449467,0.607400
Porch,local3,1-5-14-17-23,0.622319,0.756525
Cantina,local3,6-8-12-17-21,0.518820,0.675263
Lounge,local3,0-3-11-21-22,0.547444,0.705441
Meeting_room,local3,2-5-10-17-24,0.483420,0.647699
Garden,local3,1-6-7-14-18,0.539340,0.700166
Pots,local3,8-11-13-21-22,0.630802,0.771157
Playground,local3,3-4-10-19-23,0.340419,0.484227
Lunch_room,local3,1-2-7-20-22,0.374597,0.522316
Porch,local3,1-5-9-14-23,0.605547,0.742004
Lounge,local3,0-1-3-11-12,0.596963,0.747010
Pots,local3,6-8-9-11-21,0.612487,0.756465
Cantina,local3,9-12-14-17-21,0.490369,0.642766
Meeting_room,local3,10-12-19-20-23,0.567658,0.719634
Garden,local3,1-10-11-12-18,0.513699,0.677223
Playground,local3,4-19-20-21-23,0.421199,0.575933
Lunch_room,local3,3-5-14-22-23,0.310826,0.452882
Porch,local3,5-6-8-13-23,0.522321,0.680670
Lounge,local3,1-2-3-11-20,0.589927,0.741106
Pots,local3,9-11-15-21-22,0.625184,0.767019
Cantina,local3,9-11-12-17-23,0.465483,0.619773
Meeting_room,local3,9-12-19-23-24,0.556456,0.710575
Garden,local3,4-7-14-15-18,0.526113,0.689030
Porch,local3,0-4-8-20-23,0.479651,0.640735
Playground,local3,8-9-19-20-21,0.335279,0.486270
Lounge,local3,0-5-11-19-23,0.579724,0.733393
Lunch_room,local3,1-3-12-15-20,0.367172,0.516202
Pots,local3,1-7-10-11-24,0.643657,0.779202
Cantina,local3,7-15-17-20-21,0.540465,0.696685
Meeting_room,local3,10-18-21-23-24,0.551586,0.705215
Garden,local3,4-7-18-19-24,0.526957,0.689820
Porch,local3,1-7-14-16-20,0.565952,0.707834
Playground,local3,0-2-14-19-21,0.439891,0.598278
Lounge,local3,0-1-11-15-20,0.596861,0.747096
Pots,local3,4-9-11-21-23,0.631593,0.770523
Meeting_room,local3,1-10-12-15-23,0.515837,0.676170
Lunch_room,local3,2-5-13-20-21,0.379178,0.530651
Cantina,local3,2-9-17-20-22,0.485278,0.639857
Garden,local3,4-7-12-13-14,0.518793,0.682435
Porch,local3,1-4-7-19-23,0.611751,0.750271
Playground,local3,0-17-19-20-21,0.459239,0.611413
Meeting_room,local3,9-10-12-20-23,0.557382,0.711039
Lounge,local3,0-1-3-18-24,0.590647,0.742167
Pots,local3,1-4-7-9-21,0.627463,0.767235
Cantina,local3,12-13-15-18-21,0.466344,0.618589
Garden,local3,1-4-7-14-17,0.542979,0.703484
Lunch_room,local3,1-3-12-20-22,0.384969,0.536950
Porch,local3,1-5-12-20-23,0.633121,0.768972
Playground,local3,6-9-10-19-20,0.329101,0.485230
Meeting_room,local3,7-19-20-21-23,0.513529,0.672886
Lounge,local3,0-1-3-17-20,0.590009,0.741767
Pots,local3,7-9-11-21-24,0.632578,0.772151
Cantina,local3,12-13-17-20-21,0.531921,0.680822
Garden,local3,4-7-18-19-21,0.532554,0.694567
Porch,local3,1-5-7-16-20,0.599431,0.737995
Lunch_room,local3,1-3-4-5-22,0.410154,0.561306
Playground,local3,0-4-13-19-20,0.435289,0.591541
Meeting_room,local3,8-10-12-22-24,0.531922,0.689388
Lounge,local3,0-1-5-8-22,0.584130,0.736936
Pots,local3,6-7-9-10-13,0.594958,0.742936
Cantina,local3,0-7-12-20-21,0.501489,0.656999
Garden,local3,0-1-7-16-20,0.507362,0.672399
Porch,local3,1-5-14-18-23,0.616660,0.753104
Playground,local3,0-4-19-20-22,0.475814,0.634644
Meeting_room,local3,6-10-12-13-24,0.542979,0.698571
Lunch_room,local3,1-3-8-19-20,0.398508,0.549973
Lounge,local3,0-3-7-9-11,0.576530,0.730994
Pots,local3,1-7-20-21-22,0.634927,0.773315
Cantina,local3,14-15-19-21-23,0.490021,0.649234
Garden,local3,1-2-6-14-18,0.543163,0.703253
Porch,local3,1-9-10-22-23,0.566806,0.701620
Meeting_room,local3,4-6-10-12-24,0.507152,0.666600
Playground,local3,0-4-8-20-22,0.409660,0.564337
Lunch_room,local3,4-5-20-21-22,0.302645,0.438681
Lounge,local3,0-3-8-11-20,0.593622,0.744569
Pots,local3,4-7-9-11-21,0.650046,0.785613
Cantina,local3,6-12-20-21-23,0.476599,0.636051
Garden,local3,1-12-14-16-18,0.536091,0.697207
Porch,local3,1-14-20-21-23,0.627727,0.762820
Meeting_room,local3,9-10-19-23-24,0.553446,0.707634
Playground,local3,1-4-19-20-21,0.517944,0.668510
Lounge,local3,1-7-8-18-20,0.564117,0.720084
Pots,local3,1-7-9-11-15,0.656771,0.790140
Lunch_room,local3,1-3-5-8-22,0.420170,0.571941
Garden,local3,0-4-7-14-18,0.517734,0.682075
Cantina,local3,4-6-20-21-24,0.477265,0.639938
Porch,local3,1-5-14-19-20,0.615166,0.753848
Meeting_room,local3,0-8-12-21-24,0.531493,0.690814
Playground,local3,0-19-20-21-22,0.426785,0.579724
Lounge,local3,9-10-11-16-20,0.519088,0.681273
Pots,local3,1-7-11-12-21,0.649881,0.785037
Garden,local3,1-4-7-21-22,0.529476,0.691506
Lunch_room,local3,2-3-5-20-22,0.388296,0.541120
Porch,local3,1-6-7-14-23,0.553867,0.691168
Cantina,local3,9-12-13-17-20,0.513164,0.663344
Meeting_room,local3,5-10-12-19-24,0.508444,0.667654
Playground,local3,0-4-9-20-21,0.431135,0.588087
Lounge,local3,0-3-16-20-23,0.566888,0.721631
Pots,local3,1-6-7-9-11,0.634605,0.773892
Garden,local3,1-2-7-14-18,0.547811,0.707220
Lunch_room,local3,1-16-21-22-24,0.395265,0.540400
Porch,local3,5-14-15-20-23,0.607986,0.751810
Meeting_room,local3,10-12-17-19-24,0.557089,0.710667
Cantina,local3,0-8-12-20-22,0.513862,0.666426
Playground,local3,0-4-12-19-21,0.442295,0.598905
Lounge,local3,0-3-9-12-14,0.569211,0.725145
Pots,local3,1-9-14-15-24,0.619748,0.761186
Garden,local3,1-4-6-7-14,0.545990,0.705866
Porch,local3,2-16-20-23-24,0.539733,0.689452
Lunch_room,local3,1-18-20-22-24,0.388020,0.536050
Meeting_room,local3,1-19-20-23-24,0.449916,0.614155
Cantina,local3,9-11-18-20-21,0.431643,0.583042
Playground,local3,0-4-13-16-18,0.446712,0.603518
Lounge,local3,0-1-15-17-21,0.576912,0.731348
Pots,local3,1-8-9-21-24,0.611934,0.755199
Garden,local3,0-4-16-17-18,0.510300,0.675429
Porch,local3,5-14-19-20-23,0.511973,0.670621
Meeting_room,local3,1-9-12-19-24,0.524240,0.681777
Lunch_room,local3,3-11-20-21-22,0.301760,0.439764
Cantina,local3,7-12-15-20-21,0.473243,0.628088
Playground,local3,4-11-19-20-21,0.449648,0.606223
Pots,local3,1-9-11-15-21,0.635857,0.773538
Lounge,local3,1-3-9-11-15,0.571900,0.726796
Garden,local3,1-4-7-10-18,0.539061,0.700124
Porch,local3,1-3-4-14-19,0.580683,0.723376
Meeting_room,local3,12-14-19-23-24,0.552287,0.708111
Cantina,local3,5-12-15-20-21,0.461708,0.610424
Playground,local3,0-4-17-19-22,0.444322,0.601528
Lunch_room,local3,1-5-11-20-22,0.384969,0.532561
Pots,local3,9-11-16-21-23,0.623489,0.764461
Garden,local3,2-5-7-14-17,0.528704,0.691315
Lounge,local3,1-3-5-6-23,0.562967,0.718821
Porch,local3,1-5-9-19-23,0.596749,0.738007
Meeting_room,local3,13-17-19-20-23,0.507016,0.667980
Cantina,local3,12-17-19-20-21,0.558631,0.709985
Playground,local3,4-18-19-20-21,0.400469,0.548032
Pots,local3,1-3-7-9-21,0.621034,0.763052
Garden,local3,1-4-13-14-18,0.499076,0.662111
Lunch_room,local3,1-5-11-18-24,0.393667,0.541720
Lounge,local3,0-6-11-14-20,0.588982,0.740880
Meeting_room,local3,9-12-16-19-24,0.550008,0.704482
Porch,local3,1-2-5-21-22,0.616123,0.751086
Cantina,local3,1-15-17-20-22,0.468814,0.629326
Playground,local3,1-5-19-20-21,0.499619,0.651378
Pots,local3,1-6-9-11-21,0.638264,0.776812
Garden,local3,1-7-13-14-15,0.508599,0.670549
Meeting_room,local3,12-16-19-23-24,0.563451,0.716103
Lounge,local3,0-1-3-4-15,0.566465,0.722898
Porch,local3,5-11-14-20-23,0.622034,0.759952
Lunch_room,local3,3-5-19-20-22,0.307764,0.448096
Playground,local3,0-4-19-21-23,0.504972,0.660589
Cantina,local3,7-15-18-20-21,0.320770,0.458185
Pots,local3,1-7-9-21-24,0.649118,0.784408
Garden,local3,0-1-4-14-18,0.506038,0.671457
Meeting_room,local3,9-10-18-19-24,0.549158,0.703634
Lounge,local3,0-1-3-10-11,0.599565,0.749200
Porch,local3,5-6-7-14-20,0.488319,0.649576
Lunch_room,local3,0-1-3-4-22,0.361648,0.513340
Pots,local3,1-2-9-21-23,0.607259,0.751025
Playground,local3,2-4-7-20-24,0.354428,0.501799
Cantina,local3,12-13-15-17-21,0.524863,0.674846
Garden,local3,1-5-7-9-13,0.500845,0.663127
Meeting_room,restart3,0-5-11-20-23,0.473711,0.639242
Lounge,local3,1-8-11-13-23,0.534224,0.695019
Porch,local3,3-12-14-20-23,0.570372,0.712359
Pots,local3,1-6-7-9-21,0.640667,0.779136
Lunch_room,local3,1-2-5-8-20,0.391956,0.541139
Playground,local3,0-4-12-13-20,0.374594,0.529345
Cantina,local3,3-8-17-20-21,0.510467,0.669797
Meeting_room,local3,5-11-12-17-22,0.458439,0.623500
Garden,local3,1-3-4-10-19,0.519964,0.683521
Porch,local3,1-3-5-14-20,0.585925,0.728330
Lounge,local3,1-3-8-9-20,0.564600,0.720788
Pots,local3,2-7-12-21-23,0.600807,0.748312
Lunch_room,local3,1-3-14-18-20,0.389241,0.539476
Playground,local3,0-4-19-20-24,0.486171,0.643891
Meeting_room,local3,5-10-11-17-23,0.507901,0.667219
Cantina,local3,4-12-14-21-22,0.400424,0.547081
Garden,local3,1-11-14-18-24,0.516517,0.679846
Porch,local3,5-8-14-20-23,0.606741,0.749986
Lounge,local3,1-5-11-14-20,0.575694,0.729511
Pots,local3,1-7-9-11-14,0.652139,0.786720
Lunch_room,local3,1-3-5-17-22,0.404110,0.555573
Meeting_room,local3,2-3-5-10-11,0.479072,0.641592
Playground,local3,0-8-11-19-21,0.402740,0.562784
Cantina,local3,4-5-10-15-17,0.448061,0.602643
Garden,local3,1-4-14-15-18,0.520326,0.683712
Porch,local3,5-15-20-21-24,0.593414,0.737533
Lounge,local3,1-3-13-20-21,0.577733,0.731213
Pots,restart3,7-8-12-15-24,0.617521,0.760551
Meeting_room,local3,6-7-11-17-22,0.517744,0.676361
Playground,local3,4-6-19-20-21,0.409336,0.567610
Lunch_room,local3,1-3-5-8-20,0.423333,0.574803
Cantina,local3,7-13-15-18-20,0.426720,0.582441
Porch,local3,5-14-20-22-23,0.488517,0.650362
Garden,local3,0-2-4-7-15,0.505071,0.670591
Lounge,local3,0-1-6-19-20,0.593962,0.744672
Pots,local3,7-8-9-12-21,0.606813,0.751765
Meeting_room,local3,7-10-11-17-22,0.533718,0.690283
Playground,local3,0-2-4-19-20,0.438895,0.596753
Cantina,local3,13-15-16-18-21,0.492168,0.652797
Porch,local3,0-1-5-14-20,0.520857,0.676042
Garden,local3,7-9-15-18-20,0.495886,0.659311
Lounge,local3,0-4-5-19-20,0.571503,0.726825
Pots,local3,1-7-15-17-24,0.629490,0.768792
Lunch_room,local3,1-5-7-12-22,0.373991,0.518197
Meeting_room,local3,7-8-10-16-22,0.513814,0.671922
Playground,local3,0-10-13-19-21,0.409711,0.570211
Cantina,restart3,1-2-9-18-19,0.437126,0.596520
Porch,local3,9-14-20-21-23,0.636058,0.769500
Garden,local3,2-4-7-10-14,0.527848,0.690506
Lounge,restart3,4-5-13-22-23,0.526404,0.688924
Meeting_room,local3,7-11-14-17-22,0.521918,0.680532
Pots,local3,1-15-17-18-24,0.595264,0.740038
Lunch_room,local3,3-5-10-15-20,0.309058,0.447628
Playground,local3,0-1-4-19-21,0.459573,0.618783
Cantina,local3,1-6-9-18-19,0.448228,0.607205
Porch,local3,0-4-5-20-21,0.447093,0.614087
Garden,local3,4-14-18-19-23,0.450997,0.615103
Lounge,local3,4-6-13-22-23,0.533198,0.694797
Meeting_room,local3,9-10-15-17-21,0.528438,0.685741
Pots,local3,6-7-10-15-17,0.606894,0.752620
Lunch_room,local3,5-14-18-20-22,0.358250,0.504372
Playground,local3,0-5-19-20-21,0.499324,0.650814
Cantina,local3,1-9-14-15-19,0.504595,0.658375
Porch,restart3,2-7-12-17-21,0.497252,0.649943
Garden,local3,4-7-14-18-21,0.530497,0.692780
Meeting_room,local3,7-11-17-22-23,0.534032,0.691021
Lounge,local3,4-6-9-13-22,0.512688,0.676993
Pots,local3,7-10-15-17-24,0.633967,0.772498
Playground,local3,9-10-20-21-23,0.367894,0.520635
Lunch_room,local3,3-6-14-20-22,0.293714,0.427533
Cantina,local3,1-4-10-19-21,0.422757,0.585846
Garden,local3,4-7-13-14-18,0.496730,0.660836
Porch,local3,2-7-12-17-19,0.506171,0.661027
Meeting_room,local3,7-8-11-12-23,0.521714,0.679862
Lounge,local3,4-6-13-14-22,0.532148,0.693776
Pots,local3,10-15-17-23-24,0.620067,0.760211
Playground,local3,8-9-11-20-21,0.241602,0.382604
Cantina,local3,1-8-14-15-19,0.481248,0.637078
Garden,local3,1-4-7-14-21,0.546596,0.706420
Porch,local3,2-4-6-7-13,0.507122,0.659806
Meeting_room,local3,0-3-7-8-22,0.535138,0.693377
Lunch_room,local3,2-8-20-21-22,0.380795,0.527621
Lounge,local3,2-4-6-13-23,0.534211,0.695203
Pots,local3,4-6-7-11-15,0.648642,0.784677
Playground,local3,9-10-19-21-22,0.381616,0.536131
Cantina,local3,1-6-11-14-21,0.352614,0.509182
Garden,local3,1-7-10-14-18,0.543421,0.703545
Meeting_room,local3,4-7-8-17-24,0.516247,0.674136
Porch,local3,2-4-6-7-8,0.533110,0.680648
Pots,local3,2-4-6-7-21,0.598312,0.744811
Lounge,local3,2-4-6-10-23,0.544016,0.703789
Lunch_room,local3,2-3-6-20-24,0.384880,0.537210
Playground,local3,4-11-17-19-21,0.460883,0.617849
Cantina,local3,3-5-9-14-15,0.517457,0.675293
Garden,local3,1-4-9-14-18,0.508536,0.672522
Meeting_room,local3,3-7-8-19-22,0.519435,0.678240
Porch,local3,2-4-8-14-23,0.573800,0.713146
Pots,local3,1-4-7-15-19,0.617366,0.758802
Lounge,local3,2-6-10-12-23,0.564117,0.720649
Lunch_room,restart3,3-4-19-23-24,0.238489,0.365753
Playground,local3,11-19-20-21-23,0.440832,0.596006
Meeting_room,local3,0-1-3-7-22,0.490270,0.653334
Garden,local3,1-4-5-7-8,0.547422,0.707223
Cantina,local3,5-11-15-21-24,0.438144,0.591576
Porch,local3,2-8-14-15-23,0.559546,0.695255
Pots,local3,4-6-7-11-24,0.647794,0.784183
Lounge,local3,2-6-12-17-22,0.552032,0.710179
Playground,local3,0-3-4-19-20,0.437901,0.595493
Meeting_room,local3,0-4-5-7-22,0.509587,0.670641
Lunch_room,local3,3-4-10-23-24,0.221140,0.343206
Cantina,local3,3-5-6-9-14,0.461505,0.625167
Garden,local3,0-3-5-7-14,0.492817,0.660083
Porch,local3,2-4-8-10-13,0.552809,0.697129
Pots,local3,4-6-7-15-24,0.633326,0.772326
Lounge,local3,2-9-17-19-23,0.524140,0.686711
Playground,local3,0-2-19-20-21,0.482781,0.641285
Meeting_room,local3,0-2-7-8-19,0.531503,0.691136
Lunch_room,local3,3-4-14-19-23,0.239218,0.367095
Cantina,local3,2-10-11-14-15,0.461513,0.618667
Lounge,local3,1-6-10-17-21,0.581858,0.735121
Pots,local3,6-7-11-15-21,0.614836,0.759008
Garden,local3,2-4-11-14-22,0.506865,0.671420
Porch,local3,4-6-8-16-23,0.568970,0.710972
Meeting_room,local3,0-3-4-6-22,0.515400,0.676356
Playground,local3,4-7-11-20-21,0.336358,0.491844
Lunch_room,local3,1-3-4-5-19,0.398507,0.549985
Cantina,local3,3-5-15-18-23,0.447559,0.611146
Porch,local3,2-3-4-14-23,0.556781,0.701788
Pots,local3,4-6-7-16-23,0.615660,0.759845
Garden,local3,4-7-14-18-19,0.528507,0.691132
Lounge,local3,1-3-6-17-23,0.560947,0.717238
Meeting_room,local3,0-2-7-10-22,0.540133,0.698829
Playground,local3,0-13-19-20-21,0.449742,0.603204
Lunch_room,local3,5-13-19-21-22,0.352483,0.496861
Cantina,local3,2-3-9-15-23,0.466549,0.626920
Porch,local3,2-4-9-14-23,0.577686,0.716332
Pots,local3,0-4-11-17-23,0.618338,0.761017
Garden,local3,0-1-7-9-14,0.489171,0.654298
Lounge,local3,1-6-8-10-17,0.579974,0.733484
Meeting_room,local3,2-5-7-10-24,0.523434,0.683410
Playground,local3,0-4-12-20-21,0.415646,0.570733
Cantina,local3,5-6-15-16-24,0.468296,0.630843
Lunch_room,local3,1-3-4-5-11,0.408937,0.560885
Porch,local3,2-9-14-18-23,0.571823,0.706962
Pots,local3,4-7-11-15-22,0.645202,0.780810
Garden,local3,1-4-14-18-23,0.483885,0.645349
Meeting_room,local3,0-7-10-13-22,0.541819,0.699448
Lounge,local3,0-1-6-10-17,0.592071,0.743516
Cantina,local3,3-5-8-15-22,0.493067,0.652386
Playground,local3,0-4-16-19-21,0.455994,0.612973
Porch,local3,2-4-11-14-23,0.565836,0.707208
Pots,local3,0-6-7-11-15,0.641888,0.779856
Lunch_room,local3,2-3-4-8-10,0.345775,0.497282
Meeting_room,local3,0-7-10-22-24,0.538708,0.696799
Garden,local3,2-3-14-18-23,0.449886,0.613864
Lounge,local3,1-6-10-13-15,0.578366,0.732189
Playground,local3,0-2-3-17-21,0.435032,0.592881
Porch,local3,2-9-14-17-23,0.577597,0.710811
Cantina,local3,7-14-15-16-23,0.501940,0.662582
Pots,local3,4-8-12-15-23,0.611250,0.755606
Lunch_room,local3,1-5-13-19-21,0.420878,0.574224
Meeting_room,local3,0-5-6-7-10,0.484310,0.645669
Garden,local3,1-4-14-18-24,0.529951,0.692358
Lounge,local3,0-10-14-17-21,0.578795,0.732788
Playground,restart3,4-5-11-16-17,0.330579,0.485038
Porch,local3,2-6-8-12-14,0.535962,0.668981
Cantina,local3,3-7-9-14-15,0.524626,0.681434
Pots,local3,6-7-11-15-16,0.606694,0.752037
Lunch_room,local3,1-5-13-15-19,0.395732,0.548598
Meeting_room,local3,0-10-13-18-22,0.534560,0.693200
Garden,local3,1-4-10-11-18,0.523935,0.686189
Lounge,local3,1-5-6-13-21,0.570082,0.724758
Playground,local3,4-5-11-16-19,0.331050,0.485367
Porch,local3,1-2-4-14-23,0.583707,0.718820
Cantina,local3,2-3-9-12-14,0.460147,0.621119
Pots,local3,8-11-13-15-23,0.639592,0.778051
Meeting_room,local3,5-6-10-13-17,0.476258,0.635758
Garden,local3,1-7-8-9-23,0.479373,0.639140
Lunch_room,local3,1-5-13-17-21,0.390736,0.537691
Lounge,local3,0-1-6-10-18,0.595322,0.746017
Porch,local3,3-13-14-23-24,0.468655,0.627118
Playground,local3,1-4-5-12-16,0.417958,0.574032
Pots,local3,2-3-4-15-19,0.585150,0.732019
Cantina,local3,3-7-9-11-15,0.510624,0.665958
Meeting_room,local3,0-10-13-22-24,0.539473,0.697208
Garden,local3,4-7-11-13-14,0.503183,0.667428
Lunch_room,local3,2-13-19-20-22,0.371155,0.525793
Lounge,local3,0-1-6-9-18,0.578827,0.732853
Porch,local3,1-8-14-15-23,0.542557,0.677176
Playground,local3,1-4-5-12-13,0.373253,0.525513
Meeting_room,local3,7-10-16-22-23,0.537576,0.693067
Pots,local3,1-4-11-12-13,0.615156,0.757713
Garden,local3,7-8-14-18-23,0.487120,0.649217
Cantina,local3,7-9-11-14-15,0.465004,0.614763
Lunch_room,local3,5-13-19-21-24,0.357198,0.496980
Lounge,local3,0-1-9-14-18,0.577097,0.731511
Porch,local3,1-2-4-8-14,0.565864,0.705196
Playground,local3,1-2-5-16-22,0.404469,0.560486
Meeting_room,local3,7-10-13-16-18,0.544533,0.699299
Pots,local3,4-6-11-15-21,0.654716,0.788934
Garden,local3,1-4-7-14-19,0.551119,0.710292
Cantina,local3,3-6-15-18-20,0.387969,0.547489
Lounge,local3,0-1-6-17-19,0.581781,0.735016
Porch,local3,1-2-4-10-23,0.578860,0.714826
Lunch_room,local3,1-6-13-19-21,0.392020,0.540594
Playground,local3,1-9-12-16-17,0.409421,0.566493
Meeting_room,local3,7-10-13-15-16,0.513221,0.672152
Pots,local3,4-6-11-18-21,0.646077,0.782784
Garden,local3,1-4-7-10-14,0.536155,0.697636
Cantina,local3,3-9-12-14-15,0.543686,0.696235
Lounge,local3,4-10-15-18-23,0.526259,0.688885
Porch,local3,1-2-10-21-22,0.596936,0.734399
Lunch_room,local3,0-3-5-16-19,0.358998,0.513035
Playground,local3,1-4-5-10-16,0.425180,0.581047
Meeting_room,local3,1-7-13-16-18,0.476217,0.636884
Pots,local3,6-11-15-17-21,0.643572,0.780974
Garden,local3,4-7-14-19-23,0.484720,0.647262
Cantina,local3,3-6-9-12-14,0.477308,0.640311
Porch,local3,0-2-10-22-23,0.489534,0.644300
Lounge,local3,0-3-6-14-18,0.580059,0.733856
Meeting_room,local3,7-9-13-16-18,0.523528,0.681110
Playground,local3,1-4-10-15-16,0.447221,0.603899
Lunch_room,local3,1-3-5-9-21,0.418119,0.568668
Pots,local3,0-11-14-17-21,0.642921,0.780088
Garden,local3,4-7-9-11-18,0.498112,0.662170
Cantina,local3,3-4-9-12-15,0.535663,0.689627
Porch,local3,1-2-10-12-21,0.567894,0.705091
Lounge,local3,0-2-5-6-20,0.588893,0.740760
Meeting_room,local3,3-4-6-7-10,0.478634,0.638112
Playground,local3,1-10-14-15-16,0.420557,0.579540
Pots,local3,4-6-12-15-21,0.643121,0.780811
Lunch_room,local3,1-4-5-12-21,0.385602,0.530554
Garden,local3,7-8-14-19-21,0.527990,0.690227
Cantina,local3,3-9-12-15-22,0.542095,0.694791
Porch,local3,1-2-11-21-22,0.600410,0.737105
Lounge,local3,0-4-6-17-18,0.562757,0.719757
Meeting_room,local3,7-10-18-22-24,0.545914,0.700417
Playground,local3,1-5-12-15-16,0.416307,0.574421
Pots,local3,1-6-9-11-15,0.635688,0.774749
Garden,local3,4-8-14-16-19,0.538774,0.700054
Lunch_room,local3,1-4-5-18-21,0.394478,0.541532
Cantina,local3,3-13-14-15-17,0.502737,0.662190
Porch,local3,2-4-9-21-24,0.611135,0.750921
Meeting_room,local3,7-11-17-21-24,0.533529,0.690826
Lounge,local3,0-1-4-6-8,0.585112,0.737820
Playground,local3,1-8-15-16-17,0.426410,0.585910
Pots,local3,1-7-10-11-15,0.645138,0.780304
Garden,local3,1-7-10-14-19,0.546046,0.705760
Porch,local3,4-9-11-21-24,0.635967,0.771792
Meeting_room,local3,10-17-18-22-24,0.546742,0.701750
Cantina,local3,9-12-14-15-19,0.496896,0.646574
Lounge,local3,0-1-3-10-15,0.595175,0.745890
Playground,local3,4-7-10-12-23,0.329916,0.479353
Lunch_room,local3,1-3-12-19-21,0.362111,0.511235
Pots,local3,4-6-11-15-19,0.654693,0.789457
Garden,local3,7-10-13-14-17,0.493707,0.657764
Porch,local3,9-10-13-15-24,0.519966,0.662858
Meeting_room,local3,5-10-12-18-24,0.489412,0.649713
Cantina,local3,3-5-12-13-14,0.412236,0.571671
Lounge,local3,0-1-10-14-18,0.574057,0.728894
Playground,local3,1-6-10-11-12,0.418497,0.575569
Pots,local3,4-5-11-21-22,0.633018,0.772474
Garden,local3,0-4-7-12-14,0.507759,0.673119
Lunch_room,local3,5-9-11-16-19,0.330918,0.473451
Porch,local3,0-3-8-9-11,0.504360,0.655905
Meeting_room,local3,2-10-13-22-24,0.551745,0.708752
Cantina,local3,0-9-12-14-15,0.514504,0.666851
Lounge,local3,0-4-6-18-20,0.573760,0.728714
Playground,local3,1-2-8-16-22,0.409357,0.565172
Pots,local3,4-6-11-15-17,0.654065,0.788811
Garden,local3,1-4-8-14-19,0.535201,0.696731
Porch,local3,3-12-15-21-24,0.589329,0.734051
Lunch_room,local3,3-5-7-13-21,0.310135,0.448961
Meeting_room,local3,9-10-15-17-22,0.530608,0.688213
Cantina,local3,0-3-12-14-15,0.487616,0.645617
Lounge,local3,0-6-10-13-18,0.593077,0.744160
Playground,local3,7-10-15-16-21,0.344694,0.503573
Pots,local3,4-6-11-15-24,0.653074,0.787637
Garden,local3,1-4-13-14-19,0.499718,0.662585
Porch,local3,9-11-15-21-24,0.562804,0.700532
Meeting_room,local3,2-10-15-22-23,0.538069,0.697329
Lunch_room,local3,5-11-13-15-21,0.355029,0.500920
Cantina,local3,13-14-15-16-22,0.480812,0.640617
Lounge,local3,0-6-18-19-24,0.588376,0.740412
Playground,local3,1-4-10-15-22,0.426704,0.582636
Pots,local3,2-4-6-7-23,0.591223,0.740039
Garden,local3,0-1-13-14-21,0.473287,0.639046
Porch,local3,4-5-8-9-11,0.622502,0.762349
Meeting_room,local3,2-6-11-12-13,0.488947,0.652339
Lunch_room,local3,1-6-11-17-21,0.388987,0.530859
Cantina,local3,3-12-14-15-24,0.541241,0.695365
Lounge,local3,6-9-18-22-23,0.543782,0.703524
Playground,local3,0-14-15-16-22,0.361787,0.520579
Pots,local3,4-6-15-21-24,0.629823,0.769305
Garden,local3,1-5-13-18-19,0.495418,0.658733
Porch,local3,8-9-11-13-18,0.541934,0.680824
Meeting_room,local3,2-10-13-21-24,0.555858,0.712222
Lunch_room,local3,1-2-5-13-18,0.370062,0.519206
Cantina,local3,3-9-10-14-15,0.543724,0.695722
Lounge,local3,0-1-8-10-18,0.577856,0.732034
Pots,local3,4-6-11-21-23,0.651613,0.787462
Playground,local3,1-4-15-16-24,0.404855,0.562279
Garden,local3,1-3-4-10-20,0.511778,0.676123
Porch,local3,4-7-9-11-24,0.534460,0.688236
Meeting_room,local3,2-11-13-20-21,0.535763,0.695354
Cantina,local3,0-10-11-14-24,0.453516,0.613760
Lounge,local3,1-6-7-10-23,0.582693,0.735519
Pots,local3,4-11-14-15-21,0.650676,0.784081
Lunch_room,local3,1-5-8-13-21,0.405334,0.551206
Porch,local3,2-4-11-21-24,0.590562,0.735513
Playground,local3,1-4-10-15-19,0.448334,0.604914
Garden,local3,7-12-14-22-24,0.496537,0.662547
Meeting_room,local3,2-10-16-20-24,0.545646,0.702702
Lounge,local3,0-6-10-12-18,0.590409,0.742109
Cantina,local3,3-7-9-10-15,0.534806,0.688392
Pots,local3,0-6-11-15-21,0.652864,0.788602
Porch,local3,4-9-11-20-24,0.633409,0.769791
Meeting_room,local3,2-10-13-20-21,0.555544,0.711876
Playground,local3,1-10-11-15-19,0.420424,0.579080
Garden,local3,1-4-9-13-23,0.456993,0.617170
Lunch_room,local3,1-4-19-21-23,0.396089,0.545278
Lounge,local3,1-6-8-10-18,0.581620,0.734784
Cantina,local3,3-10-14-15-16,0.512221,0.668929
Pots,local3,4-6-18-21-24,0.629923,0.769753
Meeting_room,local3,2-13-20-21-24,0.532307,0.692560
Porch,local3,2-4-9-22-24,0.602783,0.743308
Playground,local3,1-2-10-15-19,0.438293,0.596409
Garden,local3,1-5-7-14-19,0.546502,0.706502
Cantina,local3,3-8-9-14-15,0.530182,0.683806
Lounge,local3,6-10-15-17-18,0.578698,0.732466
Lunch_room,local3,1-5-12-13-19,0.370354,0.520578
Pots,local3,4-11-15-18-22,0.631318,0.769749
Meeting_room,local3,4-6-9-10-21,0.513262,0.671150
Porch,local3,3-9-11-21-24,0.598940,0.740557
Playground,local3,1-10-14-19-20,0.421996,0.580389
Garden,local3,4-7-8-15-19,0.527805,0.690422
Cantina,local3,10-14-15-16-24,0.520183,0.675134
Lounge,local3,6-7-9-14-18,0.539792,0.700057
Lunch_room,local3,1-5-17-19-21,0.414410,0.566324
Meeting_room,local3,2-3-10-13-24,0.530672,0.690035
Pots,local3,1-4-6-11-15,0.622448,0.763205
Porch,local3,1-11-13-21-24,0.581720,0.716544
Playground,local3,1-4-6-19-21,0.441986,0.598898
Garden,local3,1-2-14-22-24,0.517533,0.680637
Lounge,local3,0-1-18-19-20,0.598110,0.748038
Cantina,local3,10-13-14-15-19,0.501730,0.657690
Meeting_room,local3,2-10-13-16-21,0.550935,0.707531
Lunch_room,local3,1-5-9-11-19,0.405613,0.556179
Pots,local3,9-11-13-15-21,0.611862,0.756735
Porch,local3,4-12-13-21-24,0.512468,0.671600
Playground,local3,1-4-6-10-19,0.420728,0.573547
Garden,local3,1-2-6-7-18,0.538099,0.698907
Lounge,local3,1-13-18-19-20,0.577184,0.730597
Cantina,local3,4-9-14-15-18,0.462884,0.606823
Meeting_room,local3,2-7-9-13-22,0.537053,0.695390
Pots,local3,1-3-11-15-21,0.609489,0.751978
Porch,local3,4-8-9-11-21,0.612692,0.751240
Lunch_room,local3,1-12-14-19-21,0.340535,0.488530
Garden,local3,1-3-4-14-19,0.521934,0.685495
Playground,local3,1-8-15-19-20,0.411157,0.569937
Lounge,local3,0-9-18-19-20,0.565295,0.721819
Cantina,local3,9-10-14-15-23,0.499672,0.648343
Meeting_room,local3,2-10-13-18-21,0.543917,0.701609
Pots,local3,4-11-15-21-22,0.641113,0.776968
Porch,local3,2-4-9-11-24,0.580247,0.721851
Garden,local3,1-4-14-19-21,0.547399,0.707283
Playground,local3,4-6-15-18-21,0.367982,0.529304
Cantina,local3,3-4-9-10-15,0.536661,0.690477
Lunch_room,local3,0-7-12-13-21,0.308323,0.452293
Lounge,local3,1-5-18-19-20,0.571129,0.725320
Meeting_room,restart3,2-3-10-20-22,0.538073,0.696772
Pots,local3,2-4-6-7-15,0.602497,0.747955
Porch,local3,4-9-11-22-24,0.632897,0.768888
Garden,local3,2-4-7-14-19,0.533512,0.695405
Playground,local3,1-4-10-18-19,0.453000,0.607874
Meeting_room,local3,2-7-10-20-22,0.548480,0.705232
Cantina,local3,7-9-12-14-15,0.489759,0.637955
Lounge,local3,0-1-4-18-20,0.589926,0.741769
Pots,local3,5-7-11-15-22,0.638826,0.776058
Porch,local3,2-4-11-12-24,0.559609,0.705668
Lunch_room,local3,5-13-16-19-21,0.383613,0.537776
Garden,local3,1-4-5-7-22,0.532892,0.694709
Playground,local3,1-4-6-10-18,0.426024,0.579914
Meeting_room,local3,7-10-20-21-22,0.540332,0.695870
Lounge,local3,0-10-15-17-20,0.586405,0.738964
Cantina,local3,1-9-10-14-15,0.520271,0.671304
Porch,local3,5-14-20-21-24,0.511102,0.671184
Pots,local3,0-4-6-15-21,0.620274,0.761675
Garden,local3,1-4-7-14-20,0.547332,0.707076
Lunch_room,local3,1-5-7-16-19,0.403626,0.555736
Playground,local3,1-4-7-13-18,0.425065,0.581546
Meeting_room,local3,2-8-10-16-20,0.523205,0.682641
Cantina,local3,8-9-10-14-18,0.482526,0.629035
Lounge,local3,0-1-4-20-24,0.597889,0.748001
Pots,local3,4-13-15-19-21,0.618476,0.759352
Porch,local3,4-9-10-11-21,0.607678,0.747352
Garden,local3,1-4-10-14-19,0.533462,0.695320
Playground,local3,1-4-7-19-20,0.416749,0.574479
Meeting_room,local3,2-6-10-20-22,0.541108,0.699743
Lunch_room,local3,1-11-14-17-21,0.324448,0.465965
Lounge,local3,0-1-14-18-19,0.583823,0.736651
Cantina,local3,3-10-12-14-20,0.520949,0.675594
Pots,local3,4-5-6-11-24,0.646418,0.783527
Porch,local3,0-7-9-11-19,0.432120,0.591582
Garden,local3,1-7-13-14-19,0.518832,0.679388
Meeting_room,local3,7-10-20-22-23,0.543222,0.698529
Playground,local3,4-10-12-14-17,0.369956,0.524497
Lunch_room,local3,1-5-10-19-21,0.416140,0.567257
Lounge,local3,0-4-12-20-21,0.559850,0.717302
Cantina,local3,3-9-13-14-15,0.534310,0.688532
Pots,local3,2-4-5-11-18,0.608641,0.753018
Porch,local3,3-17-18-21-24,0.355779,0.505186
Meeting_room,local3,2-7-10-20-21,0.546601,0.703510
Garden,local3,4-7-8-14-19,0.533675,0.695522
Playground,local3,1-4-5-10-19,0.415668,0.568347
Lounge,local3,0-1-9-18-19,0.583342,0.736492
Cantina,local3,3-10-12-14-15,0.518944,0.674070
Lunch_room,local3,0-4-5-13-24,0.356533,0.506335
Pots,restart3,5-9-14-16-18,0.619331,0.762148
Porch,local3,4-11-12-16-21,0.587786,0.731745
Meeting_room,local3,2-3-5-10-22,0.508556,0.670383
Garden,local3,1-4-7-19-21,0.549805,0.709132
Playground,local3,1-10-13-18-19,0.418619,0.575596
Lounge,local3,0-1-17-18-19,0.584325,0.737093
Cantina,local3,3-4-9-10-14,0.514111,0.671056
Porch,local3,4-6-9-11-24,0.576827,0.718052
Pots,local3,9-14-16-18-21,0.638553,0.776669
Lunch_room,local3,3-5-13-19-21,0.314708,0.454007
Meeting_room,local3,2-7-10-15-20,0.532711,0.690785
Garden,local3,4-5-14-17-24,0.487768,0.655075
Playground,local3,1-4-18-19-22,0.496066,0.652311
Lounge,local3,7-12-18-19-20,0.543415,0.702448
Cantina,local3,4-9-10-12-17,0.463714,0.611352
Porch,local3,9-11-12-16-24,0.530714,0.666216
Pots,local3,1-9-14-17-21,0.619825,0.761274
Meeting_room,local3,2-7-13-14-16,0.512884,0.672965
Lunch_room,local3,1-4-5-7-16,0.385467,0.532558
Garden,local3,1-4-14-18-19,0.537025,0.698428
Playground,local3,1-4-13-18-22,0.432221,0.587730
Lounge,local3,7-17-18-19-20,0.540417,0.699637
Cantina,local3,3-9-10-14-22,0.503340,0.660132
Porch,local3,4-9-11-21-23,0.634941,0.771596
Meeting_room,local3,1-7-20-22-23,0.512624,0.673249
Pots,local3,4-9-10-14-16,0.610056,0.753598
Garden,local3,1-7-14-19-23,0.505143,0.665078
Playground,local3,1-4-17-18-22,0.447255,0.603696
Lunch_room,local3,5-13-19-20-23,0.338404,0.480111
Lounge,restart3,1-2-4-6-14,0.557376,0.714808
Cantina,restart3,0-2-13-15-22,0.444310,0.605534
Meeting_room,local3,2-4-5-10-16,0.497022,0.656656
Porch,restart3,4-7-13-18-24,0.403677,0.569843
Pots,local3,2-9-18-19-21,0.617725,0.760634
Garden,local3,1-7-14-19-24,0.543581,0.703730
Playground,local3,4-6-18-19-22,0.421033,0.580720
Lunch_room,local3,1-5-6-13-21,0.399696,0.545661
Lounge,local3,2-6-7-9-14,0.534919,0.695830
Cantina,local3,0-6-11-13-23,0.362205,0.516986
Meeting_room,local3,1-2-18-20-21,0.434373,0.600340
Pots,local3,2-9-14-16-18,0.606295,0.751606
Porch,local3,4-7-13-16-18,0.440936,0.608845
Garden,local3,3-7-8-14-17,0.503278,0.669064
Playground,local3,4-7-15-19-22,0.328290,0.480469
Lunch_room,local3,1-5-9-20-23,0.405455,0.551928
Lounge,local3,0-2-6-15-21,0.576777,0.731111
Cantina,local3,1-2-6-12-22,0.367334,0.525990
Meeting_room,local3,2-7-8-10-22,0.535462,0.693786
Pots,local3,4-14-15-16-17,0.610797,0.753814
Porch,local3,7-8-13-16-18,0.467709,0.628432
Garden,local3,1-4-14-16-19,0.551470,0.710600
Playground,local3,1-9-19-21-22,0.440199,0.598640
Lounge,local3,0-2-5-13-24,0.583509,0.736406
Cantina,local3,2-7-9-11-13,0.413307,0.573625
Lunch_room,local3,4-5-11-13-21,0.337038,0.483837
Meeting_room,local3,1-2-7-10-20,0.498825,0.658886
Pots,local3,8-9-14-16-24,0.632228,0.772072
Porch,local3,0-7-13-16-18,0.414890,0.575589
Garden,local3,4-15-16-17-19,0.523836,0.687274
Playground,local3,1-12-18-20-22,0.420439,0.579147
Lounge,local3,2-5-17-19-24,0.552863,0.710318
Cantina,local3,0-2-13-15-24,0.447391,0.608746
Meeting_room,local3,0-7-10-15-22,0.534345,0.692849
Lunch_room,local3,2-5-13-19-21,0.387247,0.541031
Pots,local3,9-12-16-18-21,0.609313,0.753865
Porch,local3,6-8-13-16-18,0.501958,0.648059
Garden,local3,1-3-11-14-22,0.503127,0.667907
Playground,local3,1-4-6-18-22,0.410231,0.562243
Lounge,local3,0-2-5-13-23,0.578933,0.732695
Cantina,local3,2-11-13-21-24,0.380864,0.540227
Meeting_room,local3,1-2-5-11-22,0.427648,0.593479
Lunch_room,local3,1-6-8-17-21,0.388618,0.533560
Porch,local3,6-13-16-18-21,0.458595,0.621533
Pots,local3,0-12-14-18-21,0.625573,0.767186
Garden,local3,1-14-16-19-20,0.546932,0.706719
Playground,local3,0-1-14-19-22,0.433081,0.593185
Lounge,local3,0-3-5-15-24,0.577905,0.732113
Cantina,local3,0-10-13-15-23,0.498513,0.654558
Meeting_room,local3,2-7-10-18-22,0.548250,0.704449
Lunch_room,local3,5-6-13-19-21,0.321360,0.461600
Porch,local3,2-6-8-13-18,0.535089,0.673924
Pots,local3,3-14-16-18-22,0.593831,0.740283
Garden,local3,4-14-16-18-19,0.509458,0.674507
Playground,local3,4-8-22-23-24,0.321462,0.463241
Meeting_room,local3,7-10-12-20-22,0.549310,0.703642
Lounge,local3,0-2-13-14-23,0.568590,0.724363
Cantina,local3,7-8-10-13-15,0.495517,0.647757
Porch,local3,6-8-13-18-22,0.533661,0.680180
Pots,local3,9-13-14-16-18,0.631487,0.771630
Garden,local3,1-4-14-19-24,0.534148,0.696052
Lunch_room,local3,0-4-5-19-21,0.373667,0.525061
Playground,local3,1-2-4-5-21,0.385636,0.540386
Meeting_room,local3,7-10-12-16-20,0.532922,0.687905
Cantina,local3,0-10-13-20-23,0.503845,0.658333
Lounge,local3,0-5-13-22-24,0.584108,0.736994
Porch,local3,2-16-18-19-20,0.517803,0.673238
Pots,local3,3-16-18-19-21,0.606850,0.751667
Garden,local3,4-10-14-16-19,0.534197,0.696174
Lunch_room,local3,1-9-13-19-21,0.379106,0.526382
Playground,local3,0-8-11-18-22,0.386495,0.544060
Meeting_room,local3,10-17-18-21-22,0.539925,0.695198
Cantina,local3,0-13-16-20-23,0.477432,0.636160
Lounge,local3,0-1-5-10-21,0.588306,0.740280
Garden,local3,1-3-4-16-19,0.529021,0.691746
Porch,local3,2-5-8-11-18,0.591382,0.729943
Pots,local3,2-13-14-16-21,0.609610,0.752685
Lunch_room,local3,1-5-10-13-21,0.389067,0.534900
Playground,local3,3-4-18-19-22,0.417623,0.578337
Meeting_room,local3,7-12-20-21-22,0.542528,0.698028
Cantina,local3,4-6-10-20-23,0.455741,0.617399
Lounge,local3,0-4-9-13-21,0.542140,0.702526
Porch,local3,2-5-11-18-20,0.586491,0.730963
Garden,local3,1-4-14-19-23,0.485389,0.646120
Pots,local3,2-4-8-9-14,0.583587,0.731945
Meeting_room,local3,6-7-10-12-16,0.512715,0.671467
Playground,local3,4-7-17-18-20,0.420207,0.577234
Lunch_room,local3,4-5-13-19-21,0.306616,0.441925
Cantina,local3,0-10-14-20-23,0.504903,0.659564
Lounge,local3,0-1-10-11-12,0.552216,0.709828
Porch,local3,2-5-9-11-18,0.588941,0.727469
Garden,local3,1-4-9-18-21,0.513037,0.676249
Pots,local3,6-14-16-18-21,0.637225,0.777069
Meeting_room,local3,6-9-12-20-22,0.534578,0.691056
Playground,local3,1-3-4-18-23,0.420833,0.573544
Cantina,local3,6-10-14-20-22,0.453404,0.608109
Lunch_room,local3,9-13-16-19-21,0.306600,0.457403
Lounge,local3,0-1-10-19-21,0.568057,0.723882
Porch,local3,2-5-10-11-18,0.586675,0.725736
Garden,local3,1-9-13-14-20,0.479383,0.641982
Pots,local3,9-14-16-21-23,0.639003,0.777268
Meeting_room,local3,1-4-20-21-22,0.459706,0.622972
Playground,local3,1-7-18-19-22,0.460358,0.618909
Cantina,local3,0-10-13-15-16,0.498667,0.654928
Lounge,local3,0-1-5-10-16,0.576789,0.730197
Porch,local3,2-7-9-13-18,0.532771,0.683896
Lunch_room,local3,5-10-13-19-21,0.287850,0.424615
Garden,local3,0-3-4-6-19,0.488437,0.655807
Pots,local3,9-13-16-21-23,0.636940,0.775780
Meeting_room,local3,0-7-10-20-22,0.542770,0.700484
Playground,local3,1-4-12-19-22,0.419507,0.573007
Cantina,local3,10-14-20-21-23,0.483910,0.638572
Porch,local3,1-2-8-11-12,0.548945,0.686214
Lounge,local3,0-4-5-10-23,0.578375,0.732512
Lunch_room,restart3,7-13-15-18-20,0.358055,0.505295
Garden,local3,1-6-13-14-16,0.512376,0.673896
Meeting_room,local3,1-7-12-17-20,0.487366,0.648376
Pots,local3,14-16-21-23-24,0.611959,0.755369
Playground,restart3,8-9-15-16-23,0.278113,0.427672
Cantina,local3,4-10-14-20-23,0.495466,0.649305
Porch,local3,3-8-11-18-22,0.533907,0.675163
Lounge,local3,1-5-10-14-21,0.578025,0.731988
Meeting_room,local3,0-2-4-12-20,0.520227,0.680469
Garden,local3,1-4-14-15-23,0.464770,0.626860
Pots,local3,0-9-15-16-23,0.622465,0.765012
Lunch_room,local3,7-15-18-20-22,0.374986,0.520907
Playground,local3,14-15-16-20-23,0.215760,0.348340
Cantina,local3,0-4-5-10-17,0.428401,0.589481
Porch,local3,2-8-10-11-21,0.569462,0.707447
Lounge,local3,5-10-11-21-24,0.568844,0.724464
Meeting_room,local3,7-9-12-20-22,0.529374,0.686912
Garden,local3,4-8-14-16-22,0.519392,0.683114
Pots,local3,1-9-16-21-23,0.625930,0.766891
Playground,local3,9-14-16-17-19,0.292298,0.444704
Porch,local3,2-5-8-11-12,0.574751,0.712893
Cantina,local3,0-7-10-20-23,0.497300,0.652635
Lunch_room,local3,2-4-5-7-15,0.368452,0.515514
Lounge,local3,1-5-10-15-21,0.579018,0.732855
Meeting_room,local3,7-10-12-21-22,0.543030,0.697686
Garden,local3,1-7-8-9-16,0.503754,0.665524
Pots,local3,9-14-16-22-23,0.629452,0.769644
Playground,local3,9-12-14-16-19,0.275129,0.425203
Porch,local3,2-5-7-11-18,0.528512,0.678555
Cantina,local3,10-16-19-20-23,0.490313,0.650181
Lounge,local3,0-8-10-17-24,0.579889,0.733819
Meeting_room,local3,11-12-17-22-24,0.535716,0.694084
Lunch_room,local3,7-10-15-16-18,0.269783,0.401762
Garden,local3,0-1-16-19-23,0.462920,0.625298
Pots,local3,5-9-10-16-23,0.601999,0.748263
Playground,local3,9-14-16-17-21,0.296706,0.449898
Porch,local3,2-5-7-8-18,0.565890,0.709969
Cantina,local3,10-14-20-22-23,0.520158,0.674964
Lounge,local3,0-1-5-16-24,0.574865,0.728124
Meeting_room,local3,10-11-12-13-20,0.541829,0.696899
Lunch_room,local3,8-15-18-20-22,0.387054,0.536625
Garden,local3,1-4-5-10-24,0.513897,0.678014
Pots,local3,4-5-9-21-23,0.617483,0.760535
Playground,local3,2-9-16-20-21,0.371314,0.526006
Porch,local3,2-4-8-10-11,0.561506,0.703434
Cantina,local3,4-14-20-22-23,0.486620,0.643118
Lounge,local3,1-5-10-13-21,0.582651,0.735555
Meeting_room,local3,7-8-10-20-22,0.522452,0.680196
Garden,local3,4-16-17-19-21,0.527454,0.690317
Lunch_room,local3,2-8-15-18-22,0.344236,0.489117
Pots,local3,9-14-17-21-23,0.637909,0.776176
Playground,local3,2-11-16-20-21,0.365159,0.522289
Porch,local3,2-5-9-11-22,0.589907,0.729427
Cantina,local3,10-12-21-22-24,0.478847,0.639494
Meeting_room,local3,1-12-13-18-22,0.447655,0.612307
Lounge,local3,1-5-6-10-21,0.587532,0.739509
Garden,local3,1-4-14-16-21,0.544253,0.704487
Pots,local3,0-3-16-22-23,0.597944,0.745419
Playground,local3,1-2-16-20-21,0.407864,0.565537
Porch,local3,0-2-6-8-19,0.465966,0.618877
Lunch_room,local3,8-14-15-18-22,0.335610,0.476861
Meeting_room,local3,3-7-18-20-22,0.525967,0.683987
Cantina,local3,10-14-19-20-23,0.512376,0.667631
Lounge,local3,0-5-10-14-18,0.582376,0.735741
Garden,local3,1-14-16-18-19,0.539332,0.700267
Pots,local3,9-10-16-21-23,0.628379,0.769110
Porch,local3,2-8-11-12-18,0.564881,0.703843
Playground,local3,1-2-7-20-21,0.404803,0.561303
Meeting_room,local3,2-9-10-20-21,0.545999,0.703222
Lunch_room,local3,8-15-18-19-22,0.356861,0.507885
Cantina,local3,10-19-20-22-23,0.490774,0.649259
Lounge,local3,0-1-5-10-22,0.586433,0.738841
Garden,local3,0-4-7-14-20,0.519636,0.683677
Pots,local3,14-16-19-21-23,0.620000,0.762859
Porch,local3,1-2-5-8-18,0.588867,0.725642
Playground,local3,2-3-15-20-24,0.341576,0.487851
Meeting_room,local3,7-10-11-12-22,0.542791,0.698151
Cantina,local3,5-14-20-21-23,0.514357,0.673386
Lounge,local3,1-5-10-16-21,0.567191,0.721815
Lunch_room,local3,8-11-15-16-22,0.268570,0.403154
Garden,local3,1-4-14-16-23,0.503544,0.664184
Pots,local3,8-9-14-16-21,0.630146,0.770654
Porch,local3,4-5-8-11-14,0.616416,0.757604
Meeting_room,local3,4-7-10-12-20,0.512050,0.669724
Playground,local3,0-1-2-3-14,0.364527,0.517539
Cantina,local3,16-17-20-22-23,0.517678,0.675722
Lounge,local3,0-1-10-21-24,0.533843,0.694117
Garden,local3,1-8-14-19-20,0.536011,0.697348
Lunch_room,local3,3-8-15-18-22,0.286275,0.424677
Pots,local3,6-9-14-16-23,0.598145,0.745474
Porch,local3,2-5-8-11-14,0.575868,0.713952
Meeting_room,local3,5-10-12-20-22,0.521895,0.680565
Playground,local3,2-13-15-16-22,0.312049,0.456846
Cantina,local3,10-14-22-23-24,0.499464,0.658071
Lounge,local3,0-1-10-11-21,0.512101,0.673907
Garden,local3,1-4-11-14-19,0.536764,0.697421
Lunch_room,local3,8-15-20-22-23,0.293205,0.432728
Pots,local3,9-14-19-20-24,0.635828,0.775055
Meeting_room,local3,10-12-13-15-21,0.539655,0.695170
Porch,local3,4-5-8-11-22,0.615282,0.758536
Playground,local3,0-7-12-20-21,0.388153,0.546449
Cantina,local3,10-14-15-22-23,0.516517,0.672390
Lounge,local3,4-5-17-20-21,0.514120,0.677967
Garden,local3,1-2-4-8-14,0.547036,0.706648
Meeting_room,local3,0-10-12-14-18,0.531794,0.690669
Pots,local3,8-9-10-16-21,0.628269,0.768926
Porch,local3,2-4-5-8-19,0.583588,0.730137
Lunch_room,local3,6-15-18-20-22,0.387965,0.530838
Playground,local3,1-2-4-16-21,0.415113,0.570931
Lounge,local3,1-4-5-8-21,0.554220,0.711803
Cantina,local3,10-13-16-22-23,0.448509,0.609448
Meeting_room,local3,6-7-10-20-22,0.528518,0.685665
Garden,local3,1-4-14-15-16,0.520181,0.683530
Pots,local3,8-9-14-16-23,0.618801,0.761567
Porch,local3,5-8-11-14-19,0.614026,0.750605
Playground,local3,1-2-16-21-24,0.422410,0.579463
Lounge,local3,0-2-4-18-21,0.572869,0.728093
Lunch_room,local3,6-9-15-18-20,0.356813,0.498909
Cantina,local3,10-18-20-22-23,0.478652,0.638955
Meeting_room,local3,4-9-10-14-20,0.507484,0.665763
Garden,local3,1-6-14-16-19,0.544033,0.704079
Porch,local3,5-11-12-14-15,0.569318,0.708750
Pots,local3,4-9-16-21-23,0.621014,0.762894
Playground,local3,2-5-6-21-24,0.353707,0.505383
Lounge,local3,0-2-5-10-21,0.590870,0.742285
Meeting_room,local3,3-7-10-12-22,0.519625,0.678830
Cantina,local3,8-10-14-20-23,0.483418,0.636297
Porch,local3,3-4-5-11-14,0.497225,0.658201
Playground,local3,1-9-16-21-24,0.408640,0.564672
Garden,local3,4-14-15-16-19,0.509623,0.674859
Pots,local3,4-12-15-16-23,0.618217,0.761678
Lunch_room,local3,6-7-18-20-22,0.339714,0.479645
Lounge,local3,0-5-10-21-22,0.571789,0.727031
Meeting_room,local3,3-10-12-17-20,0.520811,0.678774
Porch,local3,5-8-14-15-23,0.605460,0.741110
Cantina,local3,8-16-21-22-23,0.502595,0.661901
Playground,local3,1-2-4-16-24,0.415500,0.568583
Garden,local3,1-4-16-20-22,0.523222,0.686150
Pots,local3,3-9-16-21-23,0.621738,0.763878
Meeting_room,local3,0-7-10-11-22,0.540033,0.698055
Lounge,local3,2-5-7-10-21,0.557406,0.715064
Lunch_room,local3,3-6-15-18-22,0.341318,0.486340
Porch,local3,4-5-8-9-19,0.605564,0.750735
Cantina,local3,5-12-14-20-23,0.521639,0.677252
Playground,local3,1-2-10-16-21,0.430728,0.587578
Garden,local3,4-5-6-14-16,0.504566,0.670344
Pots,local3,1-9-14-16-23,0.615678,0.759032
Meeting_room,local3,3-12-14-20-22,0.517934,0.677714
Lounge,local3,0-2-5-10-15,0.590328,0.741986
Lunch_room,local3,3-6-15-18-20,0.349087,0.497664
Porch,local3,4-11-13-14-20,0.571238,0.719819
Cantina,local3,10-12-20-21-23,0.480809,0.634993
Playground,local3,6-14-16-20-21,0.350232,0.507990
Garden,local3,1-10-14-16-19,0.517565,0.681291
Meeting_room,local3,3-7-10-20-22,0.532968,0.690566
Pots,local3,14-19-21-23-24,0.624440,0.765225
Lounge,local3,0-10-12-21-22,0.522661,0.683010
Porch,local3,3-4-8-11-23,0.576280,0.718786
Cantina,local3,12-18-19-20-23,0.470732,0.628445
Lunch_room,local3,2-13-15-18-20,0.364457,0.514472
Meeting_room,local3,7-10-12-20-21,0.547004,0.701423
Playground,local3,3-8-10-11-21,0.301418,0.440164
Garden,local3,1-2-4-11-19,0.532339,0.693174
Pots,local3,1-15-16-21-24,0.589068,0.735662
Lounge,local3,0-1-2-5-10,0.594735,0.745399
Porch,local3,4-8-11-14-21,0.611900,0.751304
Cantina,local3,2-3-12-20-23,0.461289,0.623964
Meeting_room,local3,4-7-10-13-17,0.507285,0.665740
Lunch_room,local3,7-15-18-20-23,0.377133,0.522955
Playground,local3,1-7-10-12-16,0.415930,0.573744
Garden,local3,1-14-16-19-24,0.541564,0.702222
Pots,local3,4-6-9-12-16,0.620301,0.763577
Porch,local3,4-8-11-14-16,0.587159,0.727769
Lounge,local3,0-2-5-17-22,0.579842,0.733665
Cantina,local3,2-5-12-13-20,0.454421,0.613298
Meeting_room,restart3,0-7-8-13-22,0.534591,0.693175
Lunch_room,local3,4-5-18-20-22,0.324525,0.466175
Playground,local3,2-10-16-20-21,0.365990,0.520612
Garden,local3,1-6-14-16-24,0.532010,0.693868
Pots,local3,2-9-14-15-16,0.612152,0.755364
Porch,local3,4-8-12-14-23,0.591052,0.728345
Meeting_room,local3,0-1-7-8-13,0.502591,0.661712
Lounge,local3,0-1-2-5-23,0.585041,0.737611
Cantina,local3,4-5-14-16-21,0.401213,0.555716
Lunch_room,local3,0-3-7-18-20,0.357269,0.511979
Playground,local3,1-7-12-16-21,0.411241,0.569761
Garden,local3,1-3-4-7-12,0.522111,0.685593
Pots,local3,9-13-14-16-21,0.632203,0.772252
Porch,local3,4-5-8-14-20,0.576305,0.726663
Meeting_room,local3,0-7-13-17-22,0.529635,0.689177
Cantina,local3,5-12-14-18-20,0.457834,0.606740
Lounge,local3,0-1-2-10-13,0.586159,0.738433
Lunch_room,local3,5-6-12-15-22,0.311432,0.449847
Playground,local3,0-1-2-16-21,0.425988,0.584733
Garden,local3,4-9-11-14-15,0.455916,0.623019
Pots,local3,1-9-12-14-16,0.620735,0.763142
Porch,local3,2-4-5-11-21,0.566976,0.716400
Meeting_room,local3,7-15-17-20-22,0.523162,0.680771
Cantina,local3,0-5-9-12-14,0.456115,0.615577
Lounge,local3,0-2-5-10-12,0.592256,0.743432
Playground,local3,1-2-5-10-21,0.387173,0.540986
Lunch_room,local3,5-15-18-20-22,0.357751,0.502488
Garden,local3,1-4-16-18-19,0.548309,0.707948
Pots,local3,0-4-7-14-16,0.602207,0.747619
Meeting_room,local3,0-8-13-14-22,0.526409,0.686224
Porch,local3,4-5-8-12-14,0.600469,0.745008
Cantina,local3,3-5-12-14-23,0.415969,0.575238
Lounge,local3,0-1-5-11-12,0.593932,0.744593
Playground,local3,1-7-10-16-21,0.412318,0.569959
Garden,local3,1-4-5-14-17,0.541003,0.701925
Meeting_room,local3,0-7-12-13-22,0.535975,0.694323
Lunch_room,local3,6-15-16-18-22,0.407319,0.549080
Pots,local3,9-12-16-21-23,0.599782,0.746262
Porch,local3,4-5-8-11-23,0.622062,0.764072
Cantina,local3,5-12-14-22-23,0.426828,0.580902
Lounge,local3,0-2-3-5-14,0.567514,0.723491
Playground,local3,2-4-16-19-22,0.379127,0.532498
Meeting_room,local3,3-7-13-17-22,0.519535,0.678352
Garden,local3,1-4-16-17-19,0.545292,0.705440
Pots,local3,3-9-12-14-21,0.623470,0.764924
Lunch_room,local3,6-15-18-22-24,0.376055,0.518032
Porch,local3,4-5-8-14-23,0.592790,0.741212
Cantina,local3,2-5-12-14-23,0.397594,0.555237
Lounge,local3,1-2-3-5-8,0.566266,0.721775
Meeting_room,local3,5-6-12-13-22,0.455694,0.620002
Playground,local3,1-2-3-10-18,0.425074,0.579889
Garden,local3,1-4-7-16-19,0.548243,0.707779
Pots,local3,0-5-11-21-23,0.639502,0.778304
Porch,local3,4-5-8-16-23,0.589192,0.739087
Lunch_room,local3,0-15-16-19-22,0.317827,0.459333
Meeting_room,local3,7-9-12-14-17,0.517419,0.677043
Lounge,local3,2-6-10-12-20,0.564096,0.720609
Cantina,local3,5-12-14-16-20,0.514276,0.671245
Garden,local3,1-4-11-14-16,0.532940,0.694183
Playground,local3,1-8-10-16-21,0.406284,0.563249
Pots,local3,5-6-12-16-23,0.589760,0.738691
Porch,local3,4-5-6-14-23,0.533699,0.693666
Meeting_room,local3,0-7-12-18-22,0.533742,0.692699
Lunch_room,local3,1-6-10-18-20,0.385533,0.528245
Cantina,local3,5-14-15-20-23,0.507121,0.666343
Lounge,local3,1-2-5-7-8,0.566015,0.721442
Garden,local3,1-4-8-16-19,0.538211,0.699186
Pots,local3,0-4-5-8-11,0.609314,0.754045
Playground,local3,1-2-7-10-17,0.426139,0.583326
Porch,local3,5-8-12-15-23,0.618989,0.753064
Meeting_room,local3,2-3-12-17-22,0.519946,0.680670
Lunch_room,local3,0-6-7-16-24,0.357118,0.504070
Cantina,local3,4-5-14-20-23,0.484893,0.644924
Lounge,local3,0-1-2-5-7,0.586106,0.738427
Garden,local3,1-14-16-21-23,0.500587,0.661671
Pots,local3,2-10-11-19-21,0.619556,0.761587
Meeting_room,local3,0-6-12-13-22,0.500294,0.663277
Porch,local3,4-8-10-11-23,0.598429,0.734173
Playground,local3,1-9-11-16-21,0.400270,0.557874
Lunch_room,local3,1-6-10-16-22,0.381959,0.524398
Cantina,local3,5-8-12-14-23,0.512490,0.669576
Lounge,local3,0-1-5-20-24,0.600501,0.749790
Garden,local3,1-4-12-14-19,0.542422,0.702887
Meeting_room,local3,1-12-13-21-22,0.483937,0.647481
Pots,restart3,11-13-15-17-22,0.620112,0.762574
Porch,local3,2-4-5-11-14,0.568532,0.715333
Playground,local3,6-10-11-16-22,0.342715,0.494558
Cantina,local3,5-7-12-20-23,0.507217,0.666491
Lunch_room,local3,0-3-15-16-18,0.343684,0.497264
Lounge,local3,0-13-20-22-24,0.532535,0.691405
Porch,local3,4-5-8-11-13,0.611416,0.754446
Garden,local3,0-4-9-16-19,0.486987,0.653409
Pots,local3,3-9-13-15-22,0.628149,0.768601
Meeting_room,local3,1-7-9-12-22,0.519209,0.679299
Playground,local3,1-10-14-16-21,0.416059,0.574409
Cantina,local3,15-19-20-21-23,0.400156,0.561146
Lunch_room,local3,2-15-16-18-22,0.341778,0.487238
Lounge,local3,0-4-13-22-24,0.573044,0.728170
Porch,restart3,5-9-17-19-22,0.604928,0.745958
Garden,local3,0-1-4-14-19,0.509629,0.674790
Meeting_room,local3,0-5-7-12-22,0.492315,0.655796
Pots,local3,9-13-15-16-22,0.633049,0.773254
Playground,local3,0-2-16-20-21,0.427431,0.585473
Cantina,local3,9-12-14-20-23,0.498264,0.646451
Lounge,local3,0-1-5-15-20,0.586077,0.738602
Lunch_room,local3,12-15-16-18-23,0.351605,0.499942
Porch,local3,5-8-9-19-21,0.607600,0.747789
Meeting_room,local3,0-7-12-23-24,0.541007,0.698948
Garden,local3,1-4-6-14-16,0.548420,0.707936
Pots,local3,9-12-13-16-17,0.607942,0.752473
Playground,local3,4-6-11-16-21,0.332072,0.484224
Cantina,restart3,1-7-9-22-23,0.443521,0.605842
Lounge,restart3,0-11-13-21-24,0.555445,0.712912
Porch,local3,2-5-13-16-19,0.491222,0.649329
Meeting_room,local3,7-11-12-23-24,0.544802,0.700245
Garden,local3,1-5-14-15-22,0.512053,0.676581
Lunch_room,local3,6-12-13-17-22,0.327293,0.467023
Pots,local3,9-15-16-20-22,0.640999,0.779436
Playground,local3,1-2-6-16-21,0.411663,0.567811
Cantina,local3,1-5-7-9-22,0.438732,0.601152
Lounge,local3,4-11-13-19-24,0.543664,0.703083
Meeting_room,local3,0-11-12-23-24,0.472642,0.637239
Porch,local3,5-8-13-19-21,0.588987,0.735686
Garden,local3,3-4-16-19-20,0.482405,0.650550
Pots,local3,6-9-16-20-22,0.594755,0.742381
Playground,local3,1-2-6-10-16,0.428911,0.585925
Cantina,local3,1-7-9-10-22,0.478212,0.635617
Lunch_room,local3,6-10-12-16-18,0.308359,0.450843
Lounge,local3,0-9-11-13-24,0.566296,0.722542
Meeting_room,local3,7-8-11-23-24,0.528182,0.685371
Porch,local3,8-9-19-21-23,0.609691,0.746733
Garden,local3,1-8-11-16-17,0.493103,0.658485
Pots,local3,0-9-15-16-20,0.617770,0.761138
Playground,local3,2-10-14-19-21,0.376848,0.534349
Cantina,local3,1-7-10-16-22,0.442561,0.606212
Lunch_room,local3,6-15-16-17-18,0.378635,0.522933
Lounge,local3,0-4-9-13-24,0.559852,0.717335
Meeting_room,local3,6-12-21-23-24,0.522745,0.682625
Porch,local3,8-9-10-11-23,0.538327,0.672860
Garden,restart3,0-13-18-20-24,0.446334,0.612194
Pots,local3,14-15-16-20-22,0.604995,0.749034
Playground,local3,1-3-5-10-19,0.411320,0.564752
Cantina,local3,1-3-9-16-22,0.450409,0.609603
Lunch_room,local3,4-11-15-16-18,0.299715,0.446119
Meeting_room,local3,11-12-17-23-24,0.534973,0.693828
Lounge,local3,0-7-11-13-24,0.567397,0.723225
Porch,local3,8-10-16-19-21,0.572855,0.713919
Garden,local3,0-2-13-14-20,0.466838,0.632758
Pots,local3,1-9-15-19-20,0.616436,0.759526
Playground,local3,2-6-10-16-18,0.384508,0.539468
Cantina,local3,1-7-9-17-22,0.458758,0.620006
Meeting_room,local3,4-5-7-17-23,0.474089,0.635318
Lounge,local3,0-1-3-7-24,0.595071,0.745500
Lunch_room,local3,8-17-18-20-22,0.351702,0.501935
Porch,local3,8-11-19-20-21,0.606929,0.745938
Garden,local3,0-2-3-20-22,0.483245,0.650517
Pots,local3,6-9-13-15-22,0.612481,0.757561
Playground,local3,1-5-11-13-21,0.373517,0.526641
Cantina,local3,1-9-10-12-22,0.491244,0.645191
Meeting_room,local3,7-11-12-15-23,0.527850,0.685640
Lounge,local3,1-3-5-19-22,0.574161,0.728315
Porch,local3,3-7-9-13-21,0.502682,0.658084
Lunch_room,local3,6-9-15-21-22,0.310058,0.443901
Garden,local3,0-3-20-21-22,0.481086,0.648794
Pots,local3,3-9-10-22-23,0.626568,0.767748
Playground,local3,5-10-16-18-24,0.392714,0.549862
Cantina,local3,1-7-9-12-22,0.468244,0.627405
Meeting_room,local3,0-1-8-11-23,0.506014,0.668205
Porch,local3,5-8-9-19-23,0.608999,0.748895
Lounge,local3,1-3-7-9-24,0.561325,0.717935
Garden,local3,0-2-20-22-24,0.481852,0.649021
Lunch_room,local3,0-6-15-20-22,0.367496,0.510784
Pots,local3,3-6-16-20-22,0.608586,0.754254
Playground,local3,0-2-7-16-20,0.418686,0.577018
Cantina,local3,10-19-20-21-22,0.477174,0.635795
Meeting_room,local3,7-11-22-23-24,0.539916,0.696006
Porch,local3,8-19-21-22-23,0.589874,0.735403
Lounge,local3,1-4-17-23-24,0.558039,0.714985
Garden,local3,2-3-5-20-22,0.502505,0.668335
Lunch_room,local3,5-15-16-18-22,0.359554,0.506398
Pots,local3,5-9-15-20-22,0.632427,0.772269
Playground,local3,1-2-5-16-21,0.407049,0.563345
Meeting_room,local3,7-11-12-15-24,0.529201,0.687066
Cantina,local3,7-10-12-15-22,0.479660,0.634717
Porch,local3,9-19-21-23-24,0.616424,0.755893
Lounge,local3,0-1-7-13-24,0.578948,0.732491
Garden,local3,2-5-20-22-23,0.473115,0.636619
Pots,local3,3-5-16-18-22,0.603820,0.749625
Lunch_room,local3,6-11-16-18-22,0.354787,0.494916
Playground,local3,3-10-15-16-21,0.371073,0.525418
Meeting_room,local3,8-11-20-22-24,0.528554,0.686520
Porch,local3,9-19-22-23-24,0.602632,0.742326
Cantina,local3,10-12-16-21-22,0.467594,0.628533
Lounge,local3,3-13-20-23-24,0.562254,0.718613
Garden,local3,3-8-20-22-24,0.480527,0.648075
Pots,local3,9-16-20-21-22,0.633367,0.772961
Lunch_room,local3,6-15-16-18-21,0.390914,0.532034
Meeting_room,local3,10-11-12-23-24,0.559186,0.712991
Playground,local3,1-3-10-16-24,0.443041,0.599335
Porch,local3,12-19-21-23-24,0.553434,0.706844
Cantina,local3,0-9-10-18-22,0.496482,0.650656
Lounge,local3,0-1-3-7-9,0.587926,0.739971
Garden,local3,3-5-16-20-22,0.471376,0.640421
Pots,local3,0-10-16-20-22,0.594255,0.742061
Lunch_room,local3,2-7-9-16-22,0.326862,0.471435
Meeting_room,local3,11-12-16-23-24,0.536016,0.694220
Playground,local3,7-10-20-23-24,0.365795,0.523939
Porch,local3,2-5-9-19-23,0.611334,0.749673
Cantina,local3,0-10-11-18-20,0.458483,0.618774
Lounge,local3,0-2-3-7-21,0.576222,0.730493
Pots,local3,1-15-16-20-22,0.609185,0.752807
Garden,local3,2-3-17-19-20,0.506801,0.672314
Meeting_room,local3,10-11-13-15-18,0.545171,0.700565
Lunch_room,local3,2-6-15-16-18,0.370296,0.515298
Playground,local3,1-10-11-16-17,0.433135,0.591510
Porch,local3,9-18-19-20-23,0.576918,0.716647
Cantina,local3,0-9-14-18-22,0.493443,0.649155
Lounge,local3,0-1-3-7-16,0.575727,0.729033
Pots,local3,2-15-16-20-22,0.602189,0.747021
Garden,local3,2-14-17-19-20,0.525602,0.688643
Meeting_room,local3,8-10-11-18-23,0.527499,0.684962
Porch,local3,19-20-21-23-24,0.449176,0.610476
Playground,local3,1-3-5-10-24,0.421909,0.578376
Lunch_room,local3,14-15-16-18-22,0.360195,0.501721
Cantina,local3,0-6-10-18-22,0.456742,0.618130
Lounge,local3,0-2-3-7-24,0.580510,0.734024
Pots,local3,9-13-16-20-22,0.631538,0.771698
Meeting_room,local3,5-10-12-16-23,0.501818,0.661193
Garden,local3,2-5-12-19-23,0.504484,0.668631
Playground,restart3,5-11-12-20-23,0.336137,0.490393
Porch,local3,9-13-19-21-23,0.590186,0.732693
Cantina,local3,0-9-10-14-22,0.494433,0.649233
Lunch_room,local3,6-11-15-16-22,0.334997,0.479857
Lounge,local3,1-3-12-13-21,0.565982,0.721382
Pots,local3,3-9-15-16-19,0.619629,0.762241
Meeting_room,local3,10-11-21-23-24,0.557256,0.711439
Garden,local3,8-14-17-19-20,0.537866,0.699232
Porch,local3,9-17-19-21-23,0.609060,0.747116
Playground,local3,5-6-12-14-22,0.291062,0.437566
Cantina,local3,9-10-18-21-22,0.475584,0.626537
Lunch_room,local3,2-6-14-16-22,0.381383,0.527469
Lounge,local3,0-1-3-9-24,0.588196,0.740297
Meeting_room,local3,8-12-20-23-24,0.536956,0.693671
Pots,local3,0-6-9-16-20,0.609343,0.755205
Garden,local3,5-8-14-19-20,0.519225,0.683167
Porch,local3,9-19-20-21-24,0.621182,0.760629
Playground,local3,5-9-11-12-23,0.316120,0.468642
Cantina,local3,7-9-10-18-22,0.474634,0.625550
Lunch_room,local3,6-15-16-22-23,0.366486,0.508442
Lounge,local3,0-7-13-20-24,0.573967,0.728598
Meeting_room,local3,5-12-18-22-24,0.440165,0.606040
Pots,local3,1-9-15-16-22,0.636175,0.774983
Garden,local3,8-14-17-20-23,0.478669,0.641036
Porch,local3,2-9-19-20-21,0.619082,0.757105
Playground,local3,1-2-11-12-20,0.412555,0.569637
Cantina,local3,9-11-14-18-24,0.447129,0.598873
Meeting_room,local3,0-2-10-23-24,0.525206,0.686494
Lounge,local3,0-1-15-20-24,0.598499,0.748335
Pots,local3,9-15-16-20-21,0.638044,0.777010
Lunch_room,local3,6-15-18-21-22,0.388889,0.531053
Garden,local3,8-17-19-20-21,0.519967,0.683753
Porch,local3,1-9-11-20-24,0.560255,0.698071
Playground,local3,8-11-12-14-20,0.273403,0.419431
Cantina,local3,0-13-14-17-18,0.478138,0.637384
Meeting_room,local3,10-11-12-17-23,0.551485,0.706153
Lounge,local3,2-9-15-21-24,0.519431,0.682939
Pots,local3,7-17-18-20-22,0.622886,0.764482
Lunch_room,local3,0-6-15-16-22,0.359866,0.505479
Garden,local3,3-6-8-14-19,0.512541,0.677281
Porch,local3,9-18-19-20-24,0.592012,0.732318
Playground,local3,1-11-13-17-20,0.391783,0.550158
Meeting_room,local3,1-5-8-10-11,0.466855,0.627401
Cantina,local3,2-9-10-18-22,0.471879,0.627621
Lounge,local3,0-1-2-6-21,0.591244,0.742515
Pots,local3,16-18-20-22-24,0.619823,0.762193
Lunch_room,local3,6-7-12-14-18,0.325399,0.462140
Garden,local3,3-8-17-19-23,0.448216,0.612795
Porch,local3,0-7-9-20-21,0.475280,0.636156
Playground,local3,2-4-11-14-24,0.376170,0.528518
Meeting_room,local3,4-10-12-23-24,0.546346,0.701172
Cantina,local3,0-8-9-18-22,0.480442,0.636843
Lounge,local3,0-15-20-22-24,0.566335,0.721562
Pots,local3,5-13-15-16-22,0.625226,0.766833
Garden,local3,1-8-17-19-20,0.532254,0.694209
Lunch_room,restart3,3-12-16-21-24,0.302294,0.452322
Porch,local3,9-13-19-20-21,0.590411,0.736449
Cantina,local3,5-9-10-18-22,0.480607,0.631435
Meeting_room,local3,4-13-21-23-24,0.525775,0.683790
Playground,local3,0-2-11-12-23,0.438693,0.596824
Lounge,local3,0-12-13-20-24,0.577331,0.731368
Pots,local3,2-9-15-16-20,0.608659,0.753362
Garden,local3,14-17-19-20-21,0.532111,0.694312
Porch,local3,2-9-18-20-24,0.615525,0.751318
Cantina,local3,0-10-12-18-20,0.468416,0.626518
Meeting_room,local3,0-1-4-11-23,0.482033,0.645799
Lunch_room,local3,3-12-16-23-24,0.256178,0.396808
Playground,local3,1-2-11-17-23,0.438111,0.595821
Pots,local3,9-10-15-20-22,0.630984,0.770855
Lounge,local3,1-9-11-20-21,0.543388,0.702978
Garden,local3,1-13-14-15-17,0.474268,0.638120
Porch,local3,13-19-20-23-24,0.411257,0.576581
Cantina,local3,0-9-18-22-24,0.476047,0.634498
Meeting_room,local3,9-10-11-12-24,0.550851,0.705877
Lunch_room,local3,3-12-13-16-24,0.281924,0.427449
Playground,local3,1-2-11-12-23,0.430533,0.588084
Pots,local3,3-9-15-16-20,0.614521,0.758000
Lounge,local3,0-1-15-16-24,0.570879,0.724824
Garden,local3,6-8-17-19-20,0.521117,0.684585
Porch,local3,9-19-20-21-22,0.604734,0.747807
Meeting_room,local3,9-10-11-12-23,0.548499,0.703541
Cantina,local3,0-9-12-18-22,0.493126,0.648367
Playground,local3,2-12-14-20-23,0.339236,0.489609
Lunch_room,local3,3-12-13-23-24,0.264741,0.405094
Pots,local3,0-15-16-19-20,0.614981,0.758744
Lounge,local3,0-8-10-15-20,0.577792,0.732068
Garden,local3,0-8-13-14-19,0.462205,0.628161
Porch,local3,5-9-20-21-24,0.603228,0.747827
Meeting_room,local3,5-6-12-22-24,0.466922,0.630829
Cantina,local3,0-1-9-10-24,0.472997,0.630223
Playground,local3,0-2-13-17-20,0.438657,0.597775
Pots,local3,1-8-15-16-22,0.614171,0.757940
Lunch_room,local3,12-16-17-19-21,0.313697,0.458910
Lounge,local3,0-1-18-19-24,0.596519,0.746750
Porch,local3,9-19-20-23-24,0.602010,0.740380
Garden,local3,3-8-14-17-19,0.500514,0.666837
Meeting_room,local3,10-11-17-21-23,0.550738,0.705694
Cantina,local3,1-4-5-9-10,0.464316,0.624063
Playground,local3,0-11-16-18-23,0.420026,0.579052
Pots,local3,2-3-9-16-22,0.597820,0.745387
Lunch_room,local3,1-11-16-19-21,0.332163,0.478503
Lounge,local3,0-1-3-15-24,0.590015,0.741767
Porch,local3,9-10-12-18-19,0.562804,0.701836
Meeting_room,local3,1-7-10-15-23,0.519868,0.679407
Garden,local3,8-9-14-19-20,0.493422,0.657704
Cantina,local3,0-9-10-21-22,0.487550,0.643015
Playground,local3,0-11-12-18-23,0.406692,0.564174
Pots,local3,2-9-15-16-22,0.622546,0.764987
Lounge,local3,0-12-16-20-23,0.564047,0.719327
Porch,local3,4-9-18-19-20,0.587740,0.733230
Lunch_room,local3,1-11-12-19-21,0.322925,0.469579
Meeting_room,local3,0-1-10-12-24,0.470862,0.633386
Garden,local3,4-11-17-19-20,0.516602,0.679880
Cantina,local3,0-4-9-16-22,0.452346,0.612806
Playground,local3,0-2-7-12-23,0.434423,0.593369
Pots,local3,1-3-15-19-22,0.605438,0.749906
Lounge,local3,0-1-12-15-20,0.587958,0.740089
Porch,local3,0-9-19-20-24,0.518353,0.677656
Lunch_room,local3,6-11-16-19-21,0.330326,0.474557
Meeting_room,local3,3-11-19-21-23,0.525515,0.684612
Garden,local3,12-14-19-20-22,0.526417,0.688903
Cantina,local3,9-10-16-18-22,0.522066,0.675084
Playground,local3,0-4-5-21-23,0.432036,0.590084
Pots,local3,5-9-15-18-22,0.636392,0.775248
Lounge,local3,0-1-6-12-17,0.579483,0.733164
Porch,local3,3-9-19-20-21,0.570472,0.716775
Meeting_room,local3,10-12-21-23-24,0.562191,0.714857
Lunch_room,local3,1-5-8-16-21,0.399043,0.545603
Garden,local3,11-14-17-18-20,0.509523,0.673803
Cantina,local3,8-10-16-18-22,0.485486,0.642481
Playground,local3,2-3-11-19-23,0.350659,0.499153
Pots,local3,9-13-15-20-24,0.622494,0.764661
Porch,local3,9-14-15-21-24,0.579658,0.715970
Lounge,local3,4-7-15-20-23,0.515673,0.679367
Meeting_room,local3,10-12-15-21-23,0.551972,0.706580
Garden,local3,7-8-14-17-20,0.511141,0.675368
Lunch_room,local3,6-8-9-16-21,0.297391,0.433132
Cantina,local3,2-8-10-16-19,0.435721,0.597134
Playground,local3,0-2-11-19-23,0.428656,0.584204
Pots,local3,1-2-20-22-23,0.599969,0.745935
Porch,local3,9-11-14-16-20,0.577354,0.714718
Lounge,local3,0-10-15-22-23,0.538051,0.696998
Meeting_room,restart3,5-7-14-22-23,0.503540,0.663851
Garden,local3,3-6-14-17-19,0.514804,0.679283
Cantina,local3,10-11-15-16-22,0.475046,0.632168
Lunch_room,local3,1-5-8-9-21,0.400460,0.544177
Playground,local3,0-5-10-17-23,0.424160,0.581700
Pots,local3,3-15-16-20-22,0.605712,0.749831
Porch,local3,9-19-20-21-23,0.611042,0.753002
Meeting_room,local3,2-5-7-10-20,0.510920,0.670687
Lounge,local3,1-2-14-15-20,0.568356,0.723936
Garden,local3,2-14-17-20-21,0.520534,0.684180
Cantina,local3,0-13-16-18-22,0.442678,0.605378
Lunch_room,local3,1-5-9-21-23,0.395310,0.539500
Playground,local3,0-12-13-19-20,0.383478,0.542531
Pots,local3,9-13-14-17-20,0.624399,0.766310
Porch,local3,8-13-20-21-24,0.584204,0.730437
Meeting_room,local3,2-5-10-15-20,0.485190,0.648211
Lounge,local3,0-15-16-20-22,0.556569,0.713063
Garden,local3,4-14-16-17-21,0.519915,0.683899
Cantina,local3,1-2-10-16-22,0.425061,0.588180
Lunch_room,local3,1-5-9-11-21,0.398205,0.542765
Pots,local3,2-9-15-20-23,0.604874,0.750205
Playground,local3,0-2-7-11-23,0.433379,0.591729
Porch,local3,5-13-19-20-24,0.347179,0.505405
Meeting_room,local3,2-5-9-10-15,0.502994,0.663105
Lounge,local3,0-1-15-19-20,0.593928,0.744749
Garden,local3,3-15-17-18-20,0.490148,0.657295
Cantina,local3,9-16-17-21-24,0.516488,0.672971
Lunch_room,local3,3-5-8-9-21,0.311508,0.445116
Pots,local3,2-9-12-16-24,0.612714,0.757635
Porch,local3,9-12-19-20-21,0.615227,0.752977
Playground,local3,0-2-12-20-23,0.431237,0.589031
Meeting_room,local3,0-5-7-10-20,0.507582,0.667227
Lounge,local3,0-1-3-20-24,0.600452,0.749772
Garden,local3,7-8-17-19-20,0.516663,0.680385
Cantina,local3,9-10-16-22-23,0.478702,0.634568
Pots,local3,5-7-10-16-22,0.604556,0.749872
Lunch_room,local3,5-8-10-20-21,0.322047,0.458901
Meeting_room,local3,0-2-3-5-10,0.471798,0.635305
Porch,local3,0-3-5-20-21,0.466946,0.633308
Playground,local3,0-1-4-10-12,0.436424,0.594444
Lounge,local3,0-1-16-20-24,0.585255,0.736400
Garden,local3,8-17-18-19-21,0.525848,0.688875
Cantina,local3,10-12-16-20-22,0.519608,0.673813
Pots,local3,9-15-16-17-20,0.638512,0.777076
Lunch_room,local3,5-17-19-21-23,0.401054,0.551627
Porch,local3,9-12-18-19-24,0.573158,0.710668
Meeting_room,local3,2-5-7-12-20,0.492513,0.654378
Playground,local3,0-2-12-16-17,0.446073,0.604492
Lounge,local3,2-3-9-12-24,0.542056,0.701678
Garden,local3,8-9-14-17-19,0.490634,0.655025
Pots,local3,1-5-9-15-16,0.622938,0.764583
Cantina,local3,8-16-18-22-24,0.501473,0.659954
Meeting_room,local3,4-5-7-11-15,0.436914,0.594634
Porch,local3,3-5-21-23-24,0.456165,0.616612
Lunch_room,local3,5-7-17-21-23,0.344283,0.488465
Playground,local3,0-2-12-15-19,0.433894,0.593612
Lounge,local3,0-1-13-20-24,0.594119,0.744680
Garden,local3,0-2-7-14-19,0.513550,0.678114
Pots,local3,5-9-14-15-23,0.633495,0.773074
Cantina,local3,5-9-16-18-22,0.497037,0.654819
Meeting_room,local3,5-7-10-20-24,0.514176,0.672181
Porch,local3,3-19-20-21-24,0.422638,0.578142
Lunch_room,local3,0-17-19-21-23,0.344336,0.493287
Playground,local3,0-2-10-12-13,0.425581,0.582417
Lounge,local3,0-1-11-20-24,0.586294,0.738611
Garden,local3,8-9-17-19-20,0.488193,0.652334
Pots,local3,9-11-13-17-22,0.628537,0.768031
Meeting_room,local3,7-10-20-21-24,0.540286,0.695990
Cantina,local3,7-10-13-16-22,0.473932,0.635681
Porch,local3,9-11-20-21-24,0.623563,0.757517
Playground,local3,0-2-4-12-17,0.431558,0.589809
Lunch_room,local3,0-5-17-19-21,0.394770,0.548081
Lounge,local3,3-8-12-20-21,0.554784,0.712694
Garden,local3,8-14-17-18-19,0.534382,0.696210
Pots,local3,9-16-17-20-22,0.615050,0.758540
Cantina,local3,10-11-20-22-23,0.486461,0.643539
Meeting_room,local3,7-10-14-20-21,0.530722,0.687856
Playground,local3,2-4-12-16-17,0.364425,0.513947
Porch,local3,1-6-9-14-20,0.533406,0.667931
Lunch_room,local3,17-19-21-22-23,0.342077,0.490306
Lounge,local3,1-7-10-20-24,0.581587,0.734658
Garden,local3,8-13-17-20-23,0.447802,0.610005
Pots,local3,0-7-9-10-16,0.620284,0.763325
Meeting_room,local3,2-7-10-20-23,0.551458,0.707856
Cantina,local3,1-3-4-16-18,0.436823,0.601399
Porch,local3,11-14-20-21-24,0.612735,0.749508
Playground,local3,1-7-12-16-17,0.424926,0.583626
Lounge,local3,1-2-3-20-24,0.582527,0.735184
Garden,local3,2-8-14-19-20,0.526491,0.689389
Lunch_room,local3,15-16-17-21-22,0.362926,0.506440
Pots,local3,3-9-14-16-20,0.604597,0.750362
Meeting_room,local3,2-7-10-14-23,0.536078,0.694720
Cantina,local3,9-10-13-18-22,0.480505,0.632234
Porch,local3,5-9-11-20-21,0.625014,0.762824
Playground,local3,0-2-16-17-23,0.444959,0.603147
Lounge,local3,0-1-3-10-20,0.588259,0.740164
Garden,local3,3-8-17-19-20,0.503296,0.669289
Lunch_room,local3,3-13-19-21-23,0.320715,0.467219
Meeting_room,local3,2-10-16-18-23,0.536406,0.695144
Pots,local3,7-9-15-20-22,0.617255,0.760459
Cantina,local3,9-14-16-18-22,0.530488,0.684238
Porch,local3,7-8-11-14-21,0.528057,0.672059
Garden,local3,0-2-5-8-17,0.503751,0.669562
Playground,local3,0-2-4-5-8,0.413957,0.571780
Lounge,local3,0-1-3-19-20,0.596538,0.746756
Lunch_room,local3,3-11-19-21-23,0.288615,0.429539
Meeting_room,local3,2-7-10-22-23,0.550720,0.706994
Pots,restart3,1-4-7-8-22,0.613095,0.756256
Cantina,local3,0-10-13-18-22,0.482678,0.640843
Porch,local3,7-9-11-20-21,0.513061,0.664294
Garden,local3,8-13-17-19-20,0.482435,0.646231
Meeting_room,local3,2-8-10-22-23,0.537930,0.696249
Cantina,local3,6-9-18-19-22,0.457117,0.611859
Lounge,local3,1-3-14-20-24,0.573826,0.728090
Playground,local3,0-5-12-17-24,0.425095,0.583205
Porch,restart3,6-16-17-18-22,0.497496,0.648342
Pots,local3,2-7-12-22-23,0.597873,0.745477
Lunch_room,local3,5-6-17-19-23,0.357246,0.505361
Garden,local3,6-7-11-14-19,0.512643,0.676305
Meeting_room,local3,2-7-20-23-24,0.537543,0.695943
Cantina,local3,6-10-14-18-20,0.418999,0.568924
Lounge,local3,3-7-14-20-24,0.547139,0.705850
Porch,local3,13-15-16-17-23,0.504208,0.654825
Playground,local3,0-12-16-17-19,0.388850,0.546127
Pots,local3,7-14-22-23-24,0.615873,0.759481
Garden,local3,8-17-19-20-22,0.506843,0.672004
Lunch_room,local3,1-2-6-21-23,0.376637,0.521898
Meeting_room,local3,7-10-18-20-24,0.541504,0.696353
Cantina,local3,14-15-16-18-22,0.507197,0.666907
Lounge,local3,3-14-20-22-23,0.512993,0.675227
Porch,local3,1-6-15-23-24,0.562115,0.695976
Playground,local3,2-12-15-17-18,0.351021,0.505220
Pots,local3,2-7-8-13-22,0.615432,0.759329
Meeting_room,local3,7-8-9-10-20,0.509148,0.667684
Garden,local3,8-10-14-19-20,0.506566,0.671484
Cantina,restart3,0-6-8-10-15,0.471821,0.631405
Lunch_room,local3,13-17-19-21-23,0.355741,0.507231
Lounge,local3,1-3-8-12-21,0.566578,0.722089
Porch,local3,1-13-15-16-24,0.553487,0.691812
Playground,local3,0-2-12-15-17,0.430944,0.590796
Pots,local3,4-7-14-15-18,0.623907,0.763597
Meeting_room,local3,6-7-10-16-23,0.524571,0.681555
Garden,local3,7-8-13-14-24,0.492679,0.656545
Cantina,local3,6-8-10-15-17,0.449813,0.602853
Lounge,restart3,1-2-8-12-13,0.542211,0.701634
Lunch_room,local3,5-10-15-17-19,0.305321,0.447340
Porch,local3,1-6-11-15-24,0.525584,0.660108
Playground,local3,14-15-16-17-19,0.201875,0.328278
Meeting_room,local3,2-10-11-20-23,0.554210,0.711067
Pots,local3,1-4-9-16-18,0.597549,0.743760
Garden,local3,11-13-14-17-19,0.495493,0.658847
Cantina,local3,6-7-8-14-15,0.457182,0.614876
Lounge,local3,2-6-12-20-22,0.543555,0.702774
Porch,local3,1-6-15-17-24,0.566835,0.700174
Lunch_room,local3,5-14-17-19-23,0.359611,0.507970
Meeting_room,local3,2-10-11-17-23,0.540072,0.698802
Playground,local3,0-2-9-10-16,0.442682,0.600489
Pots,local3,4-5-7-14-18,0.611614,0.755525
Garden,local3,6-8-14-20-23,0.475280,0.636598
Cantina,local3,0-1-8-10-15,0.491972,0.646168
Lounge,local3,6-10-12-20-22,0.564863,0.720720
Porch,local3,1-6-20-21-24,0.594193,0.735460
Meeting_room,local3,2-3-8-10-20,0.514231,0.674333
Lunch_room,local3,2-6-17-22-23,0.373261,0.517547
Playground,local3,0-2-12-17-21,0.442050,0.600424
Pots,local3,0-4-7-14-15,0.609073,0.751923
Garden,restart3,1-11-17-19-22,0.507916,0.671621
Cantina,local3,1-8-10-12-15,0.492298,0.645290
Lounge,local3,3-5-10-19-20,0.561959,0.718531
Porch,local3,8-15-20-21-24,0.620760,0.757053
Meeting_room,local3,2-9-10-20-23,0.551787,0.708363
Playground,local3,0-5-7-12-23,0.401837,0.560149
Pots,local3,4-7-15-18-23,0.612879,0.755745
Lunch_room,local3,5-6-19-21-23,0.314028,0.451514
Garden,local3,1-11-19-21-22,0.507382,0.670819
Cantina,local3,1-8-10-11-15,0.468317,0.623040
Lounge,local3,5-10-12-20-22,0.574264,0.729065
Porch,local3,3-7-18-20-21,0.374738,0.529754
Meeting_room,local3,1-11-18-19-20,0.469540,0.632543
Playground,local3,0-2-12-16-20,0.443741,0.602408
Pots,local3,1-4-5-7-9,0.617937,0.760591
Lunch_room,local3,5-13-17-19-23,0.359217,0.514845
Garden,local3,1-5-6-19-22,0.532528,0.694289
Cantina,local3,0-1-5-12-15,0.457020,0.617499
Lounge,local3,5-10-12-20-21,0.570508,0.725993
Porch,local3,8-17-20-21-24,0.599791,0.742960
Meeting_room,local3,6-10-16-21-23,0.543199,0.697897
Playground,local3,0-12-16-17-24,0.405341,0.560326
Pots,local3,0-1-3-14-15,0.592967,0.738978
Garden,local3,0-1-5-16-22,0.496818,0.662869
Cantina,local3,1-8-12-15-21,0.481723,0.637882
Lounge,local3,10-12-13-20-22,0.507769,0.669270
Lunch_room,local3,5-17-22-23-24,0.345715,0.489928
Meeting_room,local3,2-9-11-20-23,0.547509,0.704848
Porch,local3,8-13-18-21-24,0.584294,0.726842
Pots,local3,4-11-14-18-24,0.639261,0.775569
Playground,local3,0-2-5-12-16,0.429153,0.588010
Garden,local3,1-5-6-21-22,0.532670,0.694422
Lounge,local3,3-5-10-16-18,0.538637,0.697860
Cantina,local3,8-9-10-12-15,0.492726,0.638514
Meeting_room,local3,0-2-6-9-11,0.521843,0.683259
Porch,local3,7-8-20-21-24,0.522634,0.680534
Lunch_room,local3,16-17-19-21-24,0.369493,0.516607
Pots,local3,4-8-14-17-18,0.597499,0.743927
Playground,local3,0-16-17-20-23,0.417303,0.577452
Garden,local3,5-6-15-21-24,0.522790,0.686207
Lounge,local3,5-10-12-20-24,0.573434,0.728215
Cantina,local3,5-9-10-12-20,0.492166,0.639026
Meeting_room,local3,4-6-10-20-24,0.518414,0.676276
Porch,local3,2-5-8-10-15,0.572104,0.710821
Pots,local3,4-6-14-15-18,0.633056,0.772382
Lunch_room,local3,15-17-19-21-23,0.364975,0.510652
Playground,local3,2-12-16-17-21,0.351132,0.505347
Garden,local3,5-6-10-19-21,0.532681,0.694867
Lounge,local3,5-10-12-14-20,0.562361,0.719166
Cantina,local3,3-8-9-10-16,0.513387,0.667943
Meeting_room,local3,2-11-20-22-24,0.532491,0.692836
Porch,local3,4-8-15-20-21,0.632078,0.769920
Pots,local3,4-11-14-19-24,0.647123,0.782474
Playground,local3,0-6-9-16-17,0.433875,0.592788
Garden,local3,5-6-10-19-23,0.473809,0.635506
Lunch_room,local3,2-5-12-19-22,0.338166,0.490537
Lounge,local3,5-10-12-22-24,0.571954,0.727134
Meeting_room,local3,2-7-10-11-23,0.547984,0.705015
Cantina,local3,3-8-9-10-17,0.525217,0.679599
Porch,local3,0-4-12-13-15,0.456836,0.615800
Pots,local3,4-14-16-20-21,0.604000,0.748263
Playground,local3,0-1-4-17-20,0.431295,0.589284
Garden,local3,5-7-8-10-21,0.530518,0.692720
Meeting_room,local3,2-10-11-20-22,0.550483,0.707845
Lounge,local3,3-5-10-12-22,0.565918,0.721959
Cantina,local3,6-8-9-15-16,0.454157,0.607307
Porch,local3,4-6-10-15-21,0.587256,0.729483
Lunch_room,local3,5-6-17-21-23,0.352718,0.497350
Pots,local3,2-4-11-19-24,0.618149,0.759890
Playground,local3,4-8-12-13-17,0.309667,0.451525
Garden,local3,10-13-16-19-21,0.504371,0.666450
Meeting_room,local3,5-7-10-11-20,0.498697,0.656991
Lounge,local3,2-5-10-12-15,0.551641,0.710208
Cantina,local3,3-8-9-17-24,0.504510,0.662942
Porch,local3,1-4-6-20-22,0.610469,0.749184
Lunch_room,local3,5-12-17-19-23,0.298373,0.448278
Pots,local3,1-4-16-19-24,0.594202,0.740873
Playground,local3,0-7-12-16-17,0.419843,0.579857
Garden,local3,3-5-6-10-19,0.491293,0.658217
Meeting_room,local3,0-9-10-11-23,0.544584,0.701626
Cantina,local3,3-8-10-17-20,0.520992,0.678160
Lounge,local3,1-5-12-19-22,0.574320,0.728309
Porch,local3,2-6-10-15-20,0.545503,0.682629
Pots,local3,4-10-14-19-24,0.615572,0.757205
Lunch_room,local3,2-8-17-21-22,0.372521,0.519379
Garden,local3,5-6-7-19-21,0.538056,0.699288
Playground,local3,2-7-10-12-15,0.360088,0.510284
Meeting_room,local3,2-11-16-20-23,0.535168,0.694875
Porch,local3,8-13-14-15-20,0.530019,0.673171
Cantina,local3,9-10-12-15-22,0.502478,0.650499
Lounge,local3,5-6-12-19-22,0.557127,0.713977
Pots,local3,11-14-15-19-24,0.642491,0.780226
Garden,local3,6-7-11-22-23,0.479513,0.644298
Lunch_room,local3,4-5-9-17-23,0.317154,0.453108
Playground,local3,0-2-12-13-16,0.408678,0.567073
Porch,local3,8-9-15-20-24,0.573772,0.711520
Meeting_room,local3,10-11-15-20-23,0.554505,0.709569
Lounge,local3,6-12-18-19-22,0.558370,0.714957
Cantina,local3,3-9-17-18-20,0.504421,0.664184
Pots,local3,5-11-22-23-24,0.629858,0.769013
Garden,local3,5-7-10-19-21,0.534599,0.696285
Lunch_room,local3,5-12-17-22-23,0.282878,0.427984
Playground,restart3,0-5-6-22-23,0.396082,0.553260
Porch,local3,4-8-10-15-24,0.606714,0.745094
Meeting_room,local3,9-11-15-20-23,0.548405,0.704002
Pots,local3,7-10-15-19-24,0.637326,0.775362
Cantina,local3,1-3-9-10-17,0.480435,0.637086
Lounge,local3,12-20-21-22-23,0.493134,0.657075
Garden,local3,5-7-17-19-21,0.529774,0.692180
Lunch_room,local3,14-17-19-21-23,0.355045,0.501954
Porch,local3,4-6-8-15-21,0.592133,0.733831
Playground,local3,0-4-6-17-22,0.431713,0.588335
Meeting_room,local3,0-5-10-11-15,0.472366,0.633603
Pots,local3,9-16-19-21-24,0.628892,0.769528
Cantina,local3,3-8-9-17-21,0.511885,0.670231
Garden,local3,5-6-13-19-21,0.505814,0.669123
Lounge,local3,12-17-19-22-24,0.554203,0.711531
Lunch_room,local3,10-12-17-21-22,0.259896,0.385922
Porch,local3,2-4-8-17-20,0.573925,0.718924
Meeting_room,local3,10-15-20-22-23,0.544375,0.700359
Playground,local3,0-1-3-4-17,0.399931,0.553919
Pots,local3,4-11-12-19-24,0.654915,0.789542
Cantina,local3,3-4-6-9-23,0.457654,0.622344
Garden,local3,4-6-18-21-24,0.527361,0.690190
Lounge,local3,1-5-12-16-19,0.545000,0.702645
Lunch_room,local3,5-12-15-17-23,0.308404,0.455122
Porch,local3,0-15-17-20-23,0.504463,0.657692
Meeting_room,local3,11-15-20-23-24,0.542548,0.699785
Playground,local3,4-6-13-17-22,0.313846,0.460003
Pots,local3,12-15-19-23-24,0.633387,0.773604
Cantina,local3,8-10-15-16-17,0.516325,0.669676
Garden,local3,4-5-6-9-21,0.474565,0.641888
Lounge,local3,5-12-16-21-22,0.532224,0.692480
Lunch_room,local3,5-9-17-19-21,0.355376,0.501456
Porch,local3,0-4-8-15-21,0.488068,0.649628
Meeting_room,local3,5-10-11-15-20,0.489219,0.647813
Playground,local3,6-11-17-18-22,0.368399,0.526178
Pots,local3,4-11-12-18-24,0.640642,0.777898
Cantina,local3,2-3-8-9-10,0.453398,0.613073
Garden,local3,5-6-9-14-23,0.457945,0.620492
Lounge,local3,1-2-12-19-22,0.558086,0.714295
Lunch_room,local3,5-19-21-22-23,0.344425,0.485980
Porch,local3,4-8-10-15-20,0.607322,0.747432
Meeting_room,local3,10-11-15-16-20,0.534629,0.691328
Playground,local3,4-6-9-17-22,0.312114,0.458276
Pots,local3,0-11-12-19-24,0.652276,0.787513
Cantina,local3,3-5-8-10-12,0.495089,0.655892
Garden,local3,1-5-7-10-22,0.527968,0.690496
Lounge,local3,2-5-12-19-22,0.552150,0.710145
Porch,local3,5-15-16-20-21,0.614475,0.754278
Lunch_room,local3,8-17-19-21-23,0.339473,0.487162
Meeting_room,local3,2-11-15-20-23,0.527504,0.688471
Playground,local3,0-3-4-6-17,0.395889,0.550013
Pots,local3,3-4-11-12-22,0.620421,0.761950
Cantina,local3,3-8-10-12-17,0.495779,0.653588
Garden,local3,1-5-6-7-20,0.539367,0.700345
Lounge,local3,1-5-12-13-14,0.561879,0.717782
Porch,local3,4-5-15-20-21,0.496629,0.654212
Meeting_room,local3,4-11-15-20-23,0.534692,0.691594
Lunch_room,local3,5-13-19-21-23,0.337242,0.477524
Playground,local3,0-4-6-7-22,0.403318,0.559854
Pots,local3,1-4-11-19-24,0.611508,0.754048
Cantina,local3,3-8-9-10-12,0.522484,0.675974
Porch,local3,3-4-8-20-21,0.514121,0.670464
Garden,local3,1-5-6-7-18,0.543613,0.703983
Lounge,local3,1-4-12-19-22,0.558479,0.715432
Lunch_room,local3,2-5-17-19-21,0.388664,0.540935
Meeting_room,local3,11-12-17-20-23,0.560405,0.714133
Playground,local3,0-6-17-18-22,0.421100,0.578475
Pots,local3,4-11-18-19-24,0.640403,0.777519
Cantina,local3,2-3-8-9-21,0.445842,0.607564
Porch,local3,4-10-15-20-21,0.594970,0.736685
Garden,local3,1-3-7-9-18,0.501405,0.664629
Meeting_room,local3,2-12-17-20-23,0.533806,0.693489
Lunch_room,local3,5-17-19-22-23,0.370203,0.521962
Lounge,local3,1-4-6-12-19,0.552413,0.710124
Playground,local3,0-6-13-17-22,0.420727,0.579134
Pots,local3,4-11-12-22-24,0.643044,0.779815
Cantina,local3,3-8-9-10-15,0.530301,0.682414
Porch,local3,3-8-15-20-21,0.583838,0.727960
Garden,local3,6-7-9-17-18,0.493823,0.658115
Meeting_room,local3,7-12-17-20-23,0.547257,0.702313
Lounge,local3,4-5-12-19-22,0.523652,0.686079
Lunch_room,local3,4-5-14-21-23,0.298431,0.433248
Playground,local3,0-4-6-11-22,0.409789,0.565049
Pots,local3,11-12-14-16-19,0.649296,0.783934
Cantina,local3,1-3-4-15-21,0.459389,0.624230
Porch,local3,4-6-10-15-20,0.578725,0.719174
Garden,local3,1-7-15-16-21,0.517032,0.680412
Meeting_room,local3,11-17-20-22-23,0.548275,0.704335
Lounge,local3,5-7-8-10-12,0.556467,0.714175
Playground,local3,0-4-5-17-22,0.428615,0.585412
Pots,local3,4-12-18-19-24,0.631911,0.772136
Lunch_room,restart3,7-8-17-20-21,0.325306,0.465145
Cantina,local3,9-10-12-15-16,0.507218,0.656252
Porch,local3,2-4-6-8-14,0.547008,0.686469
Garden,local3,5-6-7-18-20,0.535369,0.697085
Meeting_room,local3,10-11-17-20-23,0.559144,0.713195
Lounge,local3,1-12-19-22-24,0.560251,0.715986
Playground,local3,4-8-17-19-22,0.399264,0.560518
Pots,local3,1-4-12-19-24,0.603737,0.748793
Lunch_room,local3,3-7-17-20-21,0.318468,0.464143
Porch,local3,4-8-14-15-21,0.608804,0.749131
Cantina,local3,3-8-9-14-22,0.513017,0.669931
Meeting_room,local3,6-10-11-17-20,0.526590,0.683433
Garden,local3,1-8-15-18-22,0.463607,0.629672
Lounge,local3,1-5-7-11-22,0.579989,0.732981
Playground,local3,1-4-6-14-22,0.400383,0.554604
Pots,local3,4-6-8-11-19,0.648367,0.784795
Porch,local3,4-5-7-15-21,0.440635,0.606819
Cantina,local3,3-6-7-9-10,0.470334,0.633330
Lunch_room,local3,7-17-18-20-21,0.356709,0.500706
Printing_area,recheck3,2-8-13-20-24,0.710638,0.829050
Garden,local3,5-6-7-18-22,0.525726,0.688622
Lounge,local3,1-5-7-18-22,0.571928,0.726430
Playground,local3,0-3-4-17-22,0.434995,0.592217
Pots,local3,3-4-11-12-24,0.614233,0.756002
Porch,local3,8-15-19-20-21,0.605856,0.745811
Cantina,local3,3-4-8-9-15,0.530380,0.683691
Printing_area,local3,2-8-13-18-24,0.665665,0.796402
Lunch_room,local3,7-17-18-19-24,0.309640,0.455463
Garden,local3,0-1-2-5-6,0.512992,0.677596
Lounge,local3,1-7-11-14-22,0.545586,0.703782
Playground,local3,0-3-17-22-23,0.432299,0.590151
Porch,local3,0-4-16-19-20,0.467130,0.632712
Pots,local3,4-11-13-19-21,0.650472,0.785648
Cantina,local3,1-2-4-8-10,0.436139,0.599065
Printing_area,local3,2-8-9-15-24,0.640995,0.777352
Garden,local3,1-4-5-7-18,0.546847,0.706786
Lunch_room,local3,0-7-13-21-24,0.348366,0.496513
Lounge,local3,1-5-7-11-16,0.552256,0.709133
Playground,local3,1-4-7-13-17,0.423384,0.580025
Porch,local3,4-8-9-15-21,0.612778,0.751822
Pots,local3,11-12-16-17-19,0.645712,0.780848
Cantina,local3,2-3-8-9-15,0.465348,0.624871
Printing_area,local3,2-7-12-16-20,0.652069,0.786850
Garden,local3,0-5-7-9-20,0.483890,0.649802
Lunch_room,local3,1-4-12-18-21,0.368600,0.513445
Lounge,local3,1-10-11-18-20,0.533279,0.694930
Playground,local3,0-1-3-4-22,0.426785,0.584632
Porch,local3,3-4-5-7-8,0.418288,0.576698
Pots,local3,4-11-17-19-24,0.649341,0.784878
Printing_area,local3,2-8-13-21-24,0.677392,0.805134
Cantina,local3,3-4-8-13-15,0.508775,0.666319
Garden,local3,4-11-15-18-22,0.507363,0.671612
Lounge,local3,4-7-9-11-15,0.508453,0.673109
Lunch_room,local3,4-10-12-22-23,0.220653,0.346693
Playground,local3,3-4-17-19-22,0.395434,0.557401
Porch,local3,4-8-9-11-15,0.583206,0.724114
Pots,local3,4-11-19-20-24,0.639120,0.776456
Printing_area,local3,2-13-20-21-24,0.660161,0.792560
Cantina,local3,8-9-15-17-23,0.516255,0.664516
Garden,local3,1-5-7-16-18,0.546322,0.706259
Lounge,local3,1-5-7-22-24,0.575870,0.729725
Playground,local3,3-4-7-22-23,0.330236,0.476658
Porch,local3,0-9-12-15-21,0.498124,0.647441
Lunch_room,local3,1-4-6-12-18,0.374182,0.518001
Pots,local3,11-12-15-19-24,0.649696,0.785369
Printing_area,local3,4-5-12-13-20,0.598415,0.738861
Cantina,local3,2-4-10-11-15,0.441548,0.601135
Garden,local3,3-4-5-7-18,0.475434,0.644101
Lounge,local3,1-5-7-11-20,0.578428,0.731655
Playground,local3,0-3-11-19-24,0.426099,0.581103
Porch,local3,3-4-15-17-21,0.505979,0.665312
Pots,local3,4-18-19-23-24,0.605902,0.750175
Printing_area,local3,5-8-13-20-24,0.647797,0.774500
Lunch_room,local3,1-4-12-18-20,0.367025,0.512044
Garden,local3,1-4-5-7-20,0.543906,0.704274
Cantina,local3,3-4-11-13-18,0.450377,0.613174
Lounge,local3,1-3-7-11-22,0.551376,0.707944
Playground,local3,0-4-11-17-22,0.442356,0.599380
Porch,local3,4-8-15-17-21,0.614459,0.753989
Pots,local3,5-7-15-19-24,0.631481,0.771462
Printing_area,local3,2-5-7-14-20,0.618718,0.760895
Garden,local3,4-6-7-17-18,0.525225,0.688349
Cantina,local3,2-4-8-9-19,0.460042,0.619075
Lunch_room,local3,4-12-15-18-19,0.270671,0.412408
Lounge,local3,5-9-11-22-23,0.551103,0.709791
Playground,local3,0-1-4-17-22,0.435486,0.593230
Porch,local3,4-9-15-20-21,0.628752,0.766918
Pots,local3,3-4-7-12-24,0.610309,0.753811
Printing_area,local3,8-13-20-22-24,0.685894,0.802149
Garden,local3,0-4-5-7-18,0.510506,0.675796
Cantina,local3,4-8-9-15-19,0.474839,0.622843
Lunch_room,local3,2-4-6-12-18,0.350527,0.497102
Lounge,local3,0-5-11-20-22,0.588901,0.740820
Playground,local3,4-11-16-17-22,0.356610,0.509955
Porch,local3,4-7-8-15-20,0.535112,0.692464
Pots,local3,3-11-12-19-24,0.635120,0.773629
Printing_area,local3,8-11-16-20-24,0.652830,0.778809
Garden,local3,1-4-5-18-24,0.529298,0.691774
Cantina,local3,3-4-9-15-19,0.511753,0.669720
Lounge,local3,0-5-11-15-20,0.578898,0.732876
Lunch_room,local3,1-4-5-10-16,0.376635,0.523950
Playground,local3,4-11-12-17-22,0.325707,0.472178
Pots,local3,9-11-13-19-24,0.624370,0.765326
Zen,recheck3,2-11-15-18-22,0.584971,0.735869
Printing_area,local3,1-2-8-13-20,0.621895,0.763848
Garden,local3,1-2-4-18-21,0.543441,0.703594
Cantina,local3,8-12-15-16-22,0.545080,0.695790
Lounge,local3,0-6-11-22-24,0.576069,0.729466
Playground,local3,4-6-11-22-23,0.301375,0.441729
Pots,local3,4-7-11-12-24,0.638089,0.776341
Lunch_room,local3,1-4-5-10-24,0.382809,0.529948
Printing_area,local3,0-2-8-13-20,0.608941,0.754097
Zen,local3,9-10-11-15-22,0.470941,0.631641
Garden,local3,4-5-7-12-18,0.501874,0.667698
Cantina,local3,8-11-12-19-22,0.450943,0.607340
Lounge,local3,0-7-11-12-15,0.571586,0.726919
Playground,local3,0-4-9-13-15,0.426206,0.583436
Pots,local3,4-11-16-19-24,0.648930,0.784864
Printing_area,local3,2-3-13-18-20,0.593953,0.742145
Garden,local3,4-5-7-8-18,0.508187,0.673521
Zen,local3,2-8-11-17-18,0.493523,0.653042
Lunch_room,local3,1-4-9-16-22,0.364051,0.511446
Cantina,local3,1-9-16-22-24,0.471175,0.629783
Lounge,local3,0-5-11-18-22,0.583933,0.736880
Pots,local3,0-4-11-12-16,0.625409,0.767023
Playground,local3,0-4-11-14-17,0.442678,0.600362
Printing_area,local3,1-2-13-16-18,0.569621,0.716197
Garden,local3,1-4-7-8-14,0.544953,0.704995
Zen,local3,2-5-14-18-19,0.511072,0.665746
Cantina,local3,12-15-16-17-22,0.561553,0.711047
Lunch_room,local3,5-8-10-19-24,0.298809,0.435093
Lounge,local3,2-11-20-21-22,0.510062,0.672254
Pots,local3,4-11-13-18-24,0.637900,0.774716
Playground,local3,0-1-4-14-22,0.416398,0.573415
Printing_area,local3,2-3-8-15-23,0.586745,0.737027
Garden,local3,0-1-6-7-18,0.512809,0.677260
Zen,local3,2-8-14-18-22,0.492447,0.649185
Lounge,local3,0-3-5-20-21,0.580454,0.734088
Cantina,local3,13-15-16-17-22,0.515202,0.672432
Lunch_room,local3,4-5-11-15-24,0.322467,0.462084
Playground,local3,0-4-14-17-23,0.438598,0.596234
Printing_area,local3,0-2-7-13-20,0.551463,0.703302
Garden,local3,1-4-5-7-12,0.546106,0.706081
Zen,local3,2-3-15-18-22,0.517576,0.669468
Lounge,local3,5-11-13-20-22,0.572160,0.726757
Cantina,local3,12-15-16-17-23,0.562125,0.711233
Lunch_room,local3,1-2-4-10-24,0.344213,0.492897
Playground,local3,0-8-11-14-17,0.395438,0.555793
Printing_area,local3,2-8-10-13-24,0.685166,0.810934
Zen,local3,2-15-18-20-22,0.564111,0.718269
Lounge,local3,0-3-5-12-24,0.583003,0.736166
Cantina,local3,5-6-12-15-18,0.436551,0.585431
Playground,local3,3-4-17-20-23,0.415431,0.574612
Printing_area,local3,4-8-20-22-24,0.598740,0.739646
Lunch_room,local3,1-4-14-21-24,0.392184,0.538552
Zen,local3,2-8-10-15-22,0.531358,0.691085
Lounge,local3,0-11-15-18-20,0.585894,0.738375
Cantina,local3,1-10-12-15-16,0.491594,0.647619
Playground,local3,0-4-5-11-17,0.439753,0.597380
Printing_area,local3,2-9-13-20-24,0.674456,0.801971
Lunch_room,local3,1-5-14-21-24,0.401160,0.547142
Lounge,local3,0-5-8-15-24,0.580091,0.733820
Zen,local3,2-15-16-17-18,0.527989,0.683640
Cantina,local3,0-15-16-17-23,0.504206,0.661534
Playground,local3,0-9-11-14-23,0.393602,0.551172
Printing_area,local3,3-14-17-20-24,0.600858,0.740286
Lunch_room,local3,1-14-16-21-24,0.394925,0.539129
Lounge,local3,0-11-15-20-22,0.566801,0.721436
Zen,local3,2-11-14-18-22,0.546113,0.701508
Printing_area,local3,0-2-7-8-20,0.544999,0.699852
Lunch_room,local3,1-5-11-12-14,0.352647,0.498146
Zen,local3,0-2-4-11-22,0.392755,0.529176
Printing_area,local3,2-3-11-21-24,0.611258,0.756257
Printing_area,local3,2-3-8-13-20,0.667717,0.798693
Zen,local3,2-14-15-16-23,0.532154,0.688732
Lunch_room,local3,1-5-13-14-21,0.395218,0.542647
Printing_area,local3,2-5-12-20-24,0.643907,0.780450
Zen,local3,2-4-11-15-18,0.432642,0.573419
Lunch_room,local3,1-5-19-21-24,0.425149,0.577228
Printing_area,local3,8-13-18-21-24,0.649183,0.775141
Zen,local3,1-2-11-15-22,0.543397,0.698528
Lunch_room,local3,1-5-19-22-24,0.420444,0.572334
Printing_area,local3,1-5-8-19-24,0.613044,0.751766
Zen,local3,1-2-15-17-23,0.527362,0.684186
Lunch_room,local3,7-12-19-21-24,0.248670,0.382148
Printing_area,local3,2-8-17-20-24,0.608534,0.752341
Zen,local3,2-18-20-22-24,0.548003,0.703142
Printing_area,local3,8-17-19-23-24,0.585456,0.726565
Lunch_room,local3,1-5-10-19-24,0.410527,0.562415
Zen,local3,2-3-11-17-22,0.482115,0.636386
Printing_area,local3,0-2-8-13-24,0.617085,0.759152
Lunch_room,local3,1-5-21-23-24,0.396646,0.542186
Zen,local3,2-15-18-22-24,0.552283,0.707684
Printing_area,local3,0-3-13-18-20,0.544923,0.691553
Lunch_room,local3,1-5-14-19-24,0.413861,0.566646
Zen,local3,2-11-13-15-22,0.463961,0.606256
Printing_area,local3,2-11-16-18-24,0.637153,0.774607
Zen,local3,10-11-18-19-23,0.557521,0.713796
Lunch_room,local3,2-5-8-9-19,0.377704,0.527400
Printing_area,local3,1-3-8-20-24,0.549391,0.703487
Zen,local3,2-10-15-18-19,0.572863,0.726125
Printing_area,local3,2-7-8-14-24,0.668746,0.799279
Lunch_room,local3,1-14-15-19-21,0.397746,0.545273
Printing_area,local3,8-13-17-19-23,0.662914,0.786214
Zen,local3,6-7-9-15-22,0.382369,0.546082
Lunch_room,local3,3-5-10-12-24,0.266687,0.402385
Printing_area,local3,2-6-7-12-20,0.625707,0.766432
Zen,local3,2-4-16-18-23,0.431874,0.569719
Lunch_room,local3,1-4-5-21-24,0.399743,0.546625
Printing_area,local3,2-3-8-13-15,0.620463,0.763244
Zen,local3,2-15-18-19-22,0.558813,0.713247
Lunch_room,local3,1-5-19-20-24,0.413570,0.567000
Printing_area,local3,2-14-15-20-24,0.656925,0.790447
Zen,local3,8-10-15-18-21,0.496640,0.653569
Printing_area,local3,2-3-8-18-22,0.561326,0.716130
Lunch_room,local3,1-5-13-19-24,0.410150,0.564528
Zen,local3,2-11-13-15-18,0.467062,0.608708
Printing_area,local3,2-13-19-20-24,0.673101,0.802070
Lunch_room,local3,4-5-19-21-24,0.298043,0.432380
Zen,local3,6-7-11-15-18,0.370020,0.532143
Printing_area,local3,8-13-19-20-24,0.685179,0.802332
Lunch_room,local3,2-11-21-22-24,0.330534,0.477390
Zen,local3,1-2-15-18-19,0.555294,0.710046
Printing_area,local3,2-8-13-15-20,0.662546,0.794555
Zen,local3,2-10-11-15-22,0.552473,0.706030
Lunch_room,local3,1-5-11-19-21,0.412598,0.564978
Printing_area,local3,0-2-13-20-24,0.642545,0.779477
Zen,local3,6-7-11-21-22,0.381541,0.544890
Printing_area,local3,2-8-10-20-24,0.619229,0.760492
Lunch_room,local3,2-5-17-19-20,0.391409,0.545129
Zen,local3,0-2-15-18-19,0.551289,0.705270
Printing_area,local3,2-4-8-11-12,0.584034,0.733295
Lunch_room,local3,5-16-19-21-24,0.389715,0.540275
Printing_area,local3,5-7-9-20-24,0.598901,0.736492
Zen,local3,0-2-4-12-22,0.395503,0.530972
Lunch_room,local3,1-9-19-22-24,0.341128,0.486085
Printing_area,local3,13-15-20-21-24,0.604128,0.739405
Zen,local3,6-7-11-15-23,0.379027,0.543799
Lunch_room,local3,1-6-9-14-21,0.381835,0.522350
Printing_area,local3,1-2-8-13-16,0.601444,0.745005
Zen,local3,2-4-15-18-21,0.462955,0.603874
Printing_area,local3,2-5-8-13-20,0.665315,0.796235
Lunch_room,local3,1-3-17-19-22,0.334961,0.483011
Zen,local3,0-2-10-11-17,0.528201,0.688263
Printing_area,local3,0-2-13-14-20,0.630559,0.770370
Lunch_room,local3,1-5-17-19-24,0.412304,0.564863
Zen,local3,0-7-11-15-22,0.507842,0.669417
Printing_area,local3,2-15-17-21-24,0.577183,0.727433
Zen,local3,6-11-19-22-24,0.339261,0.492240
Lunch_room,local3,1-3-6-19-24,0.381458,0.529981
Printing_area,restart3,1-4-8-11-21,0.549972,0.698910
Zen,local3,4-5-11-21-22,0.433581,0.570515
Lunch_room,local3,1-5-19-21-23,0.421731,0.572969
Printing_area,local3,8-11-18-20-21,0.637699,0.766701
Zen,local3,2-7-15-16-22,0.519144,0.678123
Printing_area,local3,11-12-20-21-22,0.610278,0.745395
Lunch_room,local3,3-8-13-19-21,0.252321,0.382614
Zen,local3,2-15-20-21-24,0.541728,0.699167
Printing_area,local3,0-8-11-16-18,0.626618,0.759669
Lunch_room,local3,2-5-11-19-21,0.368140,0.521033
Zen,local3,2-11-14-15-18,0.533456,0.689570
Printing_area,local3,1-5-11-18-20,0.615333,0.754694
Lunch_room,local3,1-10-14-19-21,0.323923,0.465795
Printing_area,local3,11-18-19-20-21,0.616926,0.751050
Zen,local3,2-13-15-16-22,0.479936,0.620577
Lunch_room,local3,1-5-10-21-24,0.395493,0.540289
Printing_area,local3,8-13-17-19-20,0.667751,0.789709
Zen,local3,2-9-11-18-22,0.567963,0.721592
Printing_area,local3,0-8-13-17-20,0.650775,0.776834
Zen,local3,2-7-11-18-22,0.522270,0.682416
Lunch_room,local3,1-8-21-23-24,0.391670,0.538101
Printing_area,local3,8-9-13-17-20,0.673624,0.793955
Zen,local3,7-11-15-18-22,0.474159,0.637632
Printing_area,local3,8-9-13-18-20,0.652770,0.779051
Zen,local3,4-11-16-18-22,0.415521,0.555750
Printing_area,local3,7-8-9-17-20,0.611613,0.747007
Zen,local3,2-11-18-22-24,0.570812,0.724634
Printing_area,local3,5-13-15-17-20,0.612531,0.748419
Zen,local3,2-11-18-21-22,0.560349,0.715736
Printing_area,local3,0-8-16-17-23,0.629349,0.761119
Zen,local3,2-9-11-17-18,0.532842,0.691160
Printing_area,local3,7-8-9-13-20,0.639444,0.767570
Zen,local3,2-11-14-17-18,0.541477,0.698505
Printing_area,local3,1-6-13-20-21,0.633414,0.768871
Zen,local3,2-6-15-18-22,0.435486,0.600997
Printing_area,local3,4-9-13-17-20,0.507104,0.659157
Zen,restart3,0-4-9-12-20,0.364137,0.499923
Printing_area,local3,5-13-14-17-20,0.625153,0.757703
Zen,local3,0-4-12-16-20,0.427530,0.564057
Printing_area,local3,9-13-17-18-20,0.616142,0.749984
Printing_area,local3,8-13-15-18-21,0.633745,0.763887
Zen,local3,0-3-12-16-18,0.493760,0.642080
Printing_area,local3,4-8-9-13-17,0.589475,0.731734
Zen,local3,0-2-3-12-21,0.493517,0.646204
Printing_area,local3,3-8-9-17-20,0.570160,0.714741
Zen,local3,1-12-16-18-24,0.549142,0.704104
Printing_area,local3,3-8-9-15-24,0.603847,0.742920
Zen,local3,1-4-6-12-18,0.363012,0.508088
Printing_area,local3,0-9-13-17-20,0.582033,0.722119
Zen,local3,2-5-6-16-24,0.479158,0.635996
Printing_area,local3,1-8-9-13-17,0.646214,0.777819
Zen,local3,1-3-15-16-18,0.505468,0.657926
Printing_area,local3,8-9-15-17-20,0.605189,0.741916
Zen,local3,7-12-18-21-24,0.461866,0.621026
Printing_area,local3,8-13-17-20-24,0.684921,0.801980
Zen,local3,0-1-17-18-23,0.525447,0.679870
Printing_area,local3,8-15-17-20-24,0.616042,0.750679
Zen,local3,1-14-16-18-24,0.511845,0.668297
Printing_area,local3,0-8-13-19-21,0.656885,0.781832
Printing_area,local3,11-13-17-20-24,0.635788,0.764557
Zen,local3,11-12-16-18-24,0.563792,0.717729
Printing_area,local3,3-13-17-20-24,0.636438,0.767160
Zen,local3,11-12-16-18-22,0.561687,0.716066
Printing_area,local3,13-17-20-21-24,0.627325,0.758407
Zen,local3,2-11-16-18-24,0.575816,0.727586
Printing_area,local3,8-14-16-17-24,0.646729,0.773754
Zen,local3,2-7-14-16-24,0.481145,0.641229
Printing_area,local3,5-8-11-14-20,0.627663,0.759163
Zen,local3,0-2-11-16-18,0.559767,0.713490
Printing_area,local3,12-13-17-19-20,0.641988,0.770306
Zen,local3,2-13-16-18-24,0.445115,0.585629
Printing_area,local3,7-8-13-17-24,0.630568,0.761497
Zen,local3,0-2-14-15-24,0.507655,0.666348
Printing_area,local3,8-9-11-13-17,0.651164,0.776337
Zen,local3,2-10-11-18-24,0.542873,0.698574
Printing_area,local3,8-13-17-21-24,0.656974,0.781002
Zen,local3,1-10-11-16-24,0.555449,0.710802
Printing_area,local3,6-10-11-17-24,0.604995,0.743433
Printing_area,local3,8-13-17-18-24,0.651428,0.777685
Zen,local3,2-3-4-18-22,0.371507,0.509726
Printing_area,local3,13-19-20-22-24,0.639383,0.766791
Zen,local3,1-17-18-22-24,0.500952,0.657198
Printing_area,local3,2-13-17-20-22,0.674401,0.803045
Zen,local3,2-6-11-16-18,0.438499,0.604915
Printing_area,local3,1-13-16-20-24,0.678998,0.801752
Zen,local3,11-16-18-21-24,0.517438,0.675176
Printing_area,local3,2-8-12-13-21,0.674240,0.803249
Zen,local3,1-3-6-18-24,0.405675,0.564508
Printing_area,local3,3-4-9-17-20,0.424447,0.577458
Zen,local3,11-14-16-18-24,0.523597,0.681141
Printing_area,local3,5-8-11-20-24,0.617173,0.751507
Zen,local3,2-16-18-21-24,0.520663,0.673233
Printing_area,local3,12-17-18-20-24,0.617500,0.751254
Zen,local3,2-4-11-16-18,0.441874,0.579744
Printing_area,local3,8-14-17-20-24,0.640880,0.769211
Zen,local3,7-11-15-18-24,0.470140,0.633694
Printing_area,local3,0-12-13-17-20,0.624233,0.756481
Zen,local3,1-2-7-16-18,0.539855,0.696424
Printing_area,local3,1-8-13-20-24,0.683868,0.805110
Zen,local3,2-7-16-18-23,0.505429,0.661995
Printing_area,local3,7-8-17-18-20,0.606556,0.743889
Printing_area,restart3,2-12-14-21-22,0.641932,0.779498
Zen,local3,7-11-16-18-24,0.479349,0.639108
Printing_area,local3,2-18-21-22-23,0.531664,0.688236
Zen,local3,2-7-11-16-18,0.517610,0.676902
Printing_area,local3,7-10-20-21-22,0.602204,0.738215
Zen,local3,5-14-16-18-21,0.497557,0.644939
Printing_area,local3,2-6-12-22-24,0.628065,0.767338
Zen,local3,11-13-16-18-21,0.433175,0.578881
Printing_area,local3,0-2-12-22-24,0.604423,0.748835
Zen,local3,2-7-12-15-24,0.522534,0.683812
Printing_area,local3,5-12-16-19-21,0.623908,0.757222
Zen,local3,2-4-16-18-24,0.422203,0.559915
Printing_area,local3,2-4-5-14-21,0.538811,0.693920
Zen,local3,2-5-13-16-19,0.444884,0.584989
Printing_area,local3,0-2-12-14-22,0.592299,0.739756
Zen,local3,0-2-9-18-24,0.548443,0.703195
Printing_area,local3,2-7-14-21-22,0.620969,0.763292
Zen,local3,10-11-16-18-24,0.548564,0.704290
Printing_area,local3,2-11-12-14-21,0.674716,0.803864
Zen,local3,5-11-16-18-24,0.528644,0.679772
Printing_area,local3,9-10-11-21-24,0.639543,0.768138
Printing_area,local3,12-14-16-18-21,0.628236,0.759453
Zen,local3,5-11-14-16-18,0.511117,0.662686
Printing_area,local3,4-11-14-19-21,0.564294,0.711006
Zen,local3,5-11-16-18-23,0.534517,0.685781
Printing_area,local3,2-12-13-14-23,0.663164,0.795375
Zen,local3,1-4-16-22-24,0.406121,0.544707
Printing_area,local3,2-11-12-13-14,0.671598,0.801550
Zen,local3,2-5-11-16-20,0.556077,0.710649
Printing_area,local3,5-7-11-12-21,0.613445,0.748439
Zen,local3,2-4-11-18-24,0.359651,0.492830
Printing_area,local3,2-3-11-12-14,0.630233,0.771194
Zen,local3,11-16-18-20-24,0.545228,0.701533
Printing_area,local3,2-4-11-12-21,0.576001,0.726947
Zen,local3,2-6-11-16-24,0.433622,0.600836
Printing_area,local3,2-7-8-11-12,0.677212,0.805477
Zen,local3,2-4-7-11-23,0.384493,0.519339
Printing_area,local3,2-7-8-11-14,0.673312,0.802693
Zen,local3,11-15-16-18-24,0.541661,0.699939
Printing_area,local3,1-2-8-11-17,0.583417,0.729845
Zen,restart3,3-8-9-13-24,0.267995,0.398728
Printing_area,local3,2-7-11-12-22,0.646979,0.782747
Zen,local3,3-4-15-19-24,0.326226,0.465940
Printing_area,local3,2-7-8-9-11,0.652572,0.786315
Printing_area,local3,3-7-8-11-19,0.607937,0.746882
Zen,local3,3-8-15-18-19,0.447146,0.602044
Printing_area,local3,7-8-11-12-21,0.656234,0.780728
Zen,local3,3-8-15-18-23,0.454040,0.607790
Printing_area,local3,2-8-11-12-17,0.679673,0.806848
Zen,local3,2-3-8-11-21,0.489154,0.644033
Printing_area,local3,6-8-11-20-24,0.613201,0.749883
Zen,local3,0-8-11-21-24,0.505841,0.665775
Printing_area,local3,2-11-17-18-24,0.615018,0.757844
Zen,local3,0-8-13-21-24,0.441084,0.583023
Printing_area,local3,8-12-13-17-20,0.657618,0.782481
Zen,local3,0-4-8-11-24,0.337627,0.471409
Printing_area,local3,4-8-11-12-14,0.603889,0.742305
Zen,local3,0-13-17-18-24,0.470519,0.609410
Printing_area,local3,2-7-8-12-14,0.664507,0.796319
Zen,local3,0-8-11-14-24,0.487497,0.647501
Printing_area,local3,2-11-16-23-24,0.651250,0.786091
Zen,local3,0-8-19-21-24,0.503341,0.661883
Printing_area,local3,2-9-11-12-17,0.645902,0.781531
Zen,local3,0-1-8-11-21,0.516465,0.677230
Printing_area,local3,5-8-11-12-17,0.624792,0.757842
Printing_area,local3,8-11-12-14-17,0.661988,0.784578
Zen,local3,0-8-11-12-17,0.511527,0.670568
Printing_area,local3,2-8-10-14-20,0.687444,0.812538
Zen,local3,0-1-8-11-20,0.527005,0.687143
Printing_area,local3,4-9-10-20-21,0.522044,0.674290
Zen,local3,1-2-5-8-23,0.552360,0.708548
Printing_area,local3,2-5-10-14-20,0.632227,0.770993
Zen,local3,1-4-5-8-23,0.357580,0.491602
Printing_area,local3,1-7-10-11-20,0.610065,0.748988
Zen,local3,1-5-17-18-24,0.500802,0.653632
Printing_area,local3,0-8-10-20-23,0.593976,0.734710
Zen,local3,5-8-12-17-23,0.485501,0.637110
Printing_area,local3,2-8-14-15-20,0.662418,0.794205
Zen,local3,1-2-8-12-23,0.552733,0.708024
Printing_area,local3,4-9-14-19-20,0.491611,0.646951
Zen,local3,1-8-11-13-23,0.388120,0.530452
Printing_area,local3,1-8-13-14-20,0.681387,0.802530
Zen,local3,1-4-5-12-23,0.385679,0.520825
Printing_area,local3,2-8-14-16-24,0.685941,0.811179
Zen,local3,1-8-9-18-23,0.514612,0.673977
Printing_area,local3,2-8-10-14-21,0.686861,0.812224
Printing_area,local3,2-8-10-14-17,0.666502,0.797405
Zen,local3,1-2-12-18-23,0.567824,0.720165
Printing_area,local3,0-8-10-14-20,0.640391,0.769471
Zen,local3,1-2-12-18-24,0.560111,0.713789
Printing_area,local3,5-10-11-14-20,0.614617,0.748248
Zen,local3,8-12-17-18-19,0.480030,0.634458
Printing_area,local3,2-7-8-14-20,0.661011,0.793744
Zen,local3,1-2-18-20-23,0.560952,0.714098
Printing_area,local3,2-6-10-12-24,0.618556,0.759710
Zen,local3,1-2-17-19-22,0.518617,0.677740
Printing_area,restart3,1-5-8-22-23,0.623294,0.760910
Zen,local3,1-2-9-12-23,0.530858,0.686046
Printing_area,local3,1-8-17-22-23,0.637414,0.771965
Zen,local3,7-12-15-18-23,0.477529,0.637940
Printing_area,local3,6-7-8-17-22,0.599951,0.740081
Zen,local3,1-12-17-18-23,0.534167,0.690437
Printing_area,local3,1-7-12-17-23,0.589487,0.734413
Zen,local3,2-7-10-12-14,0.509586,0.670470
Printing_area,local3,3-4-5-17-22,0.485464,0.638515
Zen,local3,1-2-18-23-24,0.557032,0.710993
Printing_area,local3,4-12-13-17-23,0.578128,0.723446
Zen,local3,1-2-10-12-23,0.542676,0.696082
Printing_area,local3,13-15-16-17-22,0.607902,0.743714
Printing_area,local3,1-8-22-23-24,0.647849,0.779663
Zen,local3,1-11-12-22-23,0.564294,0.717678
Printing_area,local3,1-8-13-22-24,0.681471,0.802919
Zen,local3,0-2-18-20-23,0.555429,0.709707
Printing_area,local3,1-9-22-23-24,0.587980,0.732769
Zen,local3,1-2-12-18-19,0.570574,0.723222
Printing_area,local3,1-8-13-14-24,0.684595,0.804290
Zen,local3,1-2-4-12-18,0.402248,0.535967
Printing_area,local3,1-7-8-13-14,0.611219,0.750439
Zen,local3,1-2-12-16-18,0.574973,0.726928
Printing_area,local3,2-7-8-16-24,0.649278,0.784543
Zen,local3,1-2-12-16-17,0.556778,0.711451
Printing_area,local3,2-8-10-14-24,0.703771,0.824266
Zen,local3,0-1-2-12-18,0.555561,0.710612
Printing_area,local3,2-8-10-14-22,0.680079,0.807077
Zen,local3,0-1-2-16-18,0.550386,0.704521
Printing_area,local3,2-8-12-14-24,0.703132,0.824073
Zen,local3,10-11-16-18-20,0.565123,0.718361
Printing_area,local3,2-8-10-23-24,0.601878,0.746878
Printing_area,local3,2-7-10-19-24,0.623937,0.765440
Zen,local3,1-9-14-18-20,0.504756,0.663061
Printing_area,local3,1-2-5-10-24,0.577438,0.727968
Zen,local3,1-2-12-13-18,0.429922,0.567451
Printing_area,local3,2-10-14-20-24,0.672667,0.801857
Zen,local3,1-2-12-15-18,0.554365,0.707899
Printing_area,local3,1-2-8-10-24,0.592601,0.740549
Zen,local3,1-4-12-16-18,0.417936,0.557047
Printing_area,local3,2-11-13-14-20,0.663430,0.795090
Zen,local3,1-2-5-6-20,0.510049,0.669057
Printing_area,local3,5-8-10-20-24,0.601072,0.738535
Zen,local3,1-2-3-4-18,0.390510,0.525480
Printing_area,local3,5-8-14-21-24,0.628354,0.759518
Zen,local3,5-7-12-16-18,0.504811,0.654724
Printing_area,local3,5-6-8-20-24,0.591397,0.732776
Zen,local3,1-3-7-9-18,0.458668,0.614572
Printing_area,local3,3-8-10-14-24,0.649007,0.777346
Zen,restart3,0-1-4-18-22,0.374169,0.506155
Printing_area,local3,0-2-4-8-20,0.472703,0.627088
Zen,local3,1-4-8-14-18,0.415385,0.562834
Printing_area,local3,1-2-8-10-14,0.618554,0.760428
Printing_area,local3,8-9-10-14-19,0.665478,0.786791
Zen,local3,2-4-11-14-17,0.422924,0.570634
Printing_area,local3,2-8-10-14-23,0.677008,0.805110
Zen,local3,3-4-11-14-17,0.340258,0.484121
Printing_area,local3,5-8-14-17-24,0.617000,0.751785
Zen,local3,2-4-14-16-22,0.462486,0.608510
Printing_area,local3,2-4-8-10-14,0.587833,0.735975
Zen,local3,6-14-16-17-20,0.385563,0.549672
Printing_area,local3,2-10-14-19-20,0.699703,0.821603
Zen,local3,14-17-19-21-22,0.481987,0.642331
Printing_area,local3,2-8-10-17-24,0.613539,0.756094
Zen,local3,9-14-17-21-22,0.460551,0.625706
Printing_area,local3,2-10-14-23-24,0.639432,0.776493
Zen,local3,14-15-21-22-24,0.504407,0.663783
Printing_area,local3,2-10-14-19-24,0.700392,0.822107
Zen,local3,6-11-15-19-24,0.397306,0.562648
Printing_area,local3,2-3-11-14-24,0.658370,0.792548
Zen,local3,8-14-15-21-24,0.469310,0.625541
Printing_area,local3,3-10-14-17-24,0.595658,0.735494
Zen,local3,0-1-4-15-22,0.416323,0.556011
Printing_area,local3,10-11-13-18-24,0.622259,0.753223
Printing_area,local3,2-10-14-22-24,0.632130,0.770742
Zen,local3,6-9-14-22-24,0.405737,0.572080
Printing_area,local3,0-2-8-14-24,0.609427,0.753253
Zen,local3,10-15-17-22-24,0.487893,0.651673
Printing_area,local3,2-9-10-23-24,0.571497,0.720029
Zen,local3,7-15-17-21-22,0.444140,0.605350
Printing_area,local3,2-7-10-14-22,0.626434,0.767187
Zen,local3,1-14-15-22-24,0.499502,0.656555
Printing_area,local3,8-10-18-19-22,0.627041,0.758491
Zen,local3,14-15-21-22-23,0.518612,0.676123
Printing_area,local3,2-10-14-18-24,0.636899,0.774124
Zen,local3,2-3-22-23-24,0.461696,0.617508
Printing_area,local3,8-10-12-14-24,0.673757,0.794035
Zen,local3,14-15-20-21-23,0.522094,0.679655
Printing_area,local3,0-1-2-13-24,0.501256,0.650671
Zen,local3,14-15-20-21-24,0.510980,0.670098
Printing_area,local3,6-10-13-15-24,0.607750,0.744903
Zen,local3,13-14-15-16-23,0.489053,0.635407
Printing_area,local3,2-8-14-17-24,0.654567,0.788156
Printing_area,local3,2-8-14-18-24,0.648288,0.783035
Zen,local3,5-14-15-21-23,0.512725,0.663790
Printing_area,restart3,2-5-12-15-16,0.617337,0.760312
Zen,local3,9-14-20-21-23,0.504071,0.664226
Printing_area,local3,2-5-15-16-17,0.591373,0.740011
Zen,local3,14-15-18-21-23,0.521406,0.678120
Printing_area,local3,2-5-11-15-16,0.617040,0.759892
Zen,local3,5-12-15-21-23,0.531079,0.683836
Printing_area,local3,1-2-5-12-15,0.568854,0.720485
Zen,local3,5-13-15-21-23,0.471790,0.608020
Printing_area,local3,5-12-15-16-18,0.608576,0.746111
Zen,local3,5-8-9-15-21,0.507712,0.659713
Printing_area,local3,2-5-8-13-21,0.651537,0.785987
Zen,local3,10-15-21-23-24,0.540820,0.699242
Printing_area,local3,5-8-13-18-20,0.636377,0.767062
Zen,local3,11-12-15-23-24,0.558439,0.711357
Printing_area,local3,1-2-5-8-22,0.599147,0.744984
Zen,local3,6-11-15-23-24,0.408734,0.575174
Printing_area,local3,2-10-13-14-24,0.661380,0.793546
Zen,local3,7-12-15-20-23,0.487938,0.652759
Printing_area,local3,2-8-12-13-14,0.689287,0.814256
Printing_area,local3,8-12-13-14-17,0.659822,0.783452
Zen,local3,0-12-15-23-24,0.551066,0.706216
Printing_area,local3,8-10-12-13-14,0.660688,0.785185
Zen,local3,11-12-18-21-24,0.528812,0.687751
Printing_area,local3,0-2-7-11-14,0.553272,0.706564
Zen,local3,11-12-16-21-23,0.568111,0.721761
Printing_area,local3,6-8-12-13-14,0.626962,0.759461
Zen,local3,3-11-12-15-21,0.429870,0.588580
Printing_area,local3,0-2-8-13-14,0.593624,0.739639
Zen,local3,5-11-12-16-21,0.533474,0.686208
Printing_area,local3,3-13-14-21-24,0.612955,0.749025
Zen,local3,12-13-16-21-23,0.467489,0.607856
Printing_area,local3,2-6-8-12-14,0.636006,0.773899
Zen,local3,7-10-12-16-22,0.482630,0.645019
Printing_area,local3,2-12-13-14-22,0.657496,0.791114
Zen,local3,7-10-11-12-13,0.358888,0.505533
Printing_area,local3,2-6-8-13-14,0.642023,0.778515
Zen,local3,1-10-16-21-23,0.553589,0.709960
Printing_area,local3,2-6-8-12-19,0.619953,0.761448
Printing_area,local3,0-8-11-14-19,0.641322,0.770725
Zen,local3,0-3-10-11-12,0.436907,0.594888
Printing_area,local3,1-2-8-11-13,0.616554,0.758445
Zen,local3,6-11-15-19-21,0.399855,0.565319
Printing_area,local3,2-7-8-13-14,0.650513,0.785615
Zen,local3,7-11-13-22-23,0.369264,0.514671
Printing_area,local3,8-12-13-14-23,0.662182,0.785490
Zen,local3,1-6-11-14-23,0.458876,0.622920
Printing_area,local3,2-3-12-13-14,0.620743,0.763375
Zen,local3,5-8-11-16-21,0.510355,0.661536
Printing_area,local3,1-2-4-10-14,0.515516,0.664675
Zen,local3,3-13-16-21-23,0.420895,0.567458
Printing_area,local3,2-8-12-13-15,0.670675,0.800751
Zen,local3,10-12-16-19-21,0.544716,0.702403
Printing_area,local3,8-13-14-21-23,0.652881,0.778297
Zen,local3,0-11-12-21-23,0.556991,0.712159
Printing_area,local3,2-12-13-14-21,0.659005,0.792353
Zen,local3,3-4-11-12-23,0.300823,0.431093
Printing_area,local3,1-2-8-12-15,0.591045,0.738404
Printing_area,local3,2-12-13-14-20,0.671454,0.801434
Zen,local3,11-12-16-17-23,0.552176,0.707634
Printing_area,local3,2-8-11-12-14,0.711467,0.829651
Zen,restart3,3-10-12-15-21,0.435478,0.595449
Printing_area,local3,8-12-14-15-22,0.647605,0.773745
Zen,local3,5-10-12-15-21,0.530926,0.685586
Printing_area,local3,12-14-17-22-24,0.629763,0.760235
Zen,local3,10-12-15-17-21,0.525327,0.685806
Printing_area,local3,1-12-14-16-17,0.643989,0.776163
Zen,local3,5-10-12-15-23,0.542208,0.697855
Printing_area,local3,2-8-11-12-21,0.684723,0.810555
Zen,local3,1-9-12-15-23,0.524803,0.681454
Printing_area,local3,2-4-8-12-17,0.561342,0.714872
Zen,local3,5-10-14-15-23,0.515536,0.671516
Printing_area,local3,0-2-4-8-11,0.506657,0.658790
Zen,local3,3-5-10-12-23,0.478935,0.632917
Printing_area,local3,2-8-12-14-17,0.665862,0.797035
Zen,local3,8-10-12-15-23,0.510463,0.671152
Printing_area,local3,2-10-12-14-17,0.652091,0.786764
Zen,local3,10-12-15-18-23,0.558848,0.713934
Printing_area,local3,2-11-14-21-22,0.654138,0.788674
Zen,local3,10-15-18-21-23,0.544971,0.702317
Printing_area,local3,8-11-12-14-16,0.672424,0.792274
Printing_area,local3,8-11-12-14-23,0.664696,0.786665
Zen,local3,9-10-12-15-18,0.526478,0.685875
Printing_area,local3,2-8-11-12-20,0.693197,0.816682
Zen,local3,0-5-15-18-20,0.547252,0.699038
Printing_area,local3,2-8-11-12-22,0.675555,0.803674
Zen,local3,0-12-15-18-23,0.559004,0.712056
Printing_area,local3,2-8-12-14-19,0.692072,0.816262
Zen,local3,0-7-17-18-20,0.493557,0.648975
Printing_area,local3,0-8-12-14-23,0.646310,0.773626
Zen,local3,0-11-12-18-21,0.557657,0.711966
Printing_area,local3,1-2-8-14-17,0.575076,0.721116
Zen,local3,0-1-12-17-22,0.518663,0.675018
Printing_area,local3,2-5-8-12-14,0.642004,0.778783
Zen,local3,0-15-18-20-23,0.552421,0.706593
Printing_area,local3,2-6-11-12-15,0.632313,0.770933
Zen,local3,0-3-15-18-23,0.490170,0.642686
Zen,local3,0-7-15-18-23,0.528795,0.684358
Zen,local3,0-7-12-15-18,0.529709,0.686596
Zen,local3,12-13-15-16-21,0.477893,0.618771
Zen,local3,8-12-15-18-23,0.503353,0.659337
Zen,local3,4-12-15-18-23,0.418078,0.560929
Zen,local3,12-13-15-18-23,0.465684,0.606771
Zen,local3,3-15-17-18-23,0.452021,0.610508
Zen,local3,8-12-17-18-23,0.479984,0.633979
Zen,local3,0-2-12-19-23,0.548115,0.703322
Zen,local3,0-6-10-16-23,0.435566,0.598939
Zen,local3,0-2-12-15-23,0.554968,0.710260
Zen,local3,2-12-15-18-23,0.571120,0.723667
Zen,local3,5-12-15-18-23,0.533293,0.684409
Zen,local3,2-12-18-21-23,0.544305,0.701119
Zen,local3,12-15-18-19-23,0.550651,0.705957
Zen,local3,2-10-15-19-23,0.553978,0.709170
Zen,local3,2-8-9-13-18,0.372994,0.515491
Zen,local3,2-12-15-20-23,0.546470,0.700463
Zen,local3,2-8-10-12-14,0.503564,0.665347
Zen,local3,2-5-9-15-23,0.563268,0.717140
Zen,local3,2-14-16-18-20,0.526809,0.682793
Zen,local3,6-14-18-23-24,0.385655,0.549821
Zen,local3,0-8-15-18-23,0.524278,0.680695
Zen,local3,2-6-15-18-23,0.442584,0.608187
Zen,local3,0-6-18-23-24,0.430741,0.592580
Zen,local3,2-4-15-18-23,0.447461,0.588143
Zen,local3,2-6-12-15-18,0.446828,0.612931
Zen,local3,2-12-13-18-23,0.405594,0.543895
Zen,local3,2-12-13-14-15,0.462342,0.609576
Zen,local3,2-3-14-15-23,0.482628,0.637085
Zen,local3,2-10-12-15-18,0.556651,0.709960
Zen,local3,2-6-12-18-23,0.441226,0.606553
Meeting_room,recheck3,10-12-19-23-24,0.567788,0.719668
Playground,recheck3,0-4-19-20-21,0.519841,0.669878
Garden,recheck3,1-4-14-16-19,0.551461,0.710592
Porch,recheck3,1-5-14-20-23,0.638491,0.773562
Pots,recheck3,1-7-9-11-21,0.658188,0.791414
Lounge,recheck3,0-1-3-11-20,0.603683,0.752293
Lunch_room,recheck3,1-5-19-21-24,0.425151,0.577241
Cantina,recheck3,12-15-17-20-21,0.595493,0.741310
Meeting_room,local3,0-4-12-23-24,0.532355,0.691359
Garden,local3,1-4-5-8-14,0.536979,0.698203
Lunch_room,local3,2-5-8-12-21,0.364109,0.510996
Playground,local3,0-15-19-20-21,0.454724,0.608119
Pots,local3,0-2-7-9-21,0.609359,0.754531
Porch,local3,1-5-7-20-23,0.633537,0.770412
Meeting_room,local3,0-10-12-19-23,0.549586,0.706369
Lounge,local3,0-11-12-16-21,0.563354,0.718678
Cantina,local3,2-12-17-20-21,0.493226,0.650258
Garden,local3,1-4-10-16-19,0.537674,0.698856
Cantina,local3,2-9-12-15-21,0.481959,0.634100
Garden,local3,1-2-4-14-19,0.553556,0.712249
Playground,local3,0-2-4-13-23,0.398090,0.549666
Meeting_room,local3,5-9-10-12-24,0.510376,0.668490
Pots,local3,1-5-7-9-11,0.638210,0.776297
Porch,local3,4-7-14-20-23,0.443672,0.610781
Lounge,local3,0-3-11-13-18,0.582128,0.735424
Lunch_room,local3,1-4-5-19-21,0.409698,0.559194
Cantina,local3,2-12-15-19-21,0.457621,0.618890
Garden,local3,1-2-4-14-18,0.547231,0.706914
Playground,local3,4-16-19-21-23,0.464873,0.619870
Meeting_room,local3,3-10-19-22-24,0.542134,0.698950
Pots,local3,5-8-10-11-21,0.630375,0.771001
Porch,local3,5-7-13-14-20,0.387382,0.554298
Lounge,local3,0-1-3-18-20,0.589514,0.741214
Lunch_room,local3,1-5-9-19-24,0.418606,0.569915
Cantina,local3,4-5-12-13-21,0.350103,0.495667
Garden,local3,2-5-8-19-22,0.517769,0.681635
Playground,local3,0-9-19-20-21,0.464837,0.615149
Meeting_room,local3,10-12-16-19-24,0.557656,0.710604
Porch,local3,1-12-16-20-23,0.579380,0.713680
Pots,local3,1-2-7-9-14,0.619681,0.761855
Lunch_room,local3,1-5-21-22-24,0.402261,0.546553
Lounge,local3,0-11-13-15-20,0.589733,0.741409
Cantina,local3,11-12-15-17-22,0.491476,0.640579
Garden,local3,1-6-14-23-24,0.474784,0.634555
Playground,local3,0-6-19-21-22,0.464329,0.623680
Meeting_room,local3,3-4-10-12-19,0.508904,0.669680
Porch,local3,1-14-17-20-23,0.587097,0.721786
Pots,local3,1-4-9-21-24,0.603547,0.746581
Garden,local3,1-2-4-14-24,0.545461,0.705397
Lounge,local3,1-3-6-20-24,0.576211,0.729931
Cantina,local3,9-11-17-20-21,0.502092,0.650376
Lunch_room,local3,1-2-5-19-24,0.379997,0.531084
Meeting_room,local3,10-12-17-19-23,0.559256,0.712099
Playground,local3,0-4-9-19-20,0.444934,0.601878
Porch,local3,0-1-3-4-14,0.538477,0.691194
Pots,local3,7-9-17-21-23,0.618677,0.761252
Garden,local3,1-4-8-14-21,0.535511,0.696938
Lounge,local3,0-7-12-15-20,0.575424,0.730123
Cantina,local3,10-12-13-17-20,0.536527,0.689370
Meeting_room,local3,4-5-10-15-19,0.445019,0.603971
Playground,local3,4-7-13-20-21,0.323893,0.476749
Porch,local3,1-5-6-14-20,0.603825,0.741751
Lunch_room,local3,1-11-12-21-24,0.334923,0.481259
Pots,local3,1-4-7-10-11,0.616546,0.758294
Garden,local3,1-2-7-14-21,0.540617,0.701041
Lounge,local3,3-14-18-20-23,0.550897,0.709091
Meeting_room,local3,0-3-10-22-23,0.542508,0.700182
Cantina,local3,8-11-13-17-21,0.486150,0.638340
Porch,local3,1-5-10-14-23,0.612210,0.747268
Playground,local3,0-4-19-21-24,0.496916,0.654166
Pots,local3,1-11-18-21-24,0.628239,0.766968
Lunch_room,local3,1-5-7-19-24,0.418793,0.571063
Garden,local3,1-2-4-6-14,0.544825,0.704726
Meeting_room,local3,3-7-11-12-19,0.519257,0.679168
Lounge,local3,0-8-12-17-20,0.566748,0.723045
Cantina,local3,12-15-17-20-23,0.577246,0.725337
Porch,local3,1-5-6-8-20,0.592902,0.731988
Playground,local3,0-3-14-18-20,0.435038,0.592948
Pots,local3,8-9-11-13-24,0.625842,0.766903
Garden,local3,1-2-4-7-14,0.546865,0.706456
Lunch_room,local3,1-11-19-21-24,0.363455,0.514530
Meeting_room,local3,1-12-19-21-23,0.490141,0.653092
Lounge,local3,3-11-13-20-21,0.569210,0.724523
Porch,local3,1-3-14-20-23,0.581653,0.719577
Cantina,local3,8-12-15-17-21,0.585519,0.731677
Playground,local3,0-16-17-19-20,0.420867,0.583554
Pots,local3,5-8-11-17-21,0.624190,0.766303
Garden,local3,4-6-14-19-20,0.536924,0.698415
Meeting_room,local3,10-12-14-19-23,0.555583,0.709226
Lunch_room,local3,1-11-14-21-24,0.346181,0.492355
Lounge,local3,1-3-15-18-20,0.563451,0.719610
Porch,local3,1-5-14-22-23,0.629965,0.764232
Cantina,local3,12-15-16-17-21,0.570555,0.718792
Playground,local3,0-4-12-19-22,0.424030,0.578669
Pots,local3,1-7-9-13-21,0.645081,0.781652
Garden,local3,1-2-8-14-19,0.548717,0.708106
Meeting_room,local3,3-13-18-19-23,0.509071,0.670200
Lunch_room,local3,1-5-6-18-19,0.408441,0.559634
Lounge,local3,0-1-8-10-11,0.562823,0.719281
Porch,local3,5-14-20-23-24,0.546940,0.704052
Cantina,local3,4-7-15-20-23,0.515496,0.673730
Playground,local3,4-16-19-20-21,0.452004,0.606591
Garden,local3,1-2-3-16-23,0.472815,0.634432
Pots,local3,7-9-10-11-21,0.636291,0.774668
Meeting_room,local3,1-2-6-10-12,0.464634,0.628304
Lunch_room,local3,2-5-19-21-24,0.386601,0.539270
Lounge,local3,0-3-11-17-20,0.585147,0.737893
Porch,local3,4-5-15-20-23,0.519424,0.678301
Cantina,local3,1-7-10-12-20,0.481671,0.639031
Meeting_room,local3,4-11-16-23-24,0.532410,0.689178
Playground,local3,0-9-17-19-20,0.431120,0.591105
Pots,local3,1-7-9-15-21,0.648016,0.783507
Garden,local3,1-2-14-19-23,0.488327,0.646813
Lunch_room,local3,1-15-19-21-24,0.407786,0.556432
Lounge,local3,0-2-6-11-22,0.575872,0.729305
Porch,local3,1-5-17-20-23,0.630870,0.767899
Cantina,local3,3-12-15-20-22,0.529716,0.685330
Meeting_room,local3,10-11-12-19-24,0.554510,0.708877
Playground,local3,4-13-19-20-21,0.423111,0.578883
Pots,local3,1-15-18-21-23,0.603855,0.746910
Garden,local3,1-2-4-14-21,0.547497,0.707057
Lounge,local3,0-1-11-16-20,0.577526,0.729949
Lunch_room,local3,5-11-14-19-24,0.325601,0.470452
Porch,local3,0-5-10-12-14,0.466792,0.623611
Meeting_room,local3,6-10-21-22-23,0.546721,0.701417
Cantina,local3,4-11-12-17-20,0.447354,0.594456
Playground,local3,0-14-19-20-21,0.448118,0.600622
Pots,local3,5-7-9-11-21,0.633606,0.772354
Garden,local3,1-4-10-14-15,0.515498,0.679444
Lounge,local3,1-11-14-19-21,0.589269,0.740590
Porch,local3,5-10-11-14-23,0.607741,0.744411
Lunch_room,local3,5-12-14-21-24,0.309732,0.452212
Meeting_room,local3,10-12-13-15-23,0.552751,0.707145
Cantina,local3,10-13-15-17-21,0.534940,0.688382
Pots,local3,0-3-7-9-23,0.605302,0.751756
Playground,local3,3-4-10-20-21,0.340311,0.487543
Garden,local3,0-1-2-4-19,0.514093,0.678604
Meeting_room,local3,1-4-12-23-24,0.480853,0.643366
Lounge,local3,0-3-12-21-23,0.564861,0.721287
Porch,local3,1-5-6-14-23,0.622322,0.758656
Cantina,local3,15-17-19-20-21,0.476817,0.637742
Lunch_room,local3,1-5-8-19-24,0.422972,0.575084
Pots,local3,1-2-9-20-21,0.600060,0.745211
Playground,local3,0-4-5-19-21,0.442679,0.600305
Garden,local3,2-4-9-11-19,0.491199,0.656003
Meeting_room,local3,2-12-19-23-24,0.540664,0.699591
Lounge,local3,3-11-14-20-23,0.567339,0.722752
Porch,local3,1-2-10-14-20,0.572788,0.712799
Cantina,local3,2-15-17-20-21,0.437133,0.600437
Pots,local3,6-8-11-18-21,0.634363,0.773629
Playground,local3,0-4-13-20-21,0.412036,0.567143
Lunch_room,local3,1-6-19-21-24,0.399925,0.547999
Meeting_room,local3,5-12-19-23-24,0.482308,0.644975
Garden,local3,2-10-12-14-19,0.533485,0.695160
Lounge,local3,1-3-18-19-20,0.569045,0.723969
Porch,local3,1-5-10-14-20,0.594916,0.732619
Cantina,local3,2-7-12-17-20,0.461779,0.622536
Pots,local3,1-7-11-21-24,0.648749,0.783180
Playground,local3,0-2-4-9-21,0.421109,0.578624
Lunch_room,local3,1-17-19-21-24,0.378188,0.526052
Meeting_room,local3,5-10-12-19-23,0.521069,0.679154
Garden,local3,1-2-5-14-21,0.546368,0.706154
Porch,local3,1-5-14-20-21,0.624089,0.761820
Lounge,local3,3-4-11-15-20,0.524451,0.686960
Cantina,local3,12-13-14-20-23,0.494750,0.647516
Pots,local3,1-4-7-11-21,0.629833,0.768190
Playground,local3,12-18-19-20-21,0.412832,0.562136
Meeting_room,local3,9-10-12-21-23,0.550356,0.704779
Lunch_room,local3,1-5-9-15-22,0.392526,0.537057
Garden,local3,1-2-4-19-22,0.536395,0.697215
Porch,local3,3-4-14-20-23,0.450812,0.608258
Lounge,local3,0-1-11-20-23,0.530524,0.691449
Cantina,local3,7-12-13-20-21,0.472094,0.625500
Pots,local3,9-11-18-21-22,0.626938,0.767864
Playground,local3,0-2-13-19-21,0.440629,0.599058
Meeting_room,local3,6-12-17-18-19,0.493472,0.654962
Garden,local3,1-2-4-6-10,0.534655,0.696082
Lunch_room,local3,1-16-19-21-24,0.396322,0.545031
Porch,local3,6-10-14-17-20,0.547020,0.685389
Lounge,local3,0-1-5-11-20,0.599569,0.749053
Cantina,local3,5-15-17-19-20,0.460344,0.621657
Pots,local3,1-7-11-14-21,0.648317,0.782783
Playground,local3,0-8-20-21-23,0.442308,0.603012
Meeting_room,local3,8-10-12-16-24,0.523341,0.681504
Garden,local3,1-2-4-7-12,0.541234,0.701475
Porch,local3,1-5-18-20-23,0.620923,0.761141
Lunch_room,local3,1-5-16-21-23,0.392037,0.538893
Lounge,local3,0-1-3-6-11,0.594405,0.744830
Cantina,local3,10-12-15-17-21,0.524232,0.676808
Pots,local3,1-2-7-11-19,0.624545,0.765480
Meeting_room,local3,3-9-10-12-19,0.530592,0.689274
Playground,local3,0-3-4-20-21,0.428151,0.585019
Garden,local3,1-2-14-15-19,0.543657,0.703844
Porch,local3,1-9-14-20-23,0.564077,0.699970
Lounge,local3,0-1-11-17-20,0.595665,0.746151
Cantina,local3,2-12-15-17-20,0.498223,0.653803
Pots,local3,7-9-11-21-22,0.621353,0.762859
Meeting_room,local3,10-12-20-23-24,0.565592,0.717880
Playground,local3,0-19-20-21-24,0.442195,0.594446
Lunch_room,local3,1-18-19-21-24,0.373496,0.521924
Garden,local3,0-1-10-14-22,0.482506,0.649360
Porch,local3,1-5-14-18-20,0.608784,0.747963
Lounge,local3,0-1-3-11-13,0.594397,0.744984
Cantina,local3,6-7-8-15-17,0.511738,0.669388
Pots,local3,0-9-10-20-21,0.609540,0.753834
Meeting_room,local3,10-12-22-23-24,0.562951,0.715485
Playground,local3,0-4-13-19-21,0.439908,0.596502
Lunch_room,local3,0-3-5-7-24,0.381181,0.534064
Porch,local3,1-5-16-20-23,0.638384,0.772263
Garden,local3,1-4-5-14-19,0.538981,0.700200
Lounge,local3,0-9-10-15-20,0.566513,0.722764
Cantina,local3,5-7-14-17-20,0.513439,0.671398
Pots,local3,2-3-9-19-21,0.598074,0.744193
Meeting_room,local3,8-10-12-23-24,0.535114,0.692017
Playground,local3,0-4-10-20-21,0.433849,0.589083
Porch,local3,4-5-14-20-23,0.480895,0.643259
Garden,local3,2-4-18-19-23,0.467245,0.630112
Lounge,local3,0-1-2-11-20,0.589192,0.740737
Lunch_room,local3,0-1-16-19-21,0.367447,0.515748
Cantina,local3,1-12-16-17-20,0.515748,0.670841
Meeting_room,local3,14-19-21-23-24,0.499335,0.662773
Pots,local3,2-7-11-16-18,0.620271,0.763036
Playground,local3,0-4-5-20-21,0.421960,0.578598
Porch,local3,0-1-14-16-23,0.492920,0.642325
Garden,local3,2-4-14-15-19,0.527466,0.690352
Lounge,local3,0-1-3-14-20,0.591365,0.742790
Cantina,local3,12-15-17-18-21,0.568698,0.718950
Lunch_room,local3,1-3-4-14-24,0.381713,0.532435
Meeting_room,local3,10-12-14-23-24,0.556546,0.710558
Pots,local3,4-9-11-18-19,0.625655,0.766400
Playground,local3,0-4-11-20-21,0.427668,0.583741
Porch,local3,9-14-17-18-20,0.593436,0.732523
Garden,local3,1-4-13-19-22,0.487808,0.651682
Lounge,local3,1-6-9-19-20,0.570907,0.725788
Cantina,local3,12-13-15-16-24,0.533095,0.687050
Meeting_room,local3,3-12-17-18-24,0.507670,0.668616
Lunch_room,local3,0-1-5-19-24,0.386970,0.538638
Pots,local3,1-10-11-12-21,0.617324,0.759123
Porch,local3,1-3-17-20-23,0.580237,0.718450
Playground,local3,0-3-15-19-21,0.438292,0.596597
Garden,local3,1-2-11-19-21,0.524391,0.686154
Lounge,local3,0-1-11-21-23,0.551620,0.709511
Cantina,local3,5-15-16-19-20,0.449696,0.612850
Meeting_room,local3,10-12-15-23-24,0.556912,0.711152
Pots,local3,4-7-11-19-24,0.640835,0.778240
Lunch_room,local3,3-5-7-19-21,0.275537,0.407156
Porch,local3,1-5-6-10-23,0.614837,0.751625
Playground,local3,4-14-16-18-21,0.377483,0.537970
Garden,local3,1-2-4-12-23,0.517246,0.678111
Lounge,local3,1-7-10-12-20,0.571550,0.726579
Meeting_room,local3,7-10-13-19-23,0.548836,0.703237
Cantina,local3,1-17-19-21-24,0.418168,0.583723
Pots,local3,1-7-9-12-21,0.644158,0.781388
Porch,local3,1-14-18-20-23,0.590052,0.724921
Lunch_room,local3,4-7-13-21-24,0.274152,0.406267
Playground,local3,9-13-14-19-21,0.281091,0.431350
Garden,local3,2-7-14-19-24,0.527424,0.690018
Lounge,local3,0-6-10-13-20,0.589645,0.741288
Meeting_room,local3,0-10-14-19-24,0.533068,0.692028
Cantina,local3,11-13-15-17-20,0.482871,0.635071
Pots,local3,1-7-9-11-17,0.651264,0.785894
Porch,local3,1-11-14-20-24,0.580962,0.717441
Playground,local3,0-4-8-16-23,0.425462,0.580427
Garden,local3,2-3-14-16-19,0.515467,0.679911
Lunch_room,local3,1-5-8-19-21,0.425822,0.576957
Meeting_room,local3,0-11-12-19-24,0.499684,0.662480
Lounge,local3,1-3-12-20-23,0.577646,0.731117
Cantina,local3,15-17-20-21-23,0.536891,0.693557
Pots,local3,7-8-11-12-21,0.618175,0.760210
Porch,local3,1-5-14-23-24,0.632033,0.764923
Playground,local3,0-4-17-20-21,0.492957,0.649154
Meeting_room,local3,4-7-21-23-24,0.527135,0.683622
Garden,local3,1-2-3-14-19,0.544166,0.704387
Lounge,local3,3-11-13-17-21,0.561267,0.717741
Lunch_room,local3,1-3-8-19-21,0.391099,0.541065
Cantina,local3,8-12-17-20-21,0.575010,0.723614
Pots,local3,7-9-11-15-23,0.629022,0.768815
Porch,local3,1-5-19-20-21,0.610271,0.752766
Playground,local3,0-4-16-22-24,0.425234,0.580839
Meeting_room,local3,7-12-17-19-23,0.539641,0.695494
Garden,local3,1-2-14-16-21,0.536810,0.697822
Lounge,local3,1-3-11-13-20,0.583782,0.736025
Cantina,local3,12-13-15-17-20,0.524644,0.674700
Lunch_room,local3,1-11-17-19-22,0.294108,0.429890
Pots,local3,1-7-11-21-23,0.646778,0.782431
Porch,local3,3-5-16-23-24,0.498964,0.659899
Meeting_room,local3,4-10-12-16-24,0.524366,0.681245
Playground,local3,0-12-19-21-23,0.466150,0.625156
Garden,local3,2-4-19-20-21,0.530610,0.692997
Lounge,local3,0-1-6-11-21,0.595615,0.745923
Cantina,local3,1-3-12-20-24,0.476777,0.637351
Pots,local3,0-1-3-7-19,0.602115,0.748477
Porch,local3,2-5-19-20-23,0.575532,0.727175
Lunch_room,local3,1-2-5-8-21,0.384924,0.532357
Meeting_room,local3,3-9-10-12-24,0.525120,0.684149
Playground,local3,0-4-7-20-21,0.422056,0.578791
Garden,local3,1-2-19-20-22,0.531400,0.692846
Lounge,local3,0-3-11-16-20,0.566047,0.720772
Cantina,local3,5-12-15-18-21,0.446427,0.593702
Pots,local3,0-9-11-12-22,0.630135,0.769908
Porch,local3,1-14-16-20-23,0.586524,0.720872
Meeting_room,local3,10-14-19-23-24,0.548694,0.704306
Lunch_room,local3,1-5-8-10-21,0.395166,0.539320
Playground,local3,3-4-5-6-21,0.290550,0.431808
Garden,local3,1-4-10-13-14,0.488940,0.651795
Lounge,local3,0-1-2-18-20,0.592252,0.743332
Cantina,local3,6-12-15-20-23,0.480578,0.639268
Pots,local3,9-11-20-21-22,0.624480,0.765977
Porch,local3,5-9-14-20-24,0.623468,0.761370
Meeting_room,local3,4-12-18-23-24,0.535520,0.691969
Playground,local3,0-3-15-19-20,0.428895,0.586700
Lunch_room,local3,1-5-8-14-21,0.407283,0.552124
Garden,local3,1-2-4-19-24,0.548986,0.708414
Lounge,local3,0-1-3-11-24,0.604696,0.753033
Cantina,local3,1-12-15-20-21,0.496596,0.652530
Porch,local3,1-5-11-20-24,0.627286,0.762021
Pots,local3,2-7-9-11-21,0.637648,0.776892
Meeting_room,local3,3-11-17-19-23,0.521710,0.681147
Playground,local3,4-6-8-17-19,0.321519,0.473122
Garden,local3,1-2-14-18-19,0.548997,0.708326
Lounge,local3,0-3-8-11-24,0.590443,0.742048
Lunch_room,local3,5-9-18-19-21,0.355731,0.502235
Cantina,local3,5-12-17-18-19,0.505220,0.662495
Meeting_room,local3,4-12-16-19-24,0.509842,0.668195
Porch,local3,3-5-8-14-23,0.566612,0.714411
Pots,local3,1-9-13-17-19,0.617114,0.760013
Playground,local3,0-4-14-19-21,0.441578,0.598380
Garden,local3,1-2-3-4-14,0.541137,0.701836
Lounge,local3,0-1-2-3-7,0.588185,0.740128
Cantina,local3,6-12-17-19-21,0.478116,0.639376
Lunch_room,local3,1-5-15-19-22,0.420407,0.573004
Meeting_room,local3,10-12-14-17-24,0.548686,0.704055
Porch,local3,1-2-9-16-23,0.549815,0.684891
Pots,local3,1-4-7-8-21,0.606910,0.750695
Playground,local3,0-6-8-9-20,0.385718,0.541044
Garden,local3,1-2-5-14-19,0.551921,0.710928
Lounge,local3,0-3-9-11-24,0.587811,0.740041
Cantina,local3,3-10-20-21-24,0.490110,0.650081
Meeting_room,local3,10-12-16-19-23,0.560242,0.712387
Lunch_room,local3,2-5-8-19-21,0.386101,0.537755
Porch,local3,1-2-16-20-23,0.582310,0.717881
Pots,local3,1-2-7-9-20,0.610619,0.755082
Playground,local3,4-7-19-20-21,0.410932,0.568978
Garden,local3,1-2-3-13-19,0.495330,0.658030
Lounge,local3,0-1-11-12-22,0.524468,0.683137
Cantina,local3,12-15-20-21-22,0.498582,0.647925
Meeting_room,local3,5-12-16-21-24,0.439707,0.603729
Porch,local3,1-5-14-20-22,0.630085,0.767139
Pots,local3,0-1-7-15-21,0.615997,0.757901
Lunch_room,local3,11-13-15-19-21,0.264660,0.384873
Playground,local3,0-12-19-20-21,0.461719,0.615809
Garden,local3,2-13-14-19-20,0.476584,0.640050
Lounge,local3,0-1-3-9-11,0.591573,0.742934
Cantina,local3,12-14-17-20-21,0.577510,0.726219
Meeting_room,local3,0-3-7-10-19,0.538284,0.696478
Porch,local3,1-9-12-14-20,0.544339,0.683030
Pots,local3,9-11-15-19-21,0.625682,0.766914
Lunch_room,local3,1-5-14-20-21,0.408350,0.556118
Garden,local3,1-4-9-14-19,0.511788,0.675388
Playground,local3,0-1-19-21-23,0.461252,0.622702
Lounge,local3,0-3-4-11-24,0.588639,0.740679
Meeting_room,local3,6-12-14-19-23,0.528654,0.687128
Cantina,local3,5-15-16-17-21,0.495675,0.656468
Porch,local3,5-14-20-21-23,0.501273,0.660300
Pots,local3,1-7-9-16-21,0.641219,0.779134
Garden,local3,2-4-14-19-24,0.526363,0.689359
Playground,local3,0-19-21-22-23,0.450664,0.605107
Lunch_room,local3,0-1-4-5-6,0.377220,0.523293
Lounge,local3,0-1-3-10-24,0.605091,0.753508
Meeting_room,local3,14-16-18-23-24,0.485118,0.649864
Cantina,local3,2-8-12-17-21,0.450923,0.610763
Porch,local3,1-5-14-15-20,0.601218,0.737826
Pots,local3,1-4-7-11-15,0.632690,0.770433
Garden,local3,1-2-3-14-24,0.534661,0.696223
Playground,local3,0-4-16-20-21,0.430221,0.586669
Meeting_room,restart3,0-4-10-15-24,0.525113,0.683760
Lounge,local3,0-3-14-15-24,0.574226,0.729270
Lunch_room,local3,5-6-10-19-21,0.322159,0.460775
Cantina,local3,9-12-17-21-22,0.503195,0.655910
Porch,local3,1-14-17-19-20,0.598766,0.736992
Pots,local3,1-7-9-20-21,0.636480,0.775323
Garden,local3,2-15-19-20-22,0.508305,0.673047
Playground,local3,0-4-10-19-20,0.455032,0.611036
Meeting_room,local3,4-10-15-16-24,0.515130,0.673267
Lounge,local3,0-1-9-10-24,0.589121,0.740888
Cantina,local3,1-6-9-15-17,0.476779,0.634327
Lunch_room,local3,1-5-7-19-21,0.417565,0.569391
Porch,local3,1-7-14-20-22,0.574390,0.714682
Pots,local3,0-1-7-20-22,0.606322,0.751992
Garden,local3,1-2-6-16-19,0.540258,0.700690
Meeting_room,local3,0-2-4-10-14,0.529759,0.689621
Playground,local3,0-4-8-20-21,0.423135,0.579176
Lounge,local3,0-1-3-10-22,0.547157,0.703667
Cantina,local3,5-12-17-20-21,0.507841,0.661159
Porch,local3,5-10-14-15-23,0.602989,0.741099
Lunch_room,local3,1-5-8-11-21,0.407544,0.552166
Pots,local3,2-6-9-21-24,0.620116,0.763383
Garden,local3,1-4-14-19-22,0.528579,0.691118
Meeting_room,local3,0-2-4-10-11,0.534595,0.693957
Playground,local3,0-1-19-20-21,0.466901,0.627862
Lounge,local3,0-3-9-16-20,0.550271,0.707906
Cantina,local3,2-11-17-20-24,0.420798,0.576034
Porch,restart3,1-9-15-18-23,0.555829,0.690533
Pots,local3,1-4-11-21-23,0.616559,0.757794
Lunch_room,local3,5-7-15-19-21,0.322166,0.459594
Meeting_room,local3,0-1-2-10-11,0.452727,0.615811
Garden,local3,1-5-14-19-21,0.539622,0.700761
Playground,local3,0-4-5-21-24,0.421794,0.578899
Lounge,local3,5-7-10-21-24,0.549615,0.708415
Cantina,restart3,4-14-18-23-24,0.479473,0.641218
Porch,local3,6-9-13-15-18,0.499098,0.642640
Pots,restart3,4-7-10-12-23,0.602272,0.748679
Meeting_room,local3,2-10-11-18-24,0.542591,0.700990
Garden,local3,2-3-4-12-14,0.506711,0.672185
Lunch_room,local3,5-8-15-19-21,0.324570,0.461737
Playground,restart3,1-3-4-5-19,0.326007,0.463870
Lounge,local3,0-1-3-14-19,0.585260,0.737908
Cantina,local3,1-3-4-10-14,0.451385,0.613285
Porch,local3,1-10-14-20-23,0.566092,0.701853
Pots,local3,4-7-8-10-23,0.598124,0.744947
Meeting_room,local3,2-10-11-23-24,0.547631,0.705581
Garden,restart3,4-7-9-18-24,0.499919,0.664628
Playground,local3,1-3-4-10-19,0.420760,0.573782
Lunch_room,local3,5-17-20-21-24,0.387220,0.535676
Lounge,local3,1-3-5-10-11,0.591702,0.742803
Porch,local3,4-10-14-19-23,0.573594,0.716660
Cantina,local3,6-14-21-23-24,0.426831,0.590402
Pots,local3,4-7-13-15-20,0.622652,0.762753
Meeting_room,local3,1-2-13-17-23,0.438559,0.604355
Garden,local3,4-7-9-18-21,0.502679,0.666793
Playground,local3,1-3-4-17-19,0.408553,0.566759
Lounge,local3,0-1-3-21-24,0.577631,0.731421
Lunch_room,local3,1-11-18-19-21,0.353125,0.500812
Porch,local3,4-10-16-19-23,0.596701,0.734577
Cantina,local3,1-4-18-20-24,0.449627,0.613091
Meeting_room,local3,3-15-22-23-24,0.511458,0.672607
Pots,local3,7-13-14-18-19,0.633939,0.773124
Garden,local3,2-7-9-21-23,0.452276,0.614767
Playground,local3,1-3-4-12-19,0.411811,0.567392
Lounge,local3,0-3-10-17-24,0.589897,0.741810
Porch,local3,4-10-15-18-19,0.604155,0.745576
Cantina,local3,7-14-19-23-24,0.434094,0.594842
Meeting_room,local3,2-3-11-23-24,0.534632,0.694073
Lunch_room,local3,2-5-8-15-21,0.383120,0.530450
Pots,local3,12-13-14-19-24,0.640680,0.779165
Garden,local3,7-9-17-18-21,0.487598,0.651722
Playground,local3,1-4-10-19-20,0.451066,0.606701
Lounge,local3,1-3-7-10-24,0.587388,0.739349
Porch,local3,4-7-10-14-24,0.494221,0.654729
Meeting_room,local3,2-5-10-11-24,0.488668,0.653075
Cantina,local3,4-10-14-18-23,0.473723,0.630876
Pots,local3,12-13-14-23-24,0.631676,0.772245
Lunch_room,local3,1-5-8-9-17,0.390271,0.534633
Garden,local3,4-7-18-21-23,0.487871,0.650654
Playground,local3,1-4-8-10-16,0.426233,0.581417
Porch,local3,4-10-13-15-18,0.564164,0.713886
Lounge,local3,0-1-7-10-24,0.594672,0.745221
Meeting_room,local3,3-11-20-23-24,0.532736,0.691078
Cantina,local3,0-4-5-7-18,0.419868,0.583406
Pots,local3,12-13-14-21-24,0.639125,0.778323
Garden,local3,6-7-9-18-21,0.504872,0.668710
Lunch_room,local3,0-1-3-5-19,0.392752,0.544556
Playground,local3,1-4-10-20-24,0.413230,0.565181
Porch,local3,4-10-18-21-23,0.596523,0.742054
Meeting_room,local3,2-11-20-23-24,0.536329,0.696223
Lounge,local3,1-3-10-16-24,0.564743,0.719675
Cantina,local3,4-7-16-23-24,0.416458,0.572057
Pots,local3,9-13-14-19-24,0.627631,0.769010
Garden,local3,0-6-7-16-18,0.505026,0.670282
Playground,local3,1-13-15-19-20,0.379657,0.538048
Lunch_room,local3,8-13-15-21-23,0.285069,0.422923
Porch,local3,4-8-16-19-20,0.621073,0.760620
Meeting_room,local3,2-10-11-17-24,0.541209,0.699740
Lounge,local3,0-1-3-10-13,0.595556,0.746059
Cantina,local3,14-18-20-21-24,0.481079,0.641213
Pots,local3,4-8-12-13-19,0.617040,0.760965
Garden,local3,0-6-7-18-22,0.493936,0.660131
Playground,local3,1-4-10-13-19,0.437935,0.593184
Porch,local3,2-6-8-19-21,0.566377,0.706325
Meeting_room,local3,4-6-10-11-24,0.509459,0.668975
Lunch_room,local3,1-8-19-21-23,0.393661,0.541903
Lounge,local3,0-1-3-8-24,0.589719,0.741317
Cantina,local3,14-18-19-20-22,0.468698,0.625593
Pots,local3,9-14-16-21-24,0.641882,0.779210
Garden,local3,0-2-6-16-18,0.499051,0.664996
Playground,local3,1-4-10-16-20,0.443135,0.598533
Meeting_room,local3,9-10-18-23-24,0.549457,0.703750
Porch,local3,8-15-17-19-20,0.589831,0.730662
Lounge,local3,1-5-9-15-24,0.555264,0.712821
Garden,local3,0-7-16-18-21,0.500970,0.666792
Cantina,local3,2-18-20-21-24,0.421631,0.584119
Pots,local3,14-16-20-21-24,0.613818,0.756196
Lunch_room,local3,5-8-14-19-24,0.320462,0.458497
Playground,local3,1-7-8-16-19,0.414379,0.572779
Meeting_room,local3,9-10-13-17-18,0.546016,0.700663
Porch,local3,1-4-8-16-20,0.594445,0.734616
Lounge,local3,0-1-6-13-24,0.588733,0.740441
Garden,local3,0-2-6-7-24,0.492791,0.659206
Pots,local3,9-16-21-23-24,0.631232,0.771335
Cantina,local3,2-10-18-21-22,0.441975,0.601133
Playground,local3,1-4-18-19-20,0.496502,0.649030
Meeting_room,local3,4-9-21-23-24,0.529462,0.685568
Porch,local3,4-8-14-17-20,0.587267,0.732133
Lunch_room,local3,1-10-17-20-21,0.329216,0.472558
Lounge,local3,0-1-10-20-24,0.524810,0.685066
Garden,local3,0-5-6-9-18,0.485247,0.651641
Pots,local3,1-14-15-16-21,0.594245,0.740003
Cantina,local3,12-18-20-21-24,0.486086,0.644133
Meeting_room,local3,10-18-21-22-24,0.547862,0.702039
Playground,local3,1-4-9-18-19,0.447134,0.603040
Porch,local3,4-12-16-19-20,0.553443,0.708686
Lunch_room,local3,1-4-5-8-21,0.402859,0.549355
Lounge,local3,1-3-10-11-24,0.595563,0.745834
Pots,local3,0-9-14-21-24,0.621455,0.762217
Garden,local3,0-6-7-8-16,0.496086,0.662134
Cantina,local3,9-12-18-20-21,0.465523,0.615558
Meeting_room,local3,1-9-10-18-24,0.516612,0.674710
Playground,local3,4-5-14-18-19,0.367396,0.529413
Porch,local3,7-8-12-15-20,0.511592,0.662277
Lounge,local3,0-1-2-10-24,0.598058,0.747905
Lunch_room,local3,5-6-8-19-21,0.297131,0.432231
Pots,local3,9-14-16-22-24,0.640700,0.778656
Garden,local3,0-6-10-16-19,0.517978,0.681883
Cantina,local3,0-2-8-12-20,0.475457,0.634401
Meeting_room,local3,9-17-18-23-24,0.532373,0.689728
Playground,local3,4-19-20-21-22,0.404404,0.558186
Porch,local3,2-4-6-19-20,0.531584,0.681878
Lounge,local3,1-3-10-20-24,0.594499,0.745101
Lunch_room,local3,1-3-7-17-19,0.349249,0.497311
Pots,local3,4-9-14-16-22,0.627341,0.768345
Garden,local3,4-6-11-16-22,0.510719,0.674742
Cantina,local3,12-14-18-21-24,0.510088,0.666735
Meeting_room,local3,9-10-11-15-23,0.539060,0.696025
Porch,local3,4-8-13-16-19,0.572590,0.722697
Playground,local3,3-4-10-18-20,0.337546,0.483471
Lounge,local3,0-3-16-18-24,0.565018,0.720361
Pots,local3,14-16-20-22-24,0.610462,0.754150
Garden,local3,6-10-16-19-23,0.479957,0.642261
Lunch_room,local3,1-13-16-19-23,0.366777,0.520228
Meeting_room,local3,10-18-22-23-24,0.551708,0.705301
Cantina,local3,12-14-18-22-24,0.493081,0.645366
Porch,local3,8-10-16-19-20,0.572295,0.715319
Playground,local3,1-7-18-19-20,0.469797,0.623188
Lounge,local3,0-5-16-18-24,0.569274,0.723755
Pots,local3,4-9-11-16-24,0.636181,0.774554
Garden,local3,0-6-10-12-19,0.512387,0.676840
Meeting_room,local3,7-8-10-12-24,0.523618,0.681821
Cantina,local3,12-14-21-22-24,0.440357,0.596195
Lunch_room,local3,4-5-8-14-19,0.303305,0.437775
Porch,local3,6-11-13-16-19,0.491654,0.638874
Playground,local3,4-16-18-20-22,0.441277,0.598523
Lounge,local3,1-3-10-19-24,0.582344,0.735336
Pots,local3,0-13-16-18-21,0.612947,0.756184
Garden,local3,0-6-11-18-19,0.509714,0.673860
Meeting_room,local3,10-12-21-22-23,0.558786,0.711644
Cantina,local3,12-13-14-18-24,0.477863,0.631540
Porch,local3,1-13-16-19-20,0.584915,0.727785
Lunch_room,local3,0-1-8-19-24,0.377116,0.527776
Playground,local3,1-4-13-18-19,0.444170,0.600074
Lounge,local3,3-8-9-15-24,0.529907,0.691440
Pots,local3,0-12-14-16-21,0.625420,0.767940
Meeting_room,local3,10-17-21-22-23,0.543131,0.698477
Garden,local3,0-5-6-11-16,0.504293,0.669326
Cantina,local3,12-14-15-21-24,0.534215,0.687446
Porch,local3,0-1-8-16-19,0.508025,0.659983
Playground,local3,4-6-11-18-21,0.353104,0.510010
Lunch_room,local3,1-8-9-19-21,0.391274,0.538450
Lounge,local3,0-10-11-13-24,0.591258,0.742533
Meeting_room,local3,10-12-13-21-22,0.553152,0.706770
Pots,local3,9-14-18-23-24,0.626663,0.767504
Garden,local3,0-3-6-10-19,0.496972,0.663532
Cantina,local3,7-13-18-21-24,0.420802,0.579117
Porch,local3,1-4-7-12-19,0.585881,0.728103
Playground,local3,1-18-19-20-24,0.455375,0.601309
Lounge,local3,0-1-3-10-12,0.597823,0.747828
Lunch_room,local3,5-8-11-17-21,0.344423,0.487002
Meeting_room,local3,10-12-13-22-23,0.557100,0.710497
Pots,local3,1-9-11-20-24,0.627767,0.767311
Garden,local3,2-10-16-19-21,0.530037,0.692299
Cantina,local3,12-14-15-22-24,0.508728,0.658548
Porch,local3,4-8-12-16-19,0.608423,0.748654
Playground,local3,1-4-14-18-19,0.444033,0.600398
Meeting_room,local3,11-12-17-21-24,0.521999,0.682491
Lounge,local3,3-10-15-19-24,0.576149,0.730352
Pots,local3,0-6-9-14-16,0.618096,0.762151
Lunch_room,local3,1-5-16-19-21,0.409916,0.562909
Garden,local3,10-14-16-19-21,0.530685,0.692908
Porch,local3,3-8-16-19-20,0.579876,0.724742
Cantina,local3,14-15-20-21-24,0.502861,0.662149
Playground,local3,2-10-14-19-20,0.374993,0.532742
Meeting_room,local3,4-9-21-22-23,0.529753,0.685753
Lounge,local3,0-1-10-13-24,0.578627,0.732328
Pots,local3,6-9-15-16-24,0.611518,0.756580
Garden,local3,9-10-14-16-21,0.478166,0.643557
Lunch_room,local3,1-5-6-8-19,0.413119,0.563855
Porch,local3,1-5-10-19-20,0.616713,0.754854
Cantina,local3,1-6-14-21-24,0.384781,0.548814
Playground,local3,1-4-7-17-18,0.418505,0.575752
Meeting_room,local3,4-10-15-22-23,0.531382,0.688005
Lounge,local3,0-3-7-12-18,0.574937,0.729744
Pots,local3,14-16-19-21-24,0.626316,0.767197
Garden,local3,1-7-14-16-19,0.546593,0.706166
Porch,local3,4-7-16-19-20,0.437018,0.603386
Lunch_room,local3,1-5-14-19-21,0.422010,0.574096
Cantina,local3,3-9-11-21-24,0.481762,0.641839
Meeting_room,local3,4-12-21-22-23,0.537021,0.692970
Playground,local3,1-4-13-18-21,0.439978,0.595806
Lounge,local3,0-1-8-10-17,0.574138,0.729093
Pots,local3,9-14-15-21-22,0.634597,0.774460
Garden,local3,1-7-14-16-23,0.498950,0.659881
Porch,local3,2-4-16-19-20,0.524734,0.682028
Cantina,local3,11-12-14-22-24,0.417928,0.574233
Meeting_room,local3,4-12-17-21-23,0.529202,0.686218
Lunch_room,local3,5-6-8-14-19,0.310300,0.446051
Playground,local3,1-8-18-19-20,0.484066,0.637800
Lounge,local3,0-1-3-13-24,0.593419,0.744233
Pots,local3,9-14-21-22-24,0.641484,0.779814
Garden,local3,7-10-14-21-22,0.507948,0.672204
Porch,local3,0-5-16-20-21,0.484762,0.649604
Cantina,local3,8-12-14-15-21,0.504020,0.654003
Meeting_room,local3,9-10-12-22-23,0.552257,0.706411
Playground,local3,1-2-4-6-9,0.419055,0.576818
Lounge,local3,0-3-10-19-24,0.595235,0.745922
Lunch_room,local3,0-3-5-18-21,0.388729,0.543305
Pots,local3,1-2-6-21-24,0.601219,0.746056
Porch,local3,4-6-14-19-20,0.544434,0.694291
Garden,local3,12-14-17-19-23,0.506316,0.669515
Meeting_room,local3,7-8-10-22-23,0.524612,0.681847
Cantina,local3,4-12-14-19-24,0.413910,0.567116
Playground,local3,4-18-19-20-24,0.415118,0.562425
Lounge,local3,0-3-6-13-24,0.588053,0.740147
Pots,local3,9-10-11-14-21,0.637346,0.774817
Porch,local3,4-8-11-19-20,0.626614,0.764144
Meeting_room,local3,0-4-12-19-23,0.525123,0.684901
Garden,local3,1-6-17-19-20,0.533396,0.695305
Lunch_room,local3,1-5-8-19-22,0.420680,0.572842
Cantina,local3,14-15-19-21-24,0.500064,0.657819
Playground,local3,1-4-6-18-19,0.420586,0.577595
Lounge,local3,0-7-10-13-17,0.573409,0.728397
Pots,local3,4-8-9-21-24,0.611347,0.753637
Porch,local3,4-8-14-19-20,0.588394,0.733070
Meeting_room,local3,0-3-10-11-12,0.522127,0.682155
Garden,local3,1-7-12-16-19,0.533523,0.694958
Cantina,local3,4-7-14-15-21,0.473854,0.633184
Lunch_room,local3,1-5-6-8-21,0.400851,0.545856
Playground,local3,5-11-16-19-20,0.365129,0.527544
Lounge,local3,3-10-13-17-24,0.577020,0.731091
Pots,local3,9-14-16-17-21,0.636359,0.775161
Porch,local3,2-11-19-20-23,0.573597,0.714752
Meeting_room,local3,9-10-12-21-22,0.546796,0.701394
Garden,local3,0-1-7-14-19,0.521450,0.685097
Cantina,local3,12-15-18-19-24,0.493274,0.649184
Playground,local3,1-18-19-22-23,0.471879,0.622787
Lunch_room,local3,3-4-5-6-8,0.274565,0.403759
Lounge,local3,0-1-3-5-12,0.581366,0.734681
Pots,local3,9-12-14-16-20,0.606943,0.752230
Meeting_room,local3,2-3-10-20-21,0.534907,0.693894
Porch,local3,4-8-11-19-23,0.612182,0.747405
Garden,local3,1-3-5-7-14,0.535279,0.697082
Cantina,local3,1-5-15-17-24,0.450968,0.612211
Playground,local3,1-4-7-19-21,0.438861,0.596216
Lounge,local3,0-1-10-18-19,0.577180,0.731443
Lunch_room,local3,0-7-8-19-21,0.342183,0.490715
Pots,local3,6-14-16-21-24,0.639769,0.779262
Meeting_room,local3,4-9-12-21-22,0.526351,0.683107
Porch,local3,0-8-11-19-20,0.514921,0.668847
Garden,local3,3-10-14-19-24,0.506331,0.671681
Cantina,local3,2-12-14-21-24,0.430759,0.592481
Playground,local3,1-12-18-19-20,0.470716,0.624379
Lounge,local3,0-3-6-15-17,0.575751,0.730457
Meeting_room,local3,6-8-12-13-23,0.522445,0.680948
Pots,local3,9-15-16-21-24,0.638646,0.777378
Porch,local3,4-10-11-19-20,0.595632,0.736742
Lunch_room,local3,4-5-7-20-21,0.276104,0.407645
Garden,local3,1-12-14-16-19,0.542845,0.703003
Cantina,local3,10-14-15-21-24,0.496619,0.651113
Playground,local3,1-5-18-19-20,0.479684,0.633130
Lounge,local3,0-3-4-10-13,0.579677,0.733587
Meeting_room,local3,1-4-11-21-23,0.484429,0.646999
Pots,local3,4-9-14-16-21,0.619178,0.760783
Porch,local3,5-7-8-11-20,0.537767,0.692506
Garden,local3,5-7-14-16-19,0.534464,0.696152
Lunch_room,local3,1-5-14-21-23,0.398837,0.543758
Cantina,local3,12-14-19-21-24,0.453531,0.612777
Playground,local3,1-4-12-18-19,0.441476,0.596942
Lounge,local3,0-1-10-18-24,0.581006,0.734310
Meeting_room,local3,8-10-11-12-23,0.533468,0.690927
Pots,local3,0-14-16-21-24,0.611124,0.754339
Porch,local3,8-11-19-20-22,0.605038,0.743123
Garden,local3,1-7-14-16-20,0.537227,0.698136
Cantina,local3,4-9-12-15-24,0.484496,0.628965
Lunch_room,local3,1-8-9-15-19,0.383661,0.531294
Playground,local3,0-1-4-19-24,0.365489,0.504211
Meeting_room,local3,1-10-20-21-23,0.519500,0.679545
Lounge,local3,0-1-8-10-24,0.580292,0.733762
Porch,local3,4-5-8-11-19,0.620337,0.762534
Pots,local3,1-4-16-21-24,0.586037,0.732965
Garden,local3,7-14-17-19-20,0.530519,0.692544
Cantina,local3,4-14-15-21-24,0.505077,0.664350
Lunch_room,local3,1-3-5-8-19,0.413189,0.565084
Playground,local3,4-9-12-18-19,0.383271,0.543561
Meeting_room,local3,8-12-21-22-23,0.534007,0.690845
Lounge,local3,3-8-10-13-17,0.558028,0.715696
Porch,local3,4-8-11-20-21,0.628860,0.767123
Pots,local3,3-9-14-20-21,0.608439,0.752414
Garden,local3,1-6-7-14-19,0.542418,0.702739
Cantina,local3,1-14-15-18-21,0.458617,0.619750
Meeting_room,local3,1-4-10-12-21,0.491269,0.653286
Playground,local3,1-17-18-19-23,0.457584,0.609250
Lounge,local3,0-10-18-20-24,0.598401,0.748332
Lunch_room,local3,3-5-8-19-21,0.292278,0.425273
Porch,local3,4-7-8-20-21,0.494748,0.659064
Garden,local3,1-11-14-16-19,0.523352,0.685579
Pots,local3,4-9-12-21-24,0.625871,0.766023
Meeting_room,local3,0-10-12-22-23,0.545425,0.702666
Cantina,local3,7-14-17-20-24,0.541908,0.697193
Playground,local3,1-4-6-11-15,0.425343,0.582438
Lounge,local3,0-3-8-12-24,0.581108,0.734661
Porch,local3,8-11-15-20-21,0.580375,0.719675
Pots,local3,1-9-16-21-24,0.622941,0.763905
Cantina,local3,9-14-17-20-24,0.523586,0.670453
Garden,local3,7-11-13-14-16,0.486303,0.651210
Meeting_room,local3,6-11-21-22-23,0.514905,0.675926
Lunch_room,local3,1-5-8-15-21,0.402911,0.548310
Playground,local3,2-4-6-19-20,0.351833,0.502080
Lounge,local3,1-9-10-19-24,0.578556,0.732555
Porch,local3,3-5-11-18-21,0.522850,0.679101
Pots,local3,4-12-16-21-24,0.626531,0.767903
Cantina,local3,14-17-18-20-24,0.527009,0.684091
Meeting_room,local3,12-14-21-22-23,0.526282,0.685872
Garden,local3,1-3-7-8-14,0.521510,0.684938
Lunch_room,local3,1-2-5-8-19,0.386604,0.535933
Playground,local3,6-18-19-20-23,0.415614,0.564983
Lounge,local3,0-3-9-10-15,0.577566,0.731838
Porch,local3,2-4-5-8-17,0.574309,0.720284
Pots,local3,9-14-15-16-24,0.636163,0.775378
Cantina,local3,2-7-14-17-20,0.461650,0.624121
Meeting_room,local3,0-12-21-22-23,0.528003,0.688569
Garden,local3,1-4-7-14-16,0.547353,0.707052
Playground,local3,1-3-8-20-22,0.391707,0.544128
Porch,local3,2-4-8-20-21,0.594025,0.738522
Lounge,local3,0-1-4-11-24,0.604496,0.753099
Pots,local3,9-10-14-21-24,0.632502,0.770475
Lunch_room,local3,1-5-8-21-23,0.402025,0.546249
Cantina,local3,7-14-16-20-24,0.516890,0.675991
Meeting_room,restart3,6-8-15-17-18,0.518632,0.677053
Garden,local3,1-4-5-14-22,0.525255,0.688231
Playground,local3,1-9-15-19-21,0.408273,0.566329
Porch,local3,8-9-11-20-21,0.585188,0.723491
Pots,local3,9-14-16-18-24,0.637833,0.776043
Lounge,local3,0-3-4-10-24,0.588708,0.740854
Meeting_room,local3,3-6-9-15-16,0.500076,0.660848
Lunch_room,restart3,1-3-11-15-20,0.378750,0.530391
Garden,local3,4-7-11-14-19,0.520307,0.683459
Cantina,local3,0-7-13-14-23,0.382466,0.531901
Porch,local3,3-11-18-20-21,0.557049,0.706978
Playground,local3,1-2-4-18-19,0.417559,0.575448
Pots,local3,13-16-20-22-24,0.622037,0.763555
Lounge,local3,3-6-12-21-24,0.555910,0.713070
Meeting_room,local3,3-6-11-18-19,0.505806,0.666849
Garden,local3,1-4-5-16-18,0.546864,0.706776
Cantina,local3,5-7-14-20-24,0.507506,0.666621
Lunch_room,local3,1-2-3-5-16,0.373679,0.524361
Porch,local3,2-6-8-9-20,0.561187,0.694920
Playground,local3,4-12-18-19-21,0.450027,0.604929
Pots,local3,9-14-16-19-24,0.636583,0.775495
Meeting_room,local3,6-15-17-18-22,0.475354,0.639673
Lounge,local3,3-4-5-10-24,0.546740,0.705847
Garden,local3,1-7-10-12-22,0.530586,0.692383
Cantina,local3,6-12-14-20-21,0.451807,0.606855
Porch,local3,4-8-12-14-20,0.604210,0.745127
Lunch_room,local3,3-11-15-17-20,0.292893,0.438460
Playground,local3,1-3-8-18-20,0.429093,0.585805
Pots,local3,11-14-16-21-24,0.653989,0.788458
Meeting_room,local3,3-6-8-15-18,0.514922,0.674432
Lounge,restart3,2-10-17-22-24,0.564078,0.720384
Garden,local3,1-7-12-17-19,0.530016,0.692053
Cantina,local3,7-12-14-20-24,0.529747,0.684247
Porch,local3,4-6-8-20-21,0.551284,0.704235
Playground,local3,6-10-19-20-24,0.454849,0.613253
Meeting_room,local3,6-8-12-17-18,0.518947,0.677472
Pots,local3,8-11-14-16-21,0.645401,0.782560
Lunch_room,local3,1-11-15-19-20,0.330783,0.478404
Lounge,local3,2-8-10-16-17,0.521738,0.683387
Garden,local3,4-6-7-14-16,0.533637,0.695414
Cantina,local3,7-12-17-20-24,0.571118,0.721855
Porch,restart3,7-8-10-15-23,0.514286,0.657685
Meeting_room,local3,2-6-17-18-24,0.481710,0.647032
Playground,local3,1-12-18-20-24,0.454762,0.611576
Pots,local3,11-14-17-19-21,0.651694,0.786780
Lounge,local3,2-4-7-17-24,0.523142,0.685484
Lunch_room,local3,1-3-11-19-20,0.369628,0.521351
Garden,local3,1-16-17-19-23,0.495718,0.657248
Cantina,local3,3-5-12-17-20,0.508616,0.668723
Porch,local3,7-8-15-17-18,0.560202,0.704852
Meeting_room,local3,2-8-12-17-18,0.515372,0.676714
Playground,local3,16-18-20-21-23,0.407762,0.554762
Pots,local3,3-11-14-16-21,0.624693,0.764908
Lounge,local3,10-16-17-22-24,0.550845,0.708009
Lunch_room,local3,1-3-15-20-23,0.417983,0.569739
Garden,local3,4-7-10-14-16,0.528565,0.691048
Cantina,local3,7-12-18-20-24,0.486112,0.645000
Porch,local3,3-8-9-11-18,0.537502,0.679335
Meeting_room,local3,4-6-15-17-18,0.480828,0.640092
Playground,local3,1-4-17-18-20,0.491316,0.647187
Pots,restart3,1-2-5-17-21,0.595091,0.741880
Lounge,local3,1-2-11-19-22,0.570396,0.724529
Garden,local3,1-13-14-18-24,0.479965,0.643409
Lunch_room,local3,1-3-15-18-23,0.380963,0.531061
Cantina,restart3,5-7-11-17-24,0.416817,0.575357
Meeting_room,local3,6-8-12-17-23,0.519663,0.678067
Porch,local3,8-15-17-18-23,0.564610,0.700661
Playground,restart3,7-11-14-21-22,0.322917,0.479794
Pots,local3,1-2-17-21-22,0.601935,0.746752
Lounge,local3,2-11-14-18-21,0.545579,0.704772
Garden,restart3,7-9-13-23-24,0.451712,0.612943
Meeting_room,local3,7-8-12-17-19,0.517322,0.675847
Cantina,local3,4-5-11-18-24,0.380103,0.533997
Porch,local3,15-17-18-20-23,0.582001,0.720687
Lunch_room,local3,1-3-11-15-23,0.343413,0.492516
Pots,local3,2-15-17-21-22,0.599145,0.743522
Playground,local3,7-11-21-22-23,0.324167,0.479622
Lounge,local3,1-2-11-13-19,0.566452,0.721983
Garden,local3,10-13-15-22-24,0.434365,0.600438
Meeting_room,local3,0-12-17-19-23,0.517966,0.679521
Porch,local3,17-18-19-20-23,0.360629,0.508891
Cantina,local3,2-5-7-13-21,0.323580,0.472145
Lunch_room,local3,1-3-15-17-20,0.397358,0.548578
Pots,local3,1-5-16-21-23,0.606661,0.752084
Playground,local3,7-13-21-22-23,0.286197,0.433649
Lounge,local3,1-2-9-19-22,0.555960,0.712965
Garden,local3,7-9-19-23-24,0.461328,0.622177
Meeting_room,local3,3-6-10-12-23,0.517302,0.676821
Porch,local3,4-15-18-21-24,0.624251,0.764624
Cantina,local3,5-7-10-11-17,0.428303,0.586510
Pots,local3,1-5-7-16-23,0.606263,0.752038
Lunch_room,local3,1-15-20-21-23,0.397418,0.542864
Playground,local3,7-10-11-21-22,0.336376,0.492646
Lounge,local3,2-11-13-19-22,0.544062,0.702665
Garden,local3,9-16-20-23-24,0.447979,0.609209
Meeting_room,local3,1-2-8-12-15,0.471838,0.634486
Porch,local3,4-18-19-21-24,0.418355,0.574851
Cantina,local3,5-7-10-11-24,0.422099,0.582627
Pots,local3,5-7-20-21-23,0.617222,0.760612
Playground,local3,7-9-11-21-22,0.279477,0.428812
Lounge,local3,1-2-7-11-19,0.566057,0.721540
Garden,local3,5-9-13-14-24,0.416518,0.583201
Meeting_room,local3,3-6-8-17-23,0.512131,0.671671
Lunch_room,local3,1-2-5-15-20,0.373651,0.522959
Porch,local3,4-12-15-18-21,0.601142,0.745540
Cantina,local3,7-9-11-15-17,0.478354,0.628147
Pots,local3,5-7-12-21-23,0.602497,0.748830
Playground,local3,0-7-10-11-22,0.405287,0.564433
Lounge,local3,2-9-19-22-24,0.518640,0.681106
Garden,local3,7-14-16-19-24,0.529662,0.691819
Meeting_room,local3,6-8-10-13-15,0.519466,0.678504
Porch,local3,1-3-4-18-20,0.568456,0.712927
Lunch_room,local3,1-3-15-18-20,0.401142,0.552698
Cantina,local3,1-4-5-11-17,0.389387,0.550323
Pots,local3,5-6-7-21-23,0.606129,0.751914
Playground,local3,0-7-10-19-22,0.399124,0.554303
Lounge,local3,2-4-9-12-19,0.519530,0.682461
Meeting_room,local3,6-7-8-10-11,0.497102,0.656723
Garden,local3,2-14-16-19-20,0.534868,0.696542
Porch,local3,4-7-8-9-15,0.527870,0.679725
Lunch_room,local3,3-15-19-20-21,0.318940,0.459760
Cantina,local3,2-7-9-11-15,0.441110,0.598292
Pots,local3,7-10-11-20-21,0.638223,0.776027
Playground,local3,1-7-8-10-22,0.373183,0.526410
Meeting_room,local3,2-6-8-12-17,0.517949,0.679332
Lounge,local3,1-2-11-17-19,0.575692,0.729722
Garden,local3,3-13-14-19-20,0.424835,0.591145
Porch,local3,15-18-20-21-24,0.616612,0.757538
Pots,local3,5-7-11-20-21,0.630515,0.770436
Cantina,local3,3-7-15-16-17,0.493414,0.655999
Meeting_room,local3,8-10-11-12-15,0.515209,0.674838
Lunch_room,local3,1-3-15-21-23,0.406371,0.556686
Playground,local3,0-5-10-11-21,0.407220,0.564753
Garden,local3,6-11-14-19-24,0.514826,0.678510
Lounge,local3,2-5-11-17-19,0.549348,0.707711
Porch,local3,4-13-14-17-18,0.417721,0.584380
Pots,local3,7-10-11-19-20,0.631344,0.770896
Cantina,local3,2-3-7-15-17,0.429518,0.593680
Meeting_room,local3,4-5-12-15-17,0.386367,0.541841
Playground,local3,2-5-11-16-21,0.359203,0.513111
Lunch_room,local3,1-5-15-19-20,0.412165,0.565603
Porch,local3,10-15-18-21-24,0.588746,0.727433
Cantina,local3,0-3-13-16-24,0.402128,0.558446
Garden,local3,2-17-18-19-20,0.513507,0.677978
Lounge,local3,1-2-6-17-22,0.575160,0.729315
Pots,local3,1-7-10-20-21,0.617216,0.759203
Meeting_room,local3,8-12-17-22-23,0.532256,0.689595
Playground,local3,0-4-9-19-21,0.448644,0.605824
Porch,local3,4-15-18-22-24,0.618479,0.759243
Lunch_room,local3,1-3-15-20-21,0.422234,0.573984
Cantina,local3,3-7-14-16-17,0.470919,0.635660
Garden,local3,6-11-14-16-19,0.513678,0.677409
Playground,local3,0-2-9-19-21,0.444967,0.603502
Pots,local3,1-7-11-15-23,0.647207,0.782602
Meeting_room,local3,3-8-12-17-23,0.521698,0.680542
Lounge,local3,3-10-11-17-19,0.571159,0.726295
Lunch_room,local3,5-16-19-20-21,0.382287,0.533512
Porch,local3,4-5-10-18-21,0.534940,0.688511
Cantina,local3,3-7-15-17-20,0.500274,0.662194
Garden,local3,2-6-14-16-19,0.525510,0.688237
Playground,local3,0-9-13-14-21,0.360684,0.517690
Pots,local3,7-11-18-23-24,0.633972,0.772288
Meeting_room,local3,8-17-22-23-24,0.518167,0.676573
Porch,local3,1-15-18-21-24,0.605188,0.740704
Lounge,local3,0-2-11-17-19,0.581128,0.734594
Cantina,local3,3-7-15-17-23,0.490363,0.652913
Lunch_room,local3,0-3-4-7-20,0.349517,0.501480
Garden,local3,10-14-16-19-20,0.528963,0.691350
Playground,local3,0-9-19-21-22,0.420387,0.579716
Meeting_room,local3,0-1-2-22-23,0.420223,0.586381
Pots,local3,5-7-14-18-23,0.615598,0.759295
Porch,local3,0-5-15-21-24,0.489199,0.646422
Lounge,local3,0-2-11-18-22,0.586514,0.738692
Cantina,local3,3-7-17-20-24,0.499589,0.661763
Garden,local3,2-8-16-19-22,0.511654,0.675790
Lunch_room,local3,1-15-17-20-21,0.382997,0.526698
Meeting_room,local3,0-12-17-22-23,0.512299,0.675076
Playground,local3,0-9-15-16-19,0.403117,0.562289
Pots,local3,7-11-15-19-21,0.635491,0.774038
Porch,local3,4-14-15-23-24,0.605150,0.741993
Lounge,local3,0-2-5-11-18,0.589325,0.741113
Cantina,local3,7-12-13-16-17,0.496841,0.656821
Garden,local3,2-14-16-19-24,0.531630,0.693770
Lunch_room,local3,1-3-11-15-21,0.386592,0.538847
Meeting_room,local3,0-11-17-20-23,0.509803,0.672869
Playground,local3,2-4-7-9-16,0.358569,0.508320
Pots,local3,1-7-8-11-15,0.647316,0.782806
Porch,local3,0-1-18-23-24,0.527023,0.676620
Lounge,local3,0-2-5-12-21,0.578576,0.732501
Cantina,local3,3-7-9-15-16,0.530225,0.686129
Garden,local3,0-7-19-20-23,0.463920,0.627145
Meeting_room,local3,8-12-17-21-22,0.527341,0.684893
Lunch_room,local3,8-12-15-20-21,0.279275,0.422576
Playground,local3,4-9-17-19-21,0.446022,0.602953
Pots,local3,1-7-11-15-24,0.648707,0.783198
Porch,local3,4-14-15-18-24,0.613098,0.752386
Lounge,local3,2-5-12-16-18,0.525279,0.685990
Cantina,local3,0-3-15-16-19,0.455611,0.618637
Garden,local3,2-5-8-12-16,0.523513,0.686625
Meeting_room,local3,4-7-12-17-23,0.515977,0.673909
Playground,local3,1-4-9-19-21,0.448440,0.605282
Lunch_room,local3,0-1-3-15-21,0.384993,0.535311
Pots,local3,1-11-18-23-24,0.636702,0.774390
Porch,local3,2-4-15-21-24,0.587996,0.733751
Lounge,local3,2-6-13-14-18,0.554691,0.711932
Cantina,local3,5-7-9-10-14,0.457736,0.611459
Garden,local3,2-14-17-19-24,0.522332,0.685819
Meeting_room,local3,11-12-16-19-23,0.560397,0.713207
Playground,local3,0-3-8-19-24,0.372942,0.513519
Pots,local3,1-7-10-15-24,0.630097,0.768357
Porch,local3,4-18-21-22-24,0.418361,0.575075
Lunch_room,local3,1-2-3-12-15,0.330099,0.475656
Lounge,local3,0-2-18-23-24,0.589527,0.741266
Meeting_room,local3,3-5-10-11-19,0.478080,0.638659
Cantina,local3,3-7-9-16-20,0.529506,0.685674
Garden,local3,1-2-14-16-20,0.539639,0.700278
Playground,local3,0-4-9-14-19,0.437343,0.594528
Pots,local3,1-5-7-10-15,0.621841,0.763454
Porch,local3,4-6-21-22-24,0.461389,0.623486
Lunch_room,local3,3-8-15-20-21,0.271676,0.401882
Meeting_room,local3,4-12-16-18-23,0.517956,0.675614
Lounge,local3,0-2-18-20-24,0.584788,0.737402
Cantina,local3,3-7-12-15-16,0.473646,0.634091
Garden,local3,1-2-4-16-20,0.538200,0.699091
Playground,local3,3-9-15-16-21,0.353514,0.506979
Pots,local3,1-7-11-13-24,0.644629,0.780331
Porch,local3,4-11-13-18-21,0.591289,0.738101
Meeting_room,local3,0-9-11-16-19,0.531532,0.690271
Lounge,local3,0-2-15-18-23,0.575605,0.730196
Lunch_room,local3,0-1-3-20-21,0.404417,0.555975
Garden,local3,2-14-16-20-21,0.522298,0.685578
Cantina,local3,3-9-10-16-18,0.516842,0.672548
Porch,local3,3-4-9-15-21,0.596144,0.739941
Playground,local3,4-13-19-22-23,0.331613,0.478385
Pots,local3,1-3-19-22-24,0.613980,0.757106
Lounge,local3,0-2-22-23-24,0.533951,0.692692
Meeting_room,local3,1-9-11-12-21,0.523564,0.682801
Lunch_room,local3,0-3-10-12-20,0.324146,0.472882
Cantina,local3,2-3-9-15-16,0.465468,0.625699
Garden,local3,1-2-4-14-20,0.548346,0.707802
Porch,local3,4-8-9-21-24,0.623903,0.762473
Playground,local3,11-15-19-21-23,0.445979,0.603241
Lounge,local3,0-8-18-23-24,0.578445,0.732435
Pots,local3,1-6-11-14-24,0.628170,0.768655
Meeting_room,local3,3-12-14-15-16,0.449233,0.611965
Lunch_room,local3,0-1-2-18-20,0.356157,0.503035
Garden,local3,1-4-14-20-21,0.541669,0.702356
Cantina,local3,3-9-15-16-24,0.533974,0.687414
Porch,local3,2-4-18-21-24,0.565908,0.718611
Playground,local3,2-7-9-16-19,0.373957,0.530733
Meeting_room,local3,9-12-16-19-23,0.549235,0.703755
Pots,local3,1-4-15-20-24,0.589066,0.734893
Lounge,local3,0-5-18-23-24,0.583680,0.736538
Garden,local3,2-12-17-20-23,0.478132,0.643724
Lunch_room,local3,0-15-17-20-21,0.360624,0.506588
Cantina,local3,3-7-14-16-19,0.378393,0.531730
Porch,local3,4-8-14-15-18,0.600439,0.741592
Playground,local3,0-4-9-17-19,0.447774,0.605053
Meeting_room,local3,2-7-11-16-19,0.532496,0.690973
Pots,local3,8-9-10-15-24,0.639137,0.776882
Lounge,local3,0-2-18-20-22,0.589227,0.740916
Garden,local3,1-2-14-19-20,0.551559,0.710490
Porch,local3,3-4-14-15-21,0.556445,0.708552
Lunch_room,local3,1-5-15-19-23,0.405718,0.557937
Cantina,local3,7-9-16-19-24,0.478971,0.639488
Playground,local3,0-4-9-14-21,0.419635,0.576724
Meeting_room,local3,9-12-15-16-22,0.535756,0.692802
Garden,local3,1-2-3-6-19,0.540436,0.701028
Pots,local3,7-11-15-19-24,0.637853,0.775585
Lounge,local3,2-4-18-23-24,0.535417,0.696142
Porch,local3,1-4-15-18-21,0.606902,0.746758
Cantina,local3,9-13-14-15-22,0.488874,0.638102
Lunch_room,local3,0-3-13-15-21,0.361858,0.516284
Playground,local3,0-2-4-17-21,0.440920,0.598260
Meeting_room,local3,7-12-16-22-24,0.544460,0.699481
Garden,local3,1-2-6-9-14,0.515752,0.677339
Pots,local3,1-10-11-15-24,0.614824,0.755803
Cantina,local3,1-3-9-15-24,0.488441,0.646097
Lounge,local3,0-2-7-18-24,0.578108,0.732139
Porch,local3,5-14-15-21-24,0.589181,0.732643
Meeting_room,local3,4-11-12-16-19,0.486297,0.643670
Playground,local3,9-12-13-21-22,0.260944,0.404658
Lunch_room,local3,1-13-17-20-21,0.378806,0.526844
Garden,local3,12-14-19-20-21,0.530572,0.692497
Pots,local3,1-3-7-12-23,0.606871,0.752224
Lounge,local3,9-11-12-18-23,0.512808,0.676785
Cantina,local3,2-3-16-20-24,0.430267,0.593992
Porch,local3,4-7-15-18-24,0.508945,0.669272
Meeting_room,local3,11-15-16-23-24,0.519780,0.680696
Garden,local3,1-2-14-20-23,0.483692,0.643244
Playground,local3,0-4-17-19-21,0.496875,0.653231
Lunch_room,local3,1-4-8-15-21,0.398257,0.544422
Pots,local3,1-9-10-15-20,0.618138,0.759771
Lounge,local3,0-4-13-22-23,0.564631,0.721300
Cantina,local3,3-9-15-21-24,0.535975,0.690780
Porch,local3,4-11-15-18-21,0.603046,0.746316
Meeting_room,local3,11-12-16-17-23,0.534323,0.692136
Garden,local3,0-1-14-19-20,0.518052,0.682103
Playground,local3,4-5-17-19-21,0.413034,0.570217
Lunch_room,local3,1-3-17-18-21,0.364504,0.512136
Pots,local3,1-4-11-21-24,0.607947,0.750168
Lounge,local3,3-16-18-23-24,0.527360,0.687359
Meeting_room,local3,11-12-13-16-23,0.535367,0.693158
Cantina,local3,3-6-9-15-21,0.499652,0.659157
Porch,local3,3-4-9-15-17,0.579658,0.724145
Garden,local3,1-14-16-17-19,0.540737,0.701524
Playground,local3,0-6-12-19-21,0.426540,0.584280
Pots,local3,1-11-15-21-22,0.638204,0.775743
Lunch_room,local3,1-11-20-21-24,0.376711,0.524591
Lounge,local3,1-9-13-18-23,0.543783,0.703381
Meeting_room,local3,0-11-12-14-23,0.475328,0.639900
Porch,local3,4-18-21-23-24,0.439275,0.599645
Cantina,local3,3-9-11-13-21,0.471047,0.629735
Garden,local3,1-7-17-19-20,0.536955,0.698108
Playground,local3,0-4-13-17-19,0.444261,0.601524
Pots,local3,7-9-11-15-24,0.637896,0.776130
Meeting_room,local3,3-6-16-22-23,0.518076,0.677314
Lounge,local3,0-2-11-15-18,0.578794,0.732792
Lunch_room,local3,3-5-15-18-20,0.351851,0.500969
Porch,local3,7-15-18-21-24,0.512307,0.667537
Cantina,local3,3-12-17-18-21,0.507608,0.667702
Garden,local3,0-1-6-17-20,0.501756,0.667430
Playground,local3,0-4-16-17-21,0.447788,0.605201
Pots,local3,4-7-11-19-20,0.634047,0.773381
Meeting_room,local3,6-8-16-19-24,0.517222,0.675374
Lounge,local3,0-6-12-13-24,0.581010,0.734374
Porch,local3,4-6-10-15-24,0.572054,0.714156
Cantina,local3,0-3-4-9-21,0.451603,0.612258
Lunch_room,local3,0-1-15-20-21,0.382300,0.530219
Garden,local3,2-3-14-15-20,0.504735,0.670402
Playground,local3,0-17-18-19-22,0.443250,0.598666
Pots,local3,7-8-11-15-24,0.644762,0.780806
Meeting_room,local3,6-11-16-21-23,0.510630,0.671779
Lounge,local3,2-14-19-23-24,0.545934,0.704965
Porch,local3,6-8-13-15-24,0.523791,0.665345
Cantina,local3,3-10-15-21-24,0.494715,0.654235
Garden,local3,1-2-7-10-19,0.541741,0.702080
Lunch_room,local3,1-3-5-15-21,0.420543,0.571925
Playground,local3,0-1-11-14-19,0.427117,0.587535
Pots,local3,7-11-15-23-24,0.634961,0.773495
Meeting_room,local3,12-14-16-19-23,0.548079,0.703385
Lounge,local3,0-2-18-20-23,0.585364,0.737870
Porch,local3,7-18-20-21-24,0.427953,0.594889
Cantina,local3,3-8-14-19-24,0.485510,0.645967
Garden,local3,1-7-14-20-23,0.498736,0.659521
Playground,local3,0-4-14-17-19,0.432325,0.590496
Lunch_room,local3,1-3-8-15-21,0.408697,0.558729
Meeting_room,local3,9-11-12-16-23,0.543473,0.699007
Pots,local3,1-2-7-14-19,0.609966,0.753604
Porch,local3,1-9-14-15-21,0.548687,0.685881
Lounge,local3,2-13-18-22-24,0.559472,0.716062
Cantina,local3,3-9-15-23-24,0.521790,0.677217
Garden,local3,1-4-12-19-20,0.539202,0.699997
Playground,local3,0-4-11-13-21,0.411674,0.568520
Meeting_room,local3,2-10-11-12-15,0.532942,0.692394
Pots,local3,6-13-15-22-24,0.619517,0.763361
Lunch_room,local3,1-14-15-20-21,0.396369,0.540775
Porch,local3,7-11-17-18-21,0.509903,0.662914
Lounge,local3,0-10-12-18-21,0.586437,0.738846
Cantina,local3,3-9-21-22-24,0.488634,0.649117
Garden,local3,2-10-14-16-19,0.534935,0.696528
Playground,local3,0-5-17-21-22,0.421776,0.580612
Meeting_room,local3,10-12-14-21-23,0.550973,0.705407
Pots,local3,1-11-15-20-24,0.621885,0.762434
Lunch_room,local3,1-3-6-15-18,0.385450,0.533966
Porch,local3,0-4-10-15-21,0.489087,0.650221
Lounge,local3,2-9-10-18-24,0.538650,0.699555
Cantina,local3,7-9-15-21-24,0.476226,0.626321
Garden,local3,1-2-10-19-22,0.532019,0.693266
Meeting_room,restart3,7-9-11-14-15,0.506461,0.666888
Playground,local3,0-4-12-17-21,0.437706,0.594536
Pots,local3,1-7-15-23-24,0.635699,0.774008
Porch,local3,7-18-21-23-24,0.453984,0.619966
Lunch_room,local3,1-3-15-19-21,0.395021,0.546098
Lounge,local3,6-12-13-23-24,0.551130,0.708917
Cantina,local3,3-9-12-22-24,0.497130,0.656369
Garden,local3,2-10-11-12-19,0.523152,0.685765
Meeting_room,local3,5-7-9-11-15,0.480429,0.639217
Playground,local3,4-9-15-21-23,0.355335,0.511132
Pots,local3,6-7-11-23-24,0.591338,0.739505
Porch,local3,4-13-15-18-24,0.513034,0.673626
Lounge,local3,2-6-10-11-18,0.563038,0.719628
Lunch_room,local3,1-3-6-8-20,0.408770,0.558881
Meeting_room,local3,0-3-7-8-11,0.526670,0.686068
Cantina,local3,1-6-21-22-24,0.376774,0.540220
Garden,local3,1-2-3-5-19,0.543772,0.704143
Playground,local3,3-4-6-17-18,0.322951,0.471079
Pots,local3,11-15-16-17-24,0.653159,0.787888
Porch,local3,4-16-18-21-24,0.513691,0.675499
Lounge,local3,5-9-18-23-24,0.530867,0.691750
Meeting_room,local3,0-3-8-9-11,0.530309,0.689199
Garden,local3,0-1-2-10-15,0.485337,0.651788
Cantina,local3,4-15-21-23-24,0.509996,0.669919
Lunch_room,local3,1-3-7-15-20,0.401436,0.552623
Playground,local3,0-4-11-21-22,0.424828,0.581347
Pots,local3,1-11-17-22-24,0.644360,0.780255
Porch,local3,4-8-18-21-24,0.602912,0.748181
Lounge,local3,0-2-18-21-24,0.571765,0.726927
Meeting_room,local3,3-9-11-14-23,0.517622,0.677552
Garden,local3,1-14-19-20-22,0.529062,0.691107
Cantina,local3,2-9-15-21-24,0.467246,0.621537
Pots,local3,8-11-15-16-24,0.648008,0.784595
Playground,local3,1-2-11-19-21,0.431635,0.589206
Lunch_room,local3,3-9-12-15-21,0.264043,0.400737
Porch,local3,3-4-17-21-24,0.406428,0.562120
Meeting_room,local3,0-6-9-10-11,0.537553,0.695801
Lounge,local3,2-14-15-23-24,0.543557,0.703064
Cantina,local3,8-9-15-21-24,0.473233,0.621202
Garden,local3,1-6-13-17-20,0.490670,0.654599
Pots,local3,9-11-15-16-17,0.630660,0.770189
Playground,local3,0-16-17-19-21,0.429416,0.592013
Porch,local3,4-13-15-18-19,0.505665,0.668341
Lunch_room,local3,3-5-7-15-20,0.316983,0.456734
Meeting_room,local3,0-9-10-11-15,0.541068,0.698480
Lounge,local3,9-10-16-18-24,0.496132,0.661268
Garden,local3,1-4-14-19-20,0.546230,0.706305
Cantina,local3,3-15-18-21-24,0.451624,0.616260
Pots,local3,3-16-17-21-24,0.604973,0.749431
Playground,local3,0-13-15-17-19,0.381894,0.542084
Porch,local3,0-11-18-21-24,0.538887,0.690836
Meeting_room,local3,3-7-9-11-14,0.492480,0.653546
Lounge,local3,0-2-16-18-23,0.563399,0.718834
Garden,local3,2-8-12-19-20,0.516998,0.680828
Cantina,local3,3-5-15-21-24,0.470504,0.634791
Lunch_room,local3,1-3-15-16-20,0.405065,0.556702
Pots,local3,0-4-10-15-17,0.608981,0.751849
Playground,local3,2-4-14-17-19,0.360647,0.518438
Porch,restart3,0-5-13-20-22,0.464257,0.631048
Meeting_room,local3,0-3-9-11-15,0.530478,0.689560
Lounge,local3,10-18-21-23-24,0.567600,0.723499
Garden,local3,1-14-19-20-24,0.534222,0.695959
Cantina,local3,3-8-9-15-21,0.519578,0.674960
Lunch_room,local3,1-2-4-12-20,0.345235,0.492060
Pots,local3,5-11-14-17-24,0.654198,0.788528
Playground,local3,0-4-15-19-22,0.436090,0.593106
Porch,local3,0-5-6-20-22,0.508621,0.669603
Meeting_room,local3,0-9-10-15-24,0.532853,0.691084
Lounge,restart3,3-4-12-19-24,0.539875,0.699465
Garden,local3,0-1-2-8-19,0.501156,0.666610
Cantina,local3,3-9-15-22-24,0.523444,0.678779
Pots,local3,5-15-17-20-24,0.631138,0.771422
Playground,local3,0-4-11-17-19,0.450686,0.607934
Lunch_room,local3,1-2-4-20-21,0.387502,0.537296
Meeting_room,local3,1-9-10-11-23,0.533833,0.691950
Porch,local3,0-5-6-12-22,0.479160,0.638320
Lounge,local3,4-10-20-21-24,0.547719,0.707230
Garden,local3,2-4-14-19-20,0.530502,0.692929
Cantina,local3,3-15-17-21-24,0.496679,0.658644
Pots,local3,5-11-14-17-19,0.644593,0.781176
Playground,local3,4-5-13-17-19,0.330875,0.485915
Meeting_room,local3,9-10-11-15-17,0.534325,0.692349
Porch,local3,0-5-8-13-22,0.492572,0.653307
Lunch_room,local3,2-9-13-15-20,0.359852,0.505635
Garden,local3,0-8-14-16-20,0.506522,0.671938
Lounge,local3,6-14-16-20-24,0.529551,0.689867
Cantina,local3,0-14-15-21-24,0.491097,0.649442
Pots,restart3,5-6-10-18-21,0.632721,0.773190
Playground,local3,0-9-17-18-19,0.422027,0.582722
Meeting_room,local3,9-10-11-15-18,0.543108,0.699568
Porch,local3,0-5-9-20-22,0.512539,0.673805
Lunch_room,local3,1-3-6-14-15,0.386404,0.534681
Garden,restart3,0-14-15-16-18,0.506546,0.672094
Lounge,local3,4-7-10-14-23,0.524569,0.687401
Cantina,restart3,12-14-16-17-18,0.548638,0.701261
Pots,local3,5-6-19-20-21,0.622193,0.764797
Meeting_room,local3,4-11-15-18-22,0.514153,0.672737
Playground,restart3,0-2-5-9-15,0.420552,0.579212
Porch,local3,0-1-9-20-22,0.527071,0.678113
Lunch_room,restart3,1-2-10-15-23,0.333754,0.479919
Garden,local3,14-16-17-18-20,0.532241,0.694352
Cantina,local3,5-9-12-17-20,0.497384,0.646286
Pots,local3,4-5-10-11-21,0.629867,0.769840
Lounge,local3,4-10-14-20-24,0.547834,0.707297
Meeting_room,local3,10-11-15-18-24,0.546924,0.702739
Porch,local3,9-13-16-20-22,0.557566,0.704704
Playground,local3,0-1-2-9-14,0.427932,0.586794
Lunch_room,local3,0-1-2-10-19,0.324091,0.469259
Garden,local3,7-9-14-16-17,0.486961,0.651032
Cantina,local3,2-12-14-16-21,0.410670,0.568708
Pots,local3,1-6-10-18-21,0.608670,0.752978
Meeting_room,local3,10-11-18-21-24,0.554223,0.708663
Lounge,local3,4-10-11-13-20,0.549346,0.708600
Porch,local3,13-16-20-21-22,0.442644,0.610832
Playground,local3,1-6-13-14-24,0.405961,0.561707
Garden,local3,7-14-16-17-20,0.515544,0.679398
Cantina,local3,7-12-16-18-24,0.511665,0.671077
Lunch_room,local3,2-9-10-15-23,0.298127,0.438005
Pots,local3,5-17-18-19-21,0.628490,0.769726
Meeting_room,local3,7-11-18-21-24,0.532643,0.689686
Lounge,local3,1-4-11-13-20,0.563518,0.719760
Porch,local3,5-9-10-17-22,0.611427,0.749332
Playground,local3,0-2-8-17-24,0.415116,0.568946
Garden,local3,14-17-18-20-22,0.515093,0.679314
Cantina,local3,11-12-14-16-17,0.457392,0.615640
Lunch_room,local3,1-2-8-10-15,0.332670,0.477672
Meeting_room,local3,9-10-11-18-21,0.542014,0.696919
Pots,local3,4-5-6-14-21,0.625706,0.767524
Lounge,local3,1-8-11-13-20,0.543325,0.702902
Porch,local3,9-10-17-20-22,0.589938,0.728486
Garden,local3,2-16-17-19-20,0.503145,0.668619
Cantina,local3,7-16-17-18-22,0.488789,0.651307
Playground,local3,1-2-17-19-21,0.447233,0.607802
Lunch_room,local3,1-2-5-6-10,0.388179,0.535222
Meeting_room,local3,8-10-21-22-24,0.529900,0.687061
Pots,local3,6-10-13-20-21,0.638414,0.777575
Lounge,local3,8-11-15-17-20,0.546829,0.705671
Porch,local3,5-9-14-17-22,0.609291,0.748081
Garden,local3,14-16-17-18-24,0.525281,0.688396
Cantina,local3,8-10-14-16-17,0.517287,0.672606
Playground,local3,1-2-10-17-19,0.446559,0.604241
Meeting_room,local3,10-11-14-18-21,0.536742,0.692706
Pots,local3,6-10-13-14-20,0.634985,0.774924
Lunch_room,local3,2-5-6-10-11,0.365674,0.513087
Lounge,local3,1-4-13-16-20,0.529684,0.690318
Porch,local3,9-10-12-17-22,0.548608,0.683444
Garden,local3,8-16-17-18-20,0.513344,0.677807
Cantina,local3,12-16-17-18-21,0.535395,0.691031
Meeting_room,local3,0-6-14-18-24,0.471861,0.636875
Playground,local3,1-2-4-17-21,0.432184,0.588869
Pots,local3,4-6-10-20-23,0.619110,0.762269
Lunch_room,local3,1-5-6-11-18,0.400428,0.546127
Lounge,local3,4-11-13-16-19,0.516779,0.679066
Porch,local3,10-15-17-21-22,0.580463,0.720740
Garden,local3,6-7-14-20-22,0.515642,0.679059
Meeting_room,local3,5-11-18-21-24,0.458615,0.623737
Cantina,local3,12-14-16-17-23,0.517731,0.674950
Playground,local3,1-2-18-19-21,0.483139,0.640827
Pots,local3,3-6-9-10-21,0.620263,0.762643
Porch,local3,5-10-13-17-22,0.568897,0.717223
Lounge,local3,8-11-13-15-24,0.543586,0.702717
Lunch_room,local3,1-4-5-6-18,0.391244,0.537249
Garden,local3,3-11-17-18-23,0.467844,0.633652
Meeting_room,local3,9-10-18-21-24,0.549075,0.703453
Cantina,local3,11-14-16-17-18,0.494181,0.649841
Playground,local3,1-2-12-18-19,0.437024,0.594229
Pots,local3,6-13-17-20-21,0.642674,0.780946
Porch,local3,3-10-11-13-22,0.527293,0.671401
Lounge,local3,4-7-13-14-17,0.509727,0.673648
Lunch_room,local3,1-7-11-18-22,0.317891,0.456525
Meeting_room,local3,10-11-15-18-22,0.548448,0.703581
Garden,local3,5-9-15-16-17,0.473580,0.640444
Cantina,local3,6-14-16-18-22,0.475710,0.638662
Playground,local3,1-2-14-19-21,0.428349,0.587121
Pots,local3,13-16-17-18-20,0.614182,0.758112
Porch,local3,5-10-15-17-22,0.603138,0.743062
Lounge,local3,0-1-11-13-22,0.517516,0.677465
Meeting_room,local3,5-10-11-12-21,0.491953,0.651490
Garden,local3,12-14-16-19-20,0.530111,0.692196
Lunch_room,local3,5-6-9-11-18,0.338529,0.478711
Cantina,local3,4-6-11-12-14,0.328569,0.474103
Pots,local3,3-8-13-20-21,0.589542,0.736903
Playground,local3,1-2-12-15-17,0.417390,0.577008
Porch,local3,4-5-8-9-22,0.600633,0.746844
Lounge,local3,0-1-4-11-12,0.590805,0.742353
Meeting_room,local3,2-11-16-19-24,0.524871,0.685826
Garden,local3,2-14-16-17-18,0.518347,0.682292
Cantina,local3,12-16-17-22-24,0.508827,0.667384
Lunch_room,local3,2-5-11-18-20,0.366066,0.516746
Pots,local3,6-17-19-20-21,0.643419,0.781136
Playground,local3,1-4-18-19-21,0.521327,0.671437
Porch,local3,0-5-9-10-22,0.504189,0.662474
Lounge,local3,1-4-11-12-16,0.538177,0.697918
Meeting_room,local3,10-11-15-21-24,0.547299,0.703318
Garden,local3,0-6-14-17-20,0.508133,0.673281
Cantina,local3,9-12-16-17-18,0.552888,0.703438
Pots,local3,6-17-20-21-22,0.637121,0.776381
Playground,local3,4-8-18-19-21,0.440224,0.597333
Lunch_room,local3,5-6-10-11-18,0.326929,0.468068
Porch,local3,6-9-10-17-22,0.545109,0.683914
Meeting_room,local3,10-11-18-23-24,0.559283,0.712827
Lounge,local3,1-4-11-12-20,0.563744,0.719965
Garden,local3,4-14-16-18-20,0.509651,0.674791
Cantina,local3,5-9-12-16-17,0.493240,0.652292
Pots,local3,4-5-6-20-21,0.624664,0.766748
Playground,local3,0-4-16-18-19,0.452376,0.608594
Porch,local3,5-9-10-15-22,0.598248,0.737077
Meeting_room,local3,10-11-17-18-24,0.551063,0.705924
Lunch_room,local3,0-1-6-17-18,0.359447,0.504444
Lounge,local3,0-1-4-9-12,0.569614,0.725404
Garden,local3,12-14-17-18-20,0.520566,0.683754
Cantina,local3,3-12-16-17-18,0.520923,0.678714
Pots,local3,8-13-17-20-21,0.619157,0.762165
Playground,local3,1-4-15-19-21,0.440735,0.597663
Porch,local3,1-9-10-17-22,0.542968,0.676702
Meeting_room,local3,11-15-22-23-24,0.523979,0.684193
Lounge,local3,0-1-3-4-11,0.582152,0.735463
Lunch_room,local3,2-5-6-8-11,0.379814,0.528000
Garden,local3,10-13-14-17-20,0.485758,0.649807
Pots,local3,6-9-13-19-21,0.606479,0.752568
Cantina,local3,2-16-17-18-19,0.434037,0.597619
Playground,local3,1-4-18-21-23,0.485468,0.640362
Porch,local3,5-10-17-22-24,0.610162,0.750899
Meeting_room,local3,0-8-10-18-23,0.537346,0.695507
Lounge,local3,0-1-4-10-17,0.586356,0.739038
Lunch_room,local3,1-5-6-18-21,0.395127,0.541543
Pots,local3,6-18-20-21-24,0.649887,0.786198
Garden,local3,0-14-16-18-20,0.510263,0.675288
Cantina,local3,9-11-12-16-17,0.471487,0.627941
Playground,local3,1-4-5-19-21,0.437227,0.594367
Porch,local3,1-5-9-10-14,0.564440,0.702437
Meeting_room,local3,9-11-13-15-18,0.540876,0.697336
Lunch_room,local3,1-5-6-15-18,0.397272,0.543511
Lounge,local3,0-1-4-5-12,0.581090,0.734673
Pots,local3,8-14-15-21-24,0.605076,0.750077
Garden,local3,7-8-17-20-22,0.489010,0.654807
Cantina,local3,12-14-16-18-21,0.505040,0.661752
Meeting_room,local3,4-10-11-15-24,0.517402,0.676112
Playground,local3,0-1-6-9-21,0.419386,0.578952
Porch,local3,5-9-10-13-20,0.576399,0.721627
Lounge,local3,0-1-4-15-16,0.552676,0.710779
Pots,local3,6-16-17-20-24,0.629630,0.770789
Lunch_room,local3,0-3-5-11-18,0.373515,0.528085
Garden,local3,1-14-16-18-20,0.536533,0.697898
Cantina,local3,3-9-12-16-17,0.511316,0.668460
Meeting_room,local3,7-10-11-16-23,0.536683,0.692446
Porch,local3,5-9-10-18-22,0.596709,0.738284
Playground,local3,0-4-13-21-23,0.427675,0.584637
Lounge,local3,0-1-11-12-20,0.587914,0.739707
Pots,local3,6-13-18-21-24,0.636920,0.776546
Lunch_room,local3,1-5-9-11-18,0.388853,0.534846
Garden,local3,4-14-18-20-22,0.493927,0.660527
Cantina,local3,0-5-11-12-18,0.432404,0.594428
Meeting_room,local3,11-13-18-22-24,0.521076,0.681233
Porch,local3,9-10-11-15-19,0.519768,0.661198
Playground,local3,1-4-7-18-21,0.419741,0.573273
Lounge,local3,1-4-11-19-21,0.571963,0.726603
Pots,local3,6-12-18-20-24,0.623822,0.766178
Garden,local3,3-5-16-17-20,0.491478,0.658836
Lunch_room,local3,1-5-6-18-22,0.399687,0.545498
Cantina,local3,9-12-16-17-19,0.512101,0.667152
Meeting_room,local3,0-11-20-23-24,0.516031,0.678248
Porch,local3,4-5-9-10-22,0.595046,0.741085
Playground,local3,0-4-18-19-21,0.519117,0.668786
Lounge,local3,0-4-7-10-18,0.580466,0.734172
Pots,local3,3-10-12-21-24,0.604734,0.747960
Garden,local3,1-7-14-16-18,0.543836,0.703857
Meeting_room,local3,2-9-11-18-23,0.542485,0.700026
Cantina,local3,3-12-14-16-17,0.500197,0.659907
Lunch_room,local3,1-4-5-17-18,0.373822,0.520769
Porch,local3,5-8-9-15-22,0.601344,0.736370
Playground,local3,1-5-15-18-21,0.423076,0.580397
Lounge,local3,0-1-7-13-17,0.573527,0.728383
Pots,local3,0-6-11-18-20,0.641174,0.779565
Garden,local3,1-7-14-16-17,0.532284,0.694009
Meeting_room,local3,7-10-11-20-23,0.545123,0.700405
Cantina,local3,1-6-12-18-19,0.437899,0.599379
Porch,local3,3-4-17-19-22,0.391098,0.543999
Lunch_room,local3,1-6-11-13-18,0.391747,0.535902
Playground,local3,2-11-15-19-21,0.373982,0.532675
Lounge,local3,0-1-11-12-16,0.571878,0.725848
Pots,local3,6-9-20-21-24,0.622345,0.765381
Meeting_room,local3,4-11-12-18-23,0.524030,0.681634
Garden,local3,5-7-14-17-21,0.523867,0.687065
Cantina,local3,4-6-14-17-18,0.471784,0.632519
Porch,local3,3-5-6-17-19,0.468916,0.631448
Playground,local3,1-12-19-20-21,0.475086,0.627214
Lounge,local3,1-10-12-14-21,0.561701,0.717885
Lunch_room,local3,1-5-11-16-18,0.381368,0.529064
Pots,local3,1-6-18-20-24,0.609789,0.754309
Meeting_room,local3,3-10-11-22-24,0.540144,0.697368
Garden,local3,0-1-6-7-16,0.505873,0.671037
Cantina,local3,1-12-17-18-22,0.481714,0.640725
Porch,local3,5-9-10-13-17,0.572341,0.714877
Playground,local3,4-15-18-19-22,0.437518,0.594064
Lounge,local3,0-6-12-14-18,0.581403,0.734934
Pots,local3,10-16-18-20-24,0.613006,0.756334
Meeting_room,local3,3-10-16-23-24,0.537243,0.694429
Lunch_room,local3,2-5-6-11-18,0.373598,0.522257
Garden,local3,1-9-14-22-23,0.452780,0.614914
Cantina,local3,1-9-16-18-20,0.475546,0.634637
Porch,local3,5-9-10-17-24,0.607914,0.743846
Playground,local3,4-18-19-21-23,0.422095,0.572323
Lounge,local3,0-1-2-11-12,0.584113,0.736631
Meeting_room,local3,11-15-17-23-24,0.521633,0.682508
Pots,local3,6-18-19-20-24,0.647316,0.784320
Garden,local3,0-7-14-16-18,0.513613,0.678095
Lunch_room,local3,5-6-11-13-18,0.338717,0.483574
Cantina,local3,9-12-15-17-18,0.516422,0.664352
Porch,local3,9-13-16-17-22,0.545875,0.686600
Playground,local3,4-13-19-21-24,0.436830,0.592579
Lounge,local3,0-1-11-12-24,0.589901,0.741334
Meeting_room,local3,7-11-17-18-23,0.530686,0.687655
Pots,local3,1-6-18-21-24,0.610442,0.754232
Garden,local3,1-7-14-18-22,0.535570,0.696672
Porch,local3,9-10-17-19-22,0.588253,0.724837
Cantina,local3,3-9-16-17-18,0.517295,0.675262
Lunch_room,local3,1-5-6-14-20,0.406700,0.554696
Lounge,local3,0-1-4-19-21,0.584276,0.737216
Playground,local3,1-4-12-13-15,0.356539,0.511918
Meeting_room,local3,10-11-18-22-23,0.557538,0.711148
Pots,local3,4-18-20-22-24,0.602196,0.746095
Garden,local3,1-6-16-18-20,0.532926,0.694686
Porch,local3,3-9-16-18-22,0.540081,0.680844
Cantina,local3,9-10-12-16-17,0.517504,0.670957
Lunch_room,local3,1-7-12-14-20,0.345763,0.487793
Lounge,local3,1-4-6-11-12,0.568522,0.723687
Playground,local3,1-4-6-18-21,0.421931,0.575206
Meeting_room,local3,1-8-10-11-17,0.502335,0.662352
Pots,local3,6-14-18-21-23,0.634199,0.774573
Garden,local3,6-7-14-16-18,0.526258,0.688730
Porch,local3,5-8-10-14-22,0.592751,0.733166
Cantina,local3,9-12-16-18-24,0.533213,0.686637
Lunch_room,local3,1-5-8-9-14,0.400712,0.544954
Lounge,local3,0-1-4-8-12,0.575646,0.730232
Playground,local3,4-13-19-23-24,0.389142,0.544508
Meeting_room,local3,0-10-11-23-24,0.535740,0.694285
Pots,local3,2-6-18-20-21,0.618735,0.762212
Garden,local3,1-7-13-14-18,0.517415,0.678234
Porch,local3,5-7-8-17-20,0.480950,0.646190
Cantina,local3,3-10-12-17-18,0.515674,0.672698
Lounge,local3,1-8-12-16-21,0.535141,0.694522
Lunch_room,local3,0-5-7-14-20,0.375248,0.523715
Playground,local3,1-4-11-18-21,0.435831,0.589621
Meeting_room,local3,10-11-18-22-24,0.557609,0.711467
Pots,local3,4-6-20-21-22,0.632070,0.771956
Porch,local3,5-9-10-17-21,0.605747,0.742389
Garden,local3,1-7-16-18-23,0.497445,0.658396
Cantina,local3,2-9-16-18-19,0.463917,0.624149
Lounge,local3,0-1-3-14-21,0.578369,0.732302
Meeting_room,local3,8-10-18-23-24,0.532213,0.688735
Lunch_room,local3,1-5-6-13-20,0.404509,0.553155
Playground,local3,1-4-7-13-19,0.406328,0.559626
Pots,local3,0-2-10-21-24,0.597660,0.742523
Porch,local3,3-5-9-10-22,0.571474,0.716670
Garden,local3,2-9-11-14-18,0.488079,0.651794
Cantina,local3,9-12-14-17-18,0.513649,0.661930
Lounge,local3,1-4-11-12-15,0.550337,0.708892
Meeting_room,local3,4-10-21-23-24,0.542865,0.697668
Playground,local3,5-12-18-19-24,0.443071,0.598409
Lunch_room,local3,1-5-6-11-20,0.403840,0.552120
Pots,local3,3-6-12-21-24,0.627594,0.768715
Porch,local3,5-10-19-20-22,0.564228,0.709208
Garden,local3,1-7-13-15-17,0.495002,0.658229
Cantina,local3,14-16-17-18-22,0.505359,0.665706
Lounge,local3,0-1-4-6-20,0.595023,0.745748
Meeting_room,local3,10-16-18-23-24,0.543685,0.697772
Playground,local3,11-13-14-18-19,0.319822,0.470657
Lunch_room,local3,1-3-14-21-22,0.407702,0.558089
Pots,local3,8-18-20-21-24,0.617167,0.759275
Porch,local3,10-15-17-20-22,0.581473,0.720850
Garden,local3,1-7-9-14-18,0.519365,0.680905
Meeting_room,restart3,6-10-18-19-22,0.541767,0.696910
Cantina,local3,2-9-14-16-24,0.467035,0.627505
Lounge,local3,0-1-6-15-20,0.591964,0.743238
Playground,local3,1-4-18-20-21,0.518886,0.669060
Pots,local3,4-6-18-20-21,0.630922,0.771045
Porch,local3,5-9-16-17-22,0.607489,0.746333
Lunch_room,local3,1-3-13-14-23,0.381775,0.533921
Garden,local3,1-7-14-15-18,0.536469,0.697650
Meeting_room,local3,6-7-19-22-23,0.523500,0.681288
Cantina,local3,1-12-16-21-23,0.413468,0.569395
Lounge,local3,1-4-6-15-20,0.558095,0.715204
Playground,local3,1-12-18-19-21,0.477799,0.630508
Pots,local3,6-16-18-20-21,0.633960,0.774378
Porch,local3,0-9-10-17-22,0.518764,0.663648
Garden,local3,1-14-16-17-18,0.535358,0.696933
Meeting_room,local3,2-4-8-19-22,0.539436,0.695953
Lunch_room,local3,1-3-9-14-15,0.388465,0.538354
Cantina,local3,9-12-17-18-22,0.521654,0.671082
Lounge,local3,1-4-6-20-21,0.572995,0.727490
Playground,local3,11-17-18-19-21,0.464765,0.616563
Pots,local3,18-20-21-23-24,0.614347,0.755951
Porch,local3,10-17-19-21-22,0.596907,0.737904
Meeting_room,local3,6-10-18-20-21,0.539154,0.694955
Garden,local3,0-1-7-14-18,0.519073,0.682977
Lunch_room,local3,0-9-16-21-22,0.339886,0.487270
Cantina,local3,9-11-16-17-18,0.504377,0.658511
Lounge,local3,1-6-13-16-20,0.554210,0.710427
Playground,local3,1-4-18-19-23,0.507621,0.661837
Pots,local3,2-18-20-21-24,0.594177,0.739561
Porch,local3,9-11-12-17-24,0.551233,0.684789
Meeting_room,local3,0-5-6-13-22,0.445552,0.610585
Garden,local3,1-14-16-18-22,0.525327,0.688080
Lounge,local3,1-6-7-20-24,0.572204,0.726673
Cantina,local3,1-12-16-17-18,0.493995,0.652779
Playground,local3,4-7-9-21-23,0.335642,0.489503
Lunch_room,local3,1-10-20-21-22,0.341795,0.487683
Pots,local3,0-6-18-21-24,0.634830,0.774523
Porch,local3,5-9-10-17-23,0.623295,0.757899
Meeting_room,local3,5-6-10-18-21,0.487194,0.647333
Garden,local3,7-9-14-15-16,0.488117,0.651898
Lounge,local3,0-4-6-7-20,0.578290,0.732358
Cantina,local3,0-1-9-12-16,0.469842,0.628648
Playground,local3,4-5-13-16-18,0.324279,0.476181
Pots,local3,6-18-21-22-24,0.630621,0.771298
Meeting_room,local3,0-2-6-19-22,0.509622,0.672575
Porch,local3,1-5-10-17-23,0.621715,0.755811
Lunch_room,local3,3-14-18-21-22,0.358701,0.509074
Garden,local3,1-13-14-16-18,0.507177,0.668620
Lounge,local3,0-1-4-6-19,0.587626,0.739815
Cantina,local3,1-9-16-17-18,0.494751,0.652439
Playground,local3,1-7-17-19-21,0.466667,0.624154
Porch,local3,9-12-13-17-23,0.558803,0.693240
Meeting_room,local3,1-6-9-16-19,0.505031,0.664472
Pots,local3,6-16-18-22-24,0.615252,0.758953
Garden,local3,1-7-12-15-18,0.529360,0.691436
Lunch_room,local3,1-3-13-14-21,0.403691,0.555504
Cantina,local3,0-9-15-18-24,0.477684,0.635149
Lounge,local3,0-4-6-17-20,0.568151,0.724179
Playground,local3,1-9-10-18-19,0.406332,0.562208
Meeting_room,local3,7-10-18-19-22,0.540330,0.695463
Porch,local3,5-9-17-23-24,0.614589,0.753781
Pots,local3,1-2-6-20-24,0.596206,0.742833
Garden,local3,1-7-9-18-19,0.523260,0.684554
Lounge,local3,0-4-6-20-23,0.578918,0.732815
Cantina,local3,1-4-9-12-17,0.479916,0.637280
Lunch_room,local3,1-3-4-14-22,0.381599,0.533416
Playground,local3,0-7-11-18-19,0.412298,0.571702
Meeting_room,local3,6-7-18-19-22,0.516354,0.674564
Porch,local3,5-7-9-10-23,0.524548,0.679082
Pots,local3,1-15-18-20-24,0.593420,0.738291
Garden,local3,1-7-9-11-18,0.510957,0.673059
Lounge,local3,0-1-4-7-20,0.592869,0.743961
Cantina,local3,0-15-16-17-20,0.508492,0.664641
Lunch_room,local3,1-9-14-21-22,0.380871,0.524563
Playground,local3,1-3-4-18-19,0.415386,0.573028
Meeting_room,local3,5-9-18-22-23,0.515884,0.673871
Porch,restart3,3-5-6-15-20,0.590601,0.738007
Pots,local3,7-11-12-20-21,0.622831,0.763886
Garden,local3,1-6-13-16-18,0.510509,0.672209
Lounge,local3,0-1-4-7-24,0.595962,0.746384
Cantina,local3,0-5-12-17-22,0.434928,0.598445
Playground,local3,0-16-18-21-23,0.466061,0.626343
Lunch_room,local3,1-3-19-21-22,0.389908,0.540492
Meeting_room,local3,10-17-18-19-22,0.536706,0.692168
Porch,local3,3-5-15-18-20,0.522102,0.680240
Pots,local3,13-18-20-21-24,0.609266,0.750503
Garden,local3,7-13-14-16-24,0.492031,0.655630
Lounge,local3,0-1-4-6-11,0.597233,0.747436
Cantina,local3,9-12-16-17-21,0.530281,0.684416
Playground,local3,4-16-18-21-24,0.470553,0.625369
Meeting_room,local3,6-10-15-19-22,0.538815,0.694918
Lunch_room,local3,1-3-4-21-22,0.405641,0.556290
Porch,local3,3-5-6-10-17,0.573124,0.721148
Pots,local3,0-6-18-21-22,0.630911,0.771838
Garden,local3,9-14-16-17-18,0.458689,0.625908
Lounge,restart3,2-6-9-11-13,0.544228,0.703660
Cantina,local3,12-16-17-18-22,0.535319,0.690506
Playground,local3,1-3-4-18-20,0.439350,0.596190
Meeting_room,local3,6-10-19-21-22,0.543597,0.698478
Porch,local3,3-6-10-14-15,0.531280,0.669899
Pots,local3,6-11-13-14-20,0.629681,0.770735
Lunch_room,local3,1-3-10-14-20,0.379065,0.531290
Garden,local3,1-8-9-17-18,0.503647,0.666922
Lounge,local3,2-6-7-12-16,0.532456,0.692622
Cantina,local3,9-12-16-18-21,0.529464,0.683054
Meeting_room,local3,2-6-10-21-22,0.540830,0.699270
Playground,local3,1-8-10-18-22,0.397098,0.550420
Porch,local3,5-6-15-16-20,0.554776,0.707169
Pots,restart3,7-14-16-19-22,0.622014,0.763888
Garden,local3,7-14-16-18-20,0.527978,0.690221
Lounge,local3,2-6-13-22-24,0.548277,0.706394
Lunch_room,local3,1-2-3-14-21,0.375529,0.525792
Cantina,local3,9-16-17-18-24,0.527539,0.682802
Meeting_room,local3,4-10-16-19-22,0.528771,0.685193
Playground,local3,1-3-4-8-22,0.385693,0.537378
Porch,local3,3-5-15-20-22,0.547557,0.704217
Pots,local3,7-15-16-19-22,0.634643,0.773842
Garden,restart3,2-3-16-23-24,0.453715,0.616294
Lounge,local3,6-13-20-22-24,0.547920,0.706319
Meeting_room,local3,10-19-21-22-24,0.556146,0.709416
Cantina,restart3,7-10-12-18-19,0.452197,0.608248
Lunch_room,local3,2-3-8-14-22,0.351039,0.502407
Playground,local3,1-4-15-18-22,0.437521,0.593714
Porch,local3,3-6-7-15-20,0.525319,0.674009
Pots,local3,7-16-19-20-22,0.604914,0.750371
Garden,local3,2-3-12-16-23,0.481702,0.647548
Lounge,local3,2-6-10-13-24,0.570023,0.725288
Meeting_room,local3,5-6-9-21-24,0.507578,0.666889
Cantina,local3,7-10-14-18-19,0.461092,0.616730
Lunch_room,local3,3-7-10-14-15,0.212258,0.331952
Playground,local3,1-2-4-6-10,0.422092,0.579450
Porch,local3,3-6-20-21-23,0.560140,0.712689
Pots,local3,3-15-16-19-22,0.615394,0.757947
Garden,local3,1-2-8-10-12,0.522551,0.685080
Meeting_room,local3,0-10-11-21-24,0.534204,0.693012
Lounge,local3,0-2-6-17-24,0.578010,0.732089
Cantina,local3,0-6-10-14-19,0.422223,0.586112
Playground,local3,1-8-18-19-21,0.492474,0.645351
Porch,local3,4-6-7-15-20,0.481770,0.642596
Lunch_room,local3,3-5-7-14-22,0.310448,0.451871
Pots,local3,11-14-15-16-18,0.645161,0.781922
Meeting_room,local3,14-19-21-22-24,0.493928,0.657930
Garden,local3,1-8-10-12-15,0.459915,0.625113
Lounge,local3,10-15-16-17-24,0.547728,0.706056
Cantina,local3,3-4-10-18-19,0.474020,0.636416
Playground,local3,1-4-8-13-17,0.425259,0.581564
Porch,local3,3-6-15-20-21,0.562217,0.707214
Pots,local3,11-14-15-16-17,0.644554,0.781481
Lunch_room,local3,1-3-14-22-23,0.358233,0.507470
Meeting_room,local3,7-9-10-22-24,0.529561,0.686944
Garden,local3,2-8-10-12-14,0.517128,0.680803
Lounge,local3,0-2-11-17-24,0.586768,0.739148
Cantina,local3,4-10-18-19-22,0.471712,0.630308
Porch,local3,3-5-9-10-18,0.553572,0.699092
Playground,local3,1-10-13-18-22,0.410883,0.567621
Pots,local3,6-11-16-18-22,0.628119,0.767934
Meeting_room,local3,10-12-19-21-22,0.556452,0.709483
Garden,local3,1-2-4-8-12,0.535047,0.696076
Lounge,local3,2-3-15-17-24,0.552427,0.710067
Lunch_room,local3,0-1-3-14-21,0.379881,0.529903
Cantina,local3,0-3-6-8-10,0.443637,0.607881
Porch,local3,3-9-15-19-20,0.585185,0.727443
Pots,local3,6-11-14-15-16,0.648876,0.785084
Playground,local3,4-17-18-20-21,0.431925,0.582955
Meeting_room,local3,10-12-16-21-22,0.553084,0.706030
Garden,local3,0-2-4-9-12,0.482771,0.649551
Lounge,local3,1-2-8-10-24,0.582533,0.735550
Cantina,local3,3-4-7-10-19,0.443615,0.607753
Lunch_room,local3,1-3-7-12-14,0.347720,0.495181
Porch,local3,3-5-12-15-20,0.594244,0.739818
Pots,local3,6-11-14-15-17,0.649072,0.785382
Meeting_room,local3,2-9-19-21-22,0.527962,0.687453
Playground,local3,1-8-15-17-18,0.420292,0.579258
Garden,local3,1-8-12-18-24,0.499906,0.663849
Lounge,local3,0-2-9-17-23,0.576620,0.731054
Cantina,local3,3-4-13-18-19,0.441183,0.605910
Lunch_room,local3,1-14-21-22-23,0.384064,0.526956
Porch,local3,3-5-15-20-24,0.570800,0.723985
Meeting_room,local3,5-12-15-19-21,0.453746,0.616186
Pots,local3,6-11-15-17-20,0.641232,0.778901
Playground,local3,1-4-18-21-24,0.475733,0.631688
Garden,local3,0-1-8-10-21,0.475209,0.641834
Lounge,local3,12-15-17-19-24,0.555215,0.711958
Cantina,local3,4-6-13-18-19,0.426517,0.587149
Lunch_room,restart3,4-5-6-9-12,0.300180,0.432621
Porch,local3,3-12-15-20-21,0.576652,0.724011
Meeting_room,local3,7-10-12-14-19,0.542028,0.698661
Pots,local3,6-10-11-15-20,0.649362,0.785604
Playground,local3,1-6-10-19-21,0.434371,0.590993
Lounge,local3,0-2-5-8-24,0.582453,0.735618
Cantina,local3,4-8-10-18-19,0.456583,0.611371
Garden,local3,2-6-8-12-22,0.481182,0.641608
Porch,local3,1-3-5-12-20,0.595862,0.738057
Meeting_room,local3,6-12-19-21-22,0.532106,0.689723
Lunch_room,local3,1-4-6-9-12,0.388414,0.532892
Pots,local3,6-11-15-20-21,0.630169,0.771540
Playground,local3,1-4-8-18-19,0.436005,0.592180
Lounge,local3,2-6-11-17-24,0.554904,0.712415
Cantina,local3,2-10-11-19-21,0.385077,0.548153
Garden,local3,1-4-8-18-24,0.513595,0.676940
Porch,local3,1-3-12-14-20,0.570065,0.712009
Meeting_room,local3,10-11-12-22-24,0.557641,0.711689
Lunch_room,local3,1-4-9-12-20,0.371269,0.516822
Pots,local3,6-9-10-15-17,0.610086,0.755471
Lounge,local3,0-2-17-18-24,0.574912,0.729452
Playground,local3,1-4-14-18-21,0.444508,0.600618
Cantina,local3,2-10-16-18-19,0.445944,0.606617
Garden,local3,1-7-8-11-14,0.521195,0.683666
Porch,local3,1-5-12-13-20,0.605499,0.741630
Meeting_room,local3,1-8-11-12-20,0.496756,0.656641
Pots,local3,4-14-15-17-20,0.607912,0.751116
Lounge,local3,0-3-17-20-24,0.589305,0.741261
Playground,local3,4-18-20-21-23,0.424292,0.574211
Lunch_room,local3,4-7-9-12-19,0.211927,0.330244
Cantina,local3,4-12-17-18-19,0.492108,0.649521
Garden,local3,8-9-12-20-23,0.475657,0.639583
Porch,local3,1-5-10-12-19,0.605909,0.742447
Meeting_room,local3,2-9-10-14-22,0.534344,0.693288
Pots,local3,3-9-11-20-21,0.621594,0.762811
Lounge,local3,3-17-18-19-20,0.557631,0.714195
Playground,local3,1-4-19-21-22,0.488151,0.646336
Cantina,local3,4-10-17-18-19,0.480790,0.636325
Lunch_room,local3,4-9-12-18-20,0.279617,0.417445
Garden,local3,1-2-4-16-21,0.535430,0.696707
Meeting_room,local3,3-10-11-12-22,0.523760,0.682400
Porch,local3,5-9-10-12-19,0.613478,0.749777
Pots,local3,2-6-10-12-20,0.608449,0.754994
Lounge,local3,0-3-9-17-20,0.569452,0.725289
Playground,restart3,2-6-10-14-23,0.375713,0.530287
Cantina,local3,0-4-7-18-19,0.427061,0.590722
Garden,local3,2-4-13-21-23,0.464556,0.627463
Lunch_room,local3,6-7-9-12-21,0.242688,0.363416
Meeting_room,local3,1-9-11-12-22,0.527835,0.686840
Porch,local3,5-6-9-12-22,0.558599,0.710498
Pots,local3,10-11-13-15-20,0.644413,0.780108
Lounge,local3,0-7-17-18-24,0.580217,0.733964
Playground,local3,6-10-11-14-23,0.367289,0.523556
Cantina,local3,4-7-12-17-19,0.455668,0.615099
Garden,local3,1-4-16-17-21,0.536456,0.697900
Meeting_room,local3,10-12-14-21-24,0.552825,0.707199
Porch,local3,9-10-12-13-18,0.529315,0.672207
Lunch_room,local3,1-4-6-7-12,0.378086,0.523001
Pots,local3,2-3-11-15-20,0.597665,0.742666
Lounge,local3,3-12-17-20-24,0.558472,0.715070
Playground,local3,0-6-10-13-14,0.420657,0.579068
Cantina,local3,4-6-10-11-19,0.376907,0.537031
Meeting_room,local3,4-11-12-16-24,0.505467,0.664321
Garden,local3,1-4-14-21-22,0.533253,0.694982
Porch,local3,1-8-9-10-18,0.517829,0.656464
Pots,local3,6-10-15-16-20,0.638859,0.778117
Lunch_room,local3,6-9-12-15-18,0.345630,0.485173
Lounge,local3,13-15-17-23-24,0.557944,0.714648
Playground,local3,0-2-10-13-14,0.432915,0.591301
Cantina,local3,4-12-16-17-18,0.518412,0.676252
Meeting_room,local3,10-11-12-18-24,0.555353,0.709252
Garden,local3,1-11-16-17-21,0.490834,0.656436
Porch,local3,6-9-10-12-19,0.521318,0.659758
Pots,local3,3-5-6-15-18,0.615463,0.758861
Lounge,local3,0-3-14-16-24,0.555903,0.712696
Lunch_room,local3,1-4-6-9-19,0.397743,0.544907
Playground,local3,0-2-10-13-19,0.444940,0.602879
Meeting_room,local3,0-11-12-22-24,0.478985,0.643366
Cantina,local3,13-15-16-17-18,0.512473,0.670396
Garden,local3,1-10-16-21-22,0.505110,0.669667
Porch,local3,10-12-16-19-22,0.573329,0.710711
Pots,local3,6-8-11-15-20,0.641181,0.779039
Lounge,local3,0-4-17-20-24,0.578673,0.732731
Meeting_room,local3,2-5-11-16-24,0.426043,0.590046
Playground,local3,0-2-10-19-24,0.432988,0.586233
Lunch_room,local3,4-6-9-14-19,0.299995,0.430337
Cantina,local3,2-3-4-16-17,0.394724,0.560023
Garden,local3,0-1-16-17-21,0.500196,0.666096
Porch,local3,5-10-11-12-19,0.606498,0.743195
Pots,local3,10-11-19-21-23,0.650117,0.785504
Lounge,local3,5-12-17-20-24,0.551083,0.708810
Meeting_room,local3,3-10-11-17-19,0.528412,0.687279
Playground,local3,2-8-10-13-19,0.346409,0.491156
Cantina,local3,4-12-16-19-21,0.408797,0.563581
Garden,local3,1-16-17-20-21,0.519602,0.683069
Lunch_room,local3,3-4-9-13-16,0.251887,0.383597
Porch,local3,2-9-10-12-19,0.567480,0.706868
Pots,local3,11-14-19-21-23,0.647288,0.783737
Meeting_room,local3,11-12-18-22-24,0.522417,0.682465
Lounge,local3,2-3-9-17-23,0.531072,0.692540
Playground,local3,2-4-10-13-19,0.369796,0.519035
Cantina,local3,3-10-16-17-21,0.490906,0.652527
Garden,local3,2-6-7-16-17,0.492730,0.658682
Porch,local3,5-9-12-15-19,0.614748,0.750625
Lunch_room,local3,1-4-6-17-19,0.376552,0.524121
Pots,local3,10-19-20-21-23,0.623982,0.764815
Meeting_room,local3,3-11-12-15-24,0.512744,0.673179
Lounge,local3,3-7-17-20-24,0.548397,0.706788
Playground,local3,0-2-13-19-22,0.422493,0.577782
Garden,local3,1-4-16-18-21,0.543566,0.703898
Cantina,local3,11-12-16-17-18,0.504655,0.658426
Porch,local3,0-1-12-19-21,0.487547,0.644068
Pots,local3,8-10-11-19-23,0.630723,0.770855
Meeting_room,local3,3-7-11-22-24,0.529810,0.688058
Lunch_room,local3,1-6-9-19-23,0.388371,0.534606
Lounge,local3,0-3-9-15-20,0.569842,0.725660
Playground,local3,0-2-10-13-17,0.445105,0.603385
Cantina,local3,4-5-12-16-17,0.436663,0.598520
Garden,local3,4-16-18-21-24,0.518469,0.682452
Porch,local3,9-12-13-17-19,0.575835,0.714739
Meeting_room,local3,1-7-9-10-12,0.507319,0.666458
Pots,local3,11-15-18-21-23,0.645464,0.782322
Lunch_room,local3,1-6-9-13-19,0.385132,0.530721
Lounge,local3,0-16-17-20-24,0.565189,0.719918
Playground,local3,0-2-7-10-17,0.436223,0.594192
Cantina,local3,0-4-6-16-17,0.416075,0.578730
Garden,local3,4-16-18-19-23,0.478509,0.641934
Porch,local3,2-5-9-15-19,0.594756,0.734011
Meeting_room,local3,0-12-16-22-24,0.474817,0.639039
Pots,local3,5-10-19-21-23,0.622297,0.765088
Lounge,local3,0-3-4-17-20,0.567576,0.723810
Playground,local3,0-2-5-13-16,0.419342,0.577911
Lunch_room,local3,1-4-9-17-19,0.383167,0.531673
Cantina,local3,4-14-16-17-18,0.490401,0.650654
Garden,local3,1-4-16-21-24,0.534176,0.695823
Porch,local3,5-9-12-15-17,0.599695,0.735076
Meeting_room,local3,1-2-10-17-22,0.492758,0.656850
Pots,local3,0-10-19-21-23,0.613056,0.756398
Lounge,local3,0-3-6-20-24,0.591399,0.742820
Playground,local3,0-2-8-10-13,0.420439,0.577088
Cantina,local3,1-4-6-17-18,0.455473,0.618191
Garden,local3,1-4-15-18-21,0.518224,0.681655
Lunch_room,local3,7-9-15-19-23,0.215609,0.337153
Porch,local3,6-9-12-15-19,0.518890,0.657499
Meeting_room,local3,10-11-12-14-22,0.548261,0.703746
Pots,local3,6-10-11-19-23,0.632362,0.772054
Lounge,local3,0-3-7-20-24,0.588382,0.740429
Playground,local3,0-8-13-17-22,0.395904,0.556335
Cantina,local3,4-7-12-17-18,0.487122,0.642519
Garden,local3,1-4-16-18-22,0.533597,0.695280
Porch,local3,1-3-5-9-19,0.561345,0.706324
Meeting_room,local3,8-11-12-22-23,0.532924,0.690555
Lunch_room,local3,1-4-9-16-19,0.384492,0.532957
Pots,local3,5-10-11-16-19,0.629892,0.770346
Lounge,local3,3-6-10-20-24,0.573856,0.728460
Playground,local3,0-2-5-10-13,0.419447,0.576959
Cantina,local3,4-12-14-17-18,0.500066,0.654520
Garden,local3,4-7-16-18-21,0.529294,0.691733
Porch,local3,9-12-15-18-19,0.568038,0.706325
Meeting_room,local3,10-12-13-22-24,0.558473,0.711879
Lunch_room,local3,7-9-13-19-22,0.221307,0.340964
Pots,local3,6-12-15-19-21,0.609792,0.754718
Lounge,local3,0-3-8-14-24,0.574703,0.729518
Playground,local3,0-2-8-13-17,0.431527,0.590186
Cantina,local3,4-9-16-17-22,0.505241,0.662234
Garden,local3,4-14-15-16-24,0.513629,0.678497
Meeting_room,local3,1-9-10-13-24,0.521752,0.679592
Porch,local3,5-9-15-16-23,0.614146,0.749215
Pots,local3,10-11-12-21-23,0.650529,0.785981
Lounge,local3,0-2-6-12-24,0.582411,0.735571
Playground,local3,0-1-2-3-10,0.434177,0.592695
Lunch_room,local3,4-5-6-9-10,0.304044,0.436321
Cantina,local3,4-9-12-16-18,0.527624,0.681304
Garden,local3,1-4-16-20-21,0.538668,0.699658
Meeting_room,local3,5-13-15-20-24,0.456911,0.620468
Porch,local3,9-12-15-16-19,0.553909,0.692524
Pots,local3,7-8-11-12-23,0.604108,0.748718
Lounge,local3,0-3-6-15-21,0.577793,0.732078
Playground,local3,0-2-7-10-13,0.422219,0.579911
Cantina,local3,6-9-12-15-16,0.460894,0.613725
Lunch_room,local3,9-11-13-18-19,0.254785,0.383720
Meeting_room,local3,1-10-12-13-24,0.503884,0.664101
Garden,local3,1-4-8-16-18,0.535081,0.696469
Porch,local3,5-7-12-18-19,0.438349,0.602778
Pots,local3,3-5-6-10-23,0.602304,0.748644
Playground,local3,7-10-11-13-17,0.331709,0.490154
Lounge,local3,3-6-11-20-24,0.560555,0.716925
Cantina,local3,4-6-12-13-24,0.375459,0.527843
Lunch_room,local3,1-4-12-19-20,0.368102,0.516797
Meeting_room,restart3,11-14-15-18-23,0.513816,0.675279
Garden,local3,0-1-4-7-19,0.516634,0.680922
Porch,local3,5-10-12-13-19,0.576604,0.722238
Pots,local3,1-11-12-16-23,0.633787,0.772434
Playground,local3,2-4-10-14-17,0.376520,0.528618
Lounge,local3,0-3-6-17-24,0.581737,0.735203
Cantina,local3,8-12-16-18-22,0.526603,0.680940
Meeting_room,local3,2-11-14-15-18,0.489378,0.654157
Lunch_room,local3,1-2-4-9-19,0.381512,0.532082
Garden,local3,1-4-14-16-18,0.547421,0.707207
Porch,local3,0-5-12-15-24,0.469470,0.626167
Pots,local3,7-11-16-21-22,0.633468,0.771481
Playground,local3,8-11-13-17-19,0.298800,0.453658
Lounge,local3,3-6-12-18-20,0.557501,0.713865
Cantina,local3,15-16-18-19-21,0.450250,0.614672
Meeting_room,local3,8-11-15-18-23,0.521754,0.680209
Garden,local3,1-14-15-16-20,0.531541,0.693552
Porch,local3,5-8-9-15-19,0.615990,0.751031
Pots,local3,12-14-15-21-23,0.615298,0.759993
Lunch_room,local3,7-9-15-19-21,0.240288,0.365625
Playground,local3,0-2-9-10-13,0.434578,0.592742
Lounge,local3,0-3-20-21-24,0.575720,0.730119
Cantina,local3,5-11-12-16-18,0.465880,0.624382
Meeting_room,local3,5-8-11-15-23,0.502186,0.661783
Garden,local3,4-14-16-18-23,0.463693,0.628415
Porch,local3,8-9-15-17-19,0.575445,0.713101
Pots,local3,8-9-10-12-17,0.609399,0.754013
Playground,local3,2-10-13-17-18,0.375237,0.532632
Lunch_room,local3,4-6-9-19-21,0.275382,0.400738
Lounge,local3,3-6-14-15-24,0.549901,0.707447
Meeting_room,local3,1-9-15-16-23,0.508028,0.668683
Cantina,local3,3-9-12-16-18,0.521632,0.677953
Garden,local3,4-14-16-18-24,0.500933,0.667072
Porch,local3,6-8-13-15-19,0.512131,0.654931
Pots,local3,0-11-12-16-21,0.648465,0.784792
Playground,local3,2-7-8-13-18,0.340654,0.488315
Lounge,local3,0-9-10-12-24,0.563580,0.720208
Meeting_room,local3,3-8-11-14-15,0.504255,0.665533
Lunch_room,local3,4-6-8-9-13,0.285431,0.414507
Cantina,local3,4-11-16-18-19,0.448167,0.610988
Garden,local3,0-4-14-19-22,0.486053,0.653703
Porch,local3,2-6-8-9-15,0.542059,0.675307
Pots,local3,1-2-7-10-11,0.611306,0.754405
Playground,local3,0-2-10-11-13,0.437396,0.595385
Meeting_room,local3,8-12-15-18-23,0.524268,0.682278
Lounge,local3,0-5-8-17-24,0.577525,0.731744
Cantina,local3,4-9-12-17-18,0.482248,0.627897
Lunch_room,local3,1-6-9-18-19,0.381389,0.525276
Porch,local3,5-10-13-19-22,0.557153,0.708994
Garden,local3,0-7-14-15-16,0.503465,0.668990
Pots,local3,0-10-11-21-23,0.627559,0.767759
Playground,local3,0-2-5-10-17,0.432115,0.589895
Meeting_room,local3,8-10-13-15-18,0.531522,0.689021
Lounge,local3,6-8-13-19-24,0.546220,0.704603
Cantina,local3,4-6-16-17-18,0.464846,0.628449
Lunch_room,local3,2-4-6-9-19,0.380387,0.529277
Porch,local3,4-8-9-13-22,0.589641,0.730099
Pots,local3,7-10-11-21-23,0.637753,0.775743
Garden,local3,1-4-16-17-18,0.541271,0.702002
Meeting_room,local3,1-8-10-13-15,0.501959,0.661174
Playground,local3,0-2-7-8-9,0.414684,0.572982
Lounge,local3,0-4-6-8-13,0.567974,0.723977
Cantina,local3,7-9-11-12-14,0.443954,0.598560
Porch,local3,3-7-8-10-19,0.514213,0.666409
Lunch_room,local3,1-2-9-21-23,0.374167,0.519877
Pots,local3,10-11-16-21-23,0.649918,0.785323
Garden,local3,1-14-16-18-21,0.536893,0.698190
Meeting_room,local3,4-8-10-13-18,0.514515,0.672673
Playground,local3,0-2-5-10-12,0.421607,0.579168
Cantina,local3,0-9-12-17-18,0.513712,0.666793
Lounge,local3,3-6-17-20-24,0.554673,0.711786
Porch,local3,8-9-15-19-24,0.541107,0.679594
Lunch_room,local3,1-4-16-20-24,0.395839,0.543904
Pots,local3,7-10-11-12-21,0.630161,0.770073
Garden,local3,1-2-14-16-18,0.542850,0.703064
Meeting_room,local3,7-8-13-15-17,0.509333,0.668369
Playground,local3,0-2-3-13-17,0.419770,0.578387
Lounge,local3,0-6-9-20-24,0.582272,0.735532
Cantina,local3,4-12-16-18-24,0.496269,0.657096
Porch,local3,9-16-17-19-22,0.586219,0.722934
Pots,local3,11-13-17-21-23,0.647136,0.783374
Lunch_room,local3,1-3-9-11-19,0.357016,0.507280
Garden,local3,1-4-12-14-16,0.544602,0.704678
Meeting_room,local3,0-7-10-15-18,0.534671,0.692845
Playground,local3,0-2-10-13-16,0.443609,0.601801
Porch,local3,5-8-9-15-23,0.609012,0.742096
Cantina,local3,3-4-9-12-19,0.484081,0.643618
Lounge,local3,3-6-9-20-21,0.549010,0.707931
Pots,local3,10-11-12-16-23,0.645525,0.782103
Meeting_room,local3,10-11-15-18-20,0.543598,0.699235
Lunch_room,local3,0-2-4-6-10,0.367815,0.516195
Garden,local3,1-14-16-18-23,0.497109,0.658482
Playground,local3,0-2-10-17-18,0.449257,0.606530
Porch,restart3,0-7-8-14-21,0.424064,0.581571
Meeting_room,local3,8-10-11-15-18,0.532950,0.690533
Cantina,local3,9-12-16-18-23,0.531838,0.685795
Lounge,local3,0-3-18-22-24,0.582546,0.735632
Garden,local3,1-3-4-14-18,0.519333,0.683108
Pots,local3,10-11-12-23-24,0.646966,0.783202
Playground,local3,0-10-14-17-18,0.405836,0.566078
Lunch_room,local3,4-6-9-15-19,0.301807,0.433364
Porch,local3,0-2-7-10-24,0.474272,0.632381
Meeting_room,local3,9-10-15-18-20,0.536555,0.692177
Cantina,local3,9-14-16-17-23,0.519222,0.675155
Lounge,local3,0-3-5-6-24,0.584928,0.737640
Garden,local3,4-6-13-14-16,0.506439,0.669460
Pots,local3,1-11-12-21-23,0.641827,0.778944
Porch,local3,2-4-10-22-24,0.595234,0.737363
Playground,local3,2-6-10-17-18,0.382235,0.537560
Meeting_room,local3,1-17-18-20-22,0.418786,0.583312
Lunch_room,local3,1-6-9-12-21,0.368957,0.507266
Cantina,local3,9-11-18-23-24,0.461213,0.617215
Lounge,local3,3-6-8-20-24,0.555922,0.713161
Garden,local3,1-4-16-18-23,0.502290,0.662867
Pots,local3,8-11-12-14-21,0.647988,0.784210
Porch,local3,4-9-12-13-22,0.577797,0.721662
Meeting_room,local3,5-10-11-15-18,0.478434,0.636158
Playground,local3,7-10-18-19-23,0.433104,0.593711
Lunch_room,local3,1-4-5-6-19,0.398674,0.547259
Lounge,restart3,0-4-8-17-22,0.557919,0.715762
Cantina,local3,2-4-6-9-18,0.442799,0.603184
Porch,local3,1-3-4-10-24,0.591514,0.731796
Garden,local3,0-1-15-16-18,0.479891,0.646549
Pots,local3,12-15-20-21-23,0.640347,0.779182
Meeting_room,local3,2-3-10-11-15,0.517586,0.678395
Playground,local3,2-3-10-16-24,0.366125,0.514760
Lunch_room,local3,4-5-6-16-22,0.318220,0.456836
Cantina,local3,8-9-12-16-23,0.531022,0.683433
Lounge,local3,1-4-9-17-22,0.545923,0.705311
Porch,local3,2-4-15-22-24,0.577626,0.723932
Garden,local3,1-4-5-16-24,0.536477,0.697899
Meeting_room,local3,1-10-20-21-24,0.511489,0.672553
Pots,restart3,3-19-22-23-24,0.626450,0.767470
Playground,local3,0-2-10-17-23,0.445713,0.602691
Cantina,local3,9-11-16-18-23,0.485179,0.642434
Lounge,local3,0-4-17-21-22,0.555505,0.713740
Lunch_room,local3,4-5-6-16-19,0.314231,0.453041
Porch,local3,10-14-19-22-24,0.582865,0.722840
Garden,local3,4-8-14-18-21,0.528950,0.691632
Meeting_room,local3,4-15-18-20-21,0.475422,0.635451
Pots,local3,12-19-22-23-24,0.600975,0.747012
Playground,local3,0-10-17-18-24,0.422973,0.580395
Cantina,restart3,2-3-8-13-21,0.434285,0.598262
Lounge,local3,0-4-11-13-22,0.571470,0.726852
Porch,local3,1-7-10-13-24,0.534087,0.676154
Garden,restart3,2-6-7-11-12,0.500627,0.665640
Lunch_room,local3,1-5-6-19-22,0.426920,0.578270
Meeting_room,local3,10-13-15-18-20,0.540431,0.694896
Pots,local3,3-15-22-23-24,0.620223,0.761617
Playground,local3,0-6-10-17-18,0.434036,0.591431
Cantina,local3,3-7-8-13-18,0.479432,0.640230
Lounge,local3,0-4-8-16-19,0.539312,0.698778
Porch,local3,1-4-10-19-22,0.596983,0.735984
Garden,local3,1-7-9-12-22,0.512590,0.675201
Meeting_room,local3,7-10-12-17-18,0.549334,0.703678
Pots,local3,3-6-21-22-24,0.630081,0.770478
Lunch_room,local3,1-5-8-12-22,0.373100,0.517797
Playground,local3,0-4-10-16-23,0.451930,0.607870
Cantina,local3,7-13-17-20-23,0.500906,0.656846
Porch,local3,4-10-19-20-22,0.569032,0.713220
Lounge,local3,0-8-13-18-20,0.577237,0.731467
Meeting_room,local3,6-7-16-18-24,0.518587,0.676209
Garden,local3,1-9-12-18-24,0.494801,0.659092
Pots,local3,3-20-21-22-24,0.603975,0.747737
Playground,local3,0-4-10-23-24,0.454878,0.611815
Lunch_room,local3,5-6-13-21-22,0.324842,0.462337
Cantina,local3,6-7-13-16-20,0.468160,0.632795
Porch,local3,4-10-11-18-23,0.597757,0.735189
Garden,local3,7-10-12-15-17,0.504139,0.669217
Meeting_room,local3,5-10-12-17-18,0.477335,0.635772
Lounge,local3,0-7-10-18-20,0.584513,0.737284
Pots,local3,3-6-21-23-24,0.619754,0.762331
Lunch_room,local3,1-6-9-19-22,0.396928,0.543503
Playground,local3,4-6-12-15-24,0.329253,0.477327
Cantina,local3,15-17-19-20-23,0.475213,0.636237
Porch,local3,9-10-11-13-18,0.528708,0.671384
Garden,local3,1-7-12-20-22,0.521943,0.684860
Meeting_room,local3,7-12-17-18-22,0.537656,0.693335
Lounge,local3,0-7-9-10-20,0.573081,0.727948
Pots,local3,3-6-7-21-24,0.626233,0.767277
Playground,local3,4-10-22-23-24,0.351512,0.496734
Cantina,local3,5-7-13-17-23,0.463824,0.625714
Lunch_room,local3,1-6-14-19-22,0.388355,0.536052
Porch,local3,4-11-12-18-23,0.592347,0.731685
Meeting_room,local3,4-7-12-17-18,0.509860,0.668118
Garden,local3,4-12-16-20-22,0.517546,0.681448
Lounge,local3,6-7-11-17-20,0.552627,0.710816
Pots,local3,1-3-6-21-22,0.605092,0.750197
Playground,local3,0-7-13-23-24,0.399874,0.556984
Cantina,local3,7-10-16-20-23,0.507255,0.664547
Lunch_room,local3,1-2-6-8-15,0.376154,0.521262
Meeting_room,local3,6-7-10-17-18,0.530163,0.686973
Porch,local3,4-10-11-17-18,0.596152,0.737536
Garden,local3,1-4-7-16-22,0.529417,0.691435
Lounge,local3,7-10-18-20-21,0.569868,0.725477
Pots,local3,2-3-21-22-24,0.591348,0.737431
Playground,local3,4-10-13-19-23,0.391602,0.547742
Cantina,local3,7-13-16-22-23,0.387888,0.538876
Meeting_room,local3,7-10-12-16-18,0.547672,0.701984
Lunch_room,local3,0-1-19-21-22,0.384197,0.534320
Porch,local3,4-10-18-22-23,0.583340,0.728241
Garden,local3,7-10-18-22-23,0.483154,0.646341
Lounge,local3,0-2-8-18-20,0.583110,0.736165
Pots,local3,3-13-21-22-24,0.607602,0.750231
Playground,local3,10-16-17-18-23,0.333090,0.485669
Cantina,local3,7-10-14-16-23,0.471525,0.633735
Meeting_room,local3,4-7-11-18-22,0.518544,0.675935
Porch,local3,2-4-11-12-18,0.553074,0.700339
Garden,local3,1-4-6-16-19,0.551875,0.710796
Lunch_room,local3,5-6-19-22-24,0.338897,0.478261
Lounge,local3,0-3-10-18-20,0.587570,0.739785
Pots,local3,3-6-16-22-24,0.622549,0.764974
Playground,local3,0-10-12-23-24,0.437661,0.596651
Cantina,local3,7-10-12-16-23,0.470802,0.632691
Meeting_room,local3,7-10-15-18-23,0.537285,0.693003
Porch,local3,4-11-14-18-23,0.606012,0.741887
Garden,local3,1-4-6-17-19,0.543246,0.703719
Lounge,local3,4-6-14-18-20,0.518416,0.681275
Pots,local3,6-15-21-22-24,0.629482,0.771182
Cantina,local3,9-10-19-20-23,0.508177,0.661818
Lunch_room,local3,1-8-17-19-22,0.354408,0.501323
Playground,local3,4-6-8-10-24,0.321485,0.467146
Meeting_room,local3,7-10-12-16-17,0.536977,0.692787
Porch,local3,4-11-14-15-18,0.593210,0.735543
Garden,local3,1-2-4-9-12,0.520596,0.681832
Lounge,local3,0-3-8-16-19,0.551730,0.709184
Pots,local3,3-7-13-21-24,0.623917,0.763735
Cantina,local3,14-15-19-20-23,0.493128,0.651303
Playground,local3,0-1-6-23-24,0.449480,0.609299
Lunch_room,local3,6-7-13-21-22,0.290339,0.420916
Meeting_room,local3,7-10-14-17-18,0.535956,0.692685
Lounge,local3,0-10-18-20-23,0.578672,0.732599
Garden,local3,1-6-8-13-16,0.504213,0.665834
Porch,local3,3-4-8-19-23,0.495683,0.649570
Pots,local3,6-11-19-20-22,0.622563,0.763540
Cantina,local3,0-8-14-19-23,0.475376,0.633831
Playground,local3,0-4-10-21-23,0.447322,0.604006
Lunch_room,local3,1-6-9-12-16,0.370601,0.510026
Meeting_room,local3,3-7-10-17-18,0.531871,0.689617
Porch,local3,4-5-11-18-23,0.578870,0.731875
Garden,local3,4-6-11-16-19,0.522135,0.684857
Lounge,local3,0-7-10-16-18,0.564227,0.719539
Pots,local3,6-20-21-22-24,0.629987,0.770986
Lunch_room,local3,1-3-6-19-22,0.385914,0.535327
Cantina,local3,5-9-16-19-23,0.449636,0.610766
Playground,local3,0-7-11-21-23,0.415171,0.575927
Meeting_room,local3,5-7-11-17-18,0.471263,0.630739
Garden,local3,4-6-14-16-19,0.539435,0.700446
Porch,local3,4-9-11-18-23,0.606582,0.742202
Lounge,local3,3-10-12-18-20,0.570821,0.726170
Pots,local3,3-6-12-21-22,0.630618,0.771522
Meeting_room,local3,3-7-8-12-18,0.522167,0.680994
Cantina,local3,9-10-19-22-24,0.477885,0.635031
Playground,restart3,0-4-8-21-24,0.424487,0.581353
Lunch_room,local3,1-4-5-22-24,0.394958,0.541502
Garden,local3,4-6-17-23-24,0.459949,0.622073
Porch,local3,14-16-18-22-23,0.577920,0.717595
Lounge,local3,0-10-14-18-20,0.589850,0.741556
Meeting_room,local3,8-10-11-14-18,0.529403,0.687701
Pots,local3,1-12-19-21-22,0.638892,0.777339
Cantina,local3,0-9-10-20-23,0.519046,0.668963
Playground,local3,0-2-4-8-21,0.412972,0.569535
Lunch_room,local3,1-5-19-21-22,0.429341,0.580548
Garden,local3,0-1-4-12-19,0.494794,0.660815
Porch,local3,4-9-11-16-23,0.595353,0.731597
Lounge,local3,2-10-14-18-20,0.555574,0.713654
Meeting_room,local3,5-7-13-17-23,0.494243,0.654754
Pots,local3,1-9-19-21-22,0.643547,0.780729
Cantina,local3,0-9-14-20-23,0.512570,0.664721
Playground,local3,0-4-8-18-19,0.438661,0.595236
Porch,local3,1-11-18-23-24,0.588971,0.720678
Garden,local3,4-6-8-16-19,0.538868,0.699852
Lunch_room,local3,0-1-5-21-23,0.382668,0.530629
Lounge,local3,0-10-12-18-20,0.590684,0.742184
Meeting_room,local3,3-7-12-18-20,0.521676,0.679755
Pots,local3,1-9-14-21-22,0.637554,0.775253
Cantina,local3,0-1-10-20-23,0.488423,0.644661
Playground,local3,0-2-5-8-19,0.362942,0.505895
Porch,local3,4-9-11-17-23,0.603179,0.738530
Garden,local3,2-6-16-19-23,0.472716,0.634559
Lunch_room,local3,0-1-5-21-22,0.389714,0.537283
Meeting_room,local3,7-10-17-18-20,0.538381,0.693446
Lounge,local3,0-8-12-21-23,0.555606,0.713632
Pots,local3,5-7-19-21-23,0.611580,0.755982
Cantina,local3,4-8-9-10-20,0.479148,0.621773
Porch,local3,1-11-19-20-23,0.593795,0.728406
Playground,local3,0-4-8-11-18,0.433604,0.589393
Garden,local3,1-4-11-16-19,0.534203,0.695290
Meeting_room,local3,6-10-14-17-18,0.530604,0.688052
Lounge,local3,6-10-12-18-20,0.579152,0.732975
Lunch_room,local3,5-7-9-19-21,0.303336,0.436691
Pots,local3,1-9-16-19-22,0.626779,0.767639
Cantina,local3,2-9-10-20-23,0.491795,0.644844
Porch,local3,9-11-14-18-24,0.544635,0.681006
Garden,local3,1-4-6-12-14,0.545627,0.705361
Playground,local3,0-8-16-18-19,0.411860,0.572153
Meeting_room,local3,5-7-9-11-17,0.490131,0.648535
Pots,local3,1-7-19-21-22,0.648205,0.783974
Lounge,local3,0-7-12-18-20,0.574602,0.729335
Cantina,local3,0-4-9-20-23,0.490773,0.645146
Lunch_room,local3,1-19-21-22-23,0.384669,0.534378
Porch,local3,9-14-18-21-24,0.611176,0.747109
Garden,local3,1-6-13-16-19,0.512349,0.673319
Playground,local3,4-8-17-18-19,0.440124,0.597162
Meeting_room,local3,2-3-10-17-18,0.530819,0.690201
Pots,local3,7-8-12-19-21,0.598993,0.745684
Lounge,local3,0-10-18-19-24,0.600050,0.749717
Cantina,local3,6-7-8-10-20,0.404207,0.554219
Lunch_room,local3,10-11-16-21-22,0.230094,0.350362
Porch,local3,9-10-14-20-21,0.582673,0.721615
Garden,local3,1-4-6-12-24,0.525404,0.687645
Playground,local3,4-5-8-17-18,0.318543,0.470061
Meeting_room,local3,7-10-12-14-18,0.541741,0.698161
Pots,local3,1-7-17-21-22,0.641787,0.778785
Lounge,local3,0-10-11-18-24,0.596397,0.746730
Cantina,local3,0-4-9-10-20,0.494703,0.648734
Porch,local3,9-13-18-21-24,0.587246,0.729374
Meeting_room,local3,10-11-12-17-18,0.544744,0.699512
Lunch_room,local3,5-15-19-22-24,0.331659,0.471057
Garden,local3,1-2-4-6-19,0.548489,0.707847
Playground,local3,8-17-18-19-23,0.395870,0.552586
Pots,local3,3-7-8-16-22,0.615402,0.759158
Lounge,local3,0-2-8-14-24,0.574503,0.729274
Cantina,local3,9-10-13-20-23,0.492290,0.642654
Porch,local3,0-9-14-18-24,0.507974,0.657158
Meeting_room,local3,7-13-17-18-20,0.524689,0.681506
Garden,local3,1-6-19-23-24,0.475014,0.634648
Playground,local3,4-9-17-19-23,0.439630,0.599103
Pots,local3,0-1-3-20-21,0.586529,0.734543
Lunch_room,local3,5-6-15-20-21,0.321495,0.458482
Lounge,local3,0-17-18-19-24,0.584608,0.737381
Cantina,local3,8-16-18-20-23,0.478255,0.640020
Meeting_room,local3,1-7-11-17-22,0.507045,0.668756
Porch,local3,4-7-9-18-24,0.523372,0.682623
Garden,local3,16-19-20-22-24,0.505587,0.670336
Playground,local3,4-11-13-15-18,0.353926,0.508284
Pots,local3,0-1-12-15-19,0.602989,0.748615
Lounge,local3,0-8-10-19-24,0.586441,0.738927
Lunch_room,local3,5-10-19-21-22,0.294246,0.431884
Cantina,local3,0-4-8-9-19,0.476292,0.632776
Meeting_room,local3,7-10-11-12-18,0.550004,0.704641
Porch,local3,9-16-18-21-23,0.607097,0.743157
Garden,local3,4-5-6-16-19,0.512221,0.677131
Playground,local3,4-8-12-17-18,0.327213,0.475372
Pots,local3,7-8-19-21-22,0.616025,0.759067
Lounge,local3,0-10-17-19-24,0.600251,0.749911
Meeting_room,local3,6-10-11-12-15,0.532720,0.689817
Lunch_room,local3,6-9-19-21-22,0.285567,0.413951
Lounge,local3,0-4-10-17-19,0.571558,0.726981
Cantina,local3,0-6-9-10-20,0.485514,0.643633
Porch,local3,9-14-15-17-24,0.559810,0.693314
Garden,local3,6-9-12-16-19,0.508210,0.670970
Playground,local3,2-4-8-17-20,0.354521,0.502461
Pots,local3,1-7-14-19-22,0.640705,0.778217
Meeting_room,local3,7-10-14-18-24,0.536002,0.692303
Lunch_room,local3,1-5-12-21-22,0.384012,0.528050
Lounge,local3,0-1-16-17-19,0.562427,0.718130
Cantina,local3,0-9-19-20-23,0.487201,0.644029
Garden,local3,4-6-16-19-22,0.529358,0.691598
Porch,local3,9-18-21-22-23,0.598956,0.741128
Pots,local3,1-6-7-19-21,0.634350,0.774228
Playground,local3,4-8-10-17-19,0.351994,0.507525
Meeting_room,local3,11-12-13-18-22,0.517825,0.677157
Lounge,local3,0-10-11-14-24,0.595867,0.746374
Lunch_room,local3,1-5-14-19-22,0.421881,0.574208
Cantina,local3,5-9-14-17-20,0.497057,0.645736
Garden,local3,1-6-16-19-22,0.529683,0.691395
Porch,local3,8-9-14-18-20,0.552184,0.691528
Pots,local3,1-19-21-22-23,0.635035,0.774100
Playground,local3,1-4-8-17-18,0.436264,0.592632
Meeting_room,restart3,3-9-11-21-22,0.528058,0.686223
Lounge,local3,3-4-17-19-24,0.537936,0.697709
Cantina,local3,9-10-12-20-23,0.503610,0.651395
Lunch_room,local3,1-2-5-19-21,0.390844,0.541100
Garden,local3,1-4-17-19-23,0.495306,0.656397
Porch,local3,9-10-14-18-20,0.557168,0.696669
Pots,local3,3-5-17-19-22,0.605675,0.751291
Playground,local3,8-14-17-18-19,0.401932,0.563639
Meeting_room,local3,5-9-17-18-22,0.497866,0.657107
Lounge,local3,0-6-10-16-24,0.573640,0.727148
Cantina,local3,0-9-10-15-23,0.516597,0.667479
Garden,local3,1-5-9-14-19,0.500618,0.665395
Lunch_room,local3,1-8-19-21-22,0.398925,0.547804
Porch,local3,7-12-15-21-24,0.449053,0.606702
Meeting_room,local3,3-9-20-21-22,0.531818,0.689564
Playground,local3,2-11-15-18-19,0.378527,0.537303
Pots,local3,7-19-21-22-24,0.634848,0.773551
Lounge,local3,0-15-16-17-24,0.555080,0.712331
Cantina,local3,0-9-16-18-20,0.487658,0.645278
Garden,local3,1-4-7-17-21,0.536755,0.698162
Porch,local3,3-9-14-18-19,0.532448,0.676329
Lunch_room,local3,5-7-11-19-22,0.288159,0.425157
Meeting_room,local3,3-9-16-21-22,0.522615,0.680914
Playground,local3,4-8-17-19-24,0.433437,0.592775
Pots,local3,1-7-8-19-21,0.631463,0.771478
Lounge,local3,0-5-10-17-19,0.580244,0.734023
Cantina,local3,5-9-10-20-23,0.488573,0.638792
Garden,local3,1-8-16-19-21,0.533762,0.695368
Porch,local3,3-9-14-18-21,0.535037,0.679000
Meeting_room,local3,3-7-20-21-22,0.526490,0.684724
Playground,local3,5-8-17-18-19,0.410340,0.569676
Lunch_room,local3,1-5-11-13-15,0.369056,0.515873
Pots,local3,0-3-18-19-21,0.597119,0.743207
Lounge,local3,0-3-10-17-19,0.585706,0.738443
Cantina,local3,0-3-10-15-24,0.488146,0.646433
Garden,local3,1-6-14-16-20,0.535047,0.696467
Porch,local3,7-9-14-21-24,0.525026,0.674195
Meeting_room,local3,3-9-11-20-22,0.532336,0.690315
Playground,local3,4-15-17-18-19,0.426397,0.582471
Pots,local3,1-15-19-21-22,0.613896,0.756220
Lounge,local3,3-7-12-17-19,0.546530,0.704553
Lunch_room,local3,1-5-17-21-22,0.394482,0.539989
Cantina,local3,3-9-10-12-20,0.549511,0.699787
Garden,local3,1-4-16-19-23,0.506802,0.667174
Porch,local3,9-14-18-21-22,0.600282,0.738995
Meeting_room,local3,3-5-8-11-18,0.479165,0.638758
Playground,local3,8-10-14-19-21,0.334951,0.492841
Pots,local3,1-6-7-21-22,0.634338,0.774278
Lounge,local3,0-6-10-17-19,0.591039,0.742650
Cantina,local3,3-9-12-20-22,0.544742,0.697417
Lunch_room,local3,1-5-18-21-22,0.399889,0.546651
Garden,local3,4-6-15-16-19,0.531303,0.693433
Porch,local3,1-9-18-21-24,0.593655,0.732377
Meeting_room,local3,3-11-12-20-22,0.527122,0.685971
Pots,local3,1-7-11-19-22,0.645914,0.781618
Playground,local3,4-8-10-17-18,0.354159,0.509715
Lounge,local3,0-10-17-23-24,0.597804,0.748038
Cantina,local3,3-9-12-13-20,0.533916,0.687532
Meeting_room,local3,3-5-9-11-22,0.503416,0.663676
Porch,local3,14-18-19-21-24,0.559182,0.710635
Garden,local3,1-4-5-6-16,0.546055,0.706037
Lunch_room,local3,5-13-19-20-22,0.357536,0.503338
Pots,local3,1-7-13-19-24,0.636380,0.774712
Playground,local3,4-6-8-19-24,0.283833,0.414472
Lounge,local3,0-5-9-10-19,0.575007,0.729749
Cantina,local3,1-3-10-15-16,0.469663,0.630626
Meeting_room,local3,3-6-9-11-22,0.516387,0.676001
Porch,local3,13-14-18-21-24,0.475956,0.640257
Garden,local3,0-1-4-6-19,0.513735,0.678304
Pots,local3,1-7-15-21-22,0.641564,0.777974
Lunch_room,local3,5-12-15-16-21,0.324966,0.472490
Playground,local3,4-12-14-15-18,0.311124,0.460558
Lounge,local3,0-13-16-19-24,0.574950,0.728257
Meeting_room,local3,1-3-9-20-22,0.514539,0.673948
Cantina,local3,9-10-12-19-20,0.505917,0.657846
Garden,local3,4-5-6-13-16,0.471160,0.637496
Pots,local3,4-7-11-18-21,0.628666,0.767921
Porch,local3,0-9-11-16-18,0.526712,0.675941
Lunch_room,local3,0-9-17-19-21,0.339532,0.487326
Playground,local3,3-17-18-19-20,0.395155,0.546445
Lounge,local3,0-10-17-21-24,0.578474,0.732486
Meeting_room,local3,2-9-14-20-21,0.528360,0.688010
Cantina,local3,3-9-10-20-23,0.540662,0.691983
Garden,local3,1-4-11-16-17,0.527532,0.689680
Porch,local3,4-9-12-13-14,0.573946,0.719081
Pots,local3,17-18-19-21-22,0.627892,0.768565
Lunch_room,local3,4-5-19-21-22,0.299582,0.433987
Playground,local3,4-8-15-17-19,0.359625,0.517543
Lounge,local3,6-11-14-17-19,0.558124,0.714789
Meeting_room,local3,3-9-14-20-22,0.523225,0.682360
Cantina,local3,6-10-12-20-22,0.449460,0.603344
Garden,local3,1-4-6-10-11,0.516232,0.679677
Porch,local3,14-18-21-22-24,0.556288,0.709032
Pots,local3,0-7-19-20-22,0.616677,0.760328
Lunch_room,local3,1-3-5-21-22,0.425988,0.576767
Playground,local3,4-8-16-17-19,0.369966,0.528184
Lounge,local3,10-11-14-17-21,0.569901,0.725499
Meeting_room,local3,3-9-11-17-22,0.525106,0.683796
Cantina,local3,3-9-20-21-24,0.531936,0.687273
Garden,local3,1-13-16-17-18,0.502585,0.664688
Porch,local3,4-5-9-14-21,0.578417,0.727837
Pots,local3,3-13-18-19-22,0.608208,0.752115
Playground,local3,4-8-17-19-23,0.430574,0.591069
Meeting_room,local3,0-3-11-16-20,0.501746,0.662861
Lounge,local3,0-9-19-23-24,0.572860,0.727983
Lunch_room,local3,1-8-13-19-21,0.398062,0.548362
Cantina,local3,3-9-10-12-22,0.518761,0.674536
Garden,local3,1-6-15-16-19,0.531572,0.693413
Porch,local3,9-14-20-21-24,0.638106,0.770679
Pots,local3,1-2-19-21-22,0.611553,0.754689
Meeting_room,local3,3-11-20-22-23,0.532282,0.690600
Playground,local3,4-8-15-17-18,0.362233,0.520228
Lounge,local3,0-5-17-19-24,0.583474,0.736425
Lunch_room,local3,1-12-19-21-22,0.356527,0.506241
Cantina,local3,3-10-20-21-22,0.493645,0.653181
Garden,local3,1-4-6-19-20,0.549382,0.708844
Porch,restart3,0-2-8-17-24,0.518943,0.669768
Pots,local3,1-6-8-17-22,0.615356,0.759152
Meeting_room,local3,3-8-9-21-22,0.523788,0.681726
Playground,local3,6-8-14-19-23,0.334270,0.488963
Lounge,local3,0-9-17-18-19,0.552565,0.711279
Cantina,local3,3-9-10-20-22,0.542532,0.694771
Lunch_room,local3,1-10-19-21-22,0.337210,0.484405
Garden,local3,1-4-6-16-24,0.536699,0.697899
Porch,local3,0-2-16-17-24,0.469138,0.626441
Pots,local3,0-1-7-11-22,0.633830,0.772910
Meeting_room,local3,5-11-13-15-20,0.450708,0.611960
Playground,local3,4-5-8-11-24,0.316147,0.462190
Lounge,local3,0-16-17-19-24,0.560335,0.715961
Cantina,local3,3-9-10-12-17,0.526894,0.681299
Garden,local3,0-1-4-16-23,0.460767,0.624049
Porch,local3,0-2-13-17-24,0.478188,0.635690
Meeting_room,local3,11-14-20-21-22,0.534727,0.693121
Pots,local3,7-16-19-21-22,0.616664,0.759608
Lunch_room,local3,1-15-19-20-21,0.423191,0.574034
Playground,local3,4-8-14-17-19,0.352663,0.509728
Lounge,local3,0-2-4-16-17,0.538908,0.698589
Cantina,local3,3-9-12-14-20,0.545777,0.697954
Garden,local3,1-6-10-16-19,0.529901,0.691975
Porch,local3,0-8-9-16-17,0.513687,0.665061
Meeting_room,local3,11-14-17-21-22,0.519234,0.679925
Pots,local3,1-6-18-21-22,0.630953,0.771039
Playground,local3,3-4-8-12-20,0.322653,0.465890
Lunch_room,local3,8-14-17-19-21,0.333060,0.480073
Lounge,restart3,0-6-7-13-16,0.564937,0.720491
Garden,local3,1-4-6-13-16,0.515554,0.676713
Cantina,local3,9-10-12-17-20,0.538394,0.685320
Porch,local3,0-1-2-17-24,0.545197,0.690511
Meeting_room,local3,10-11-19-21-22,0.551527,0.705999
Pots,local3,7-15-19-21-22,0.640172,0.778720
Playground,local3,0-4-5-8-20,0.399075,0.553742
Lounge,local3,0-7-8-16-24,0.553645,0.710803
Lunch_room,local3,0-5-19-21-22,0.393219,0.545754
Garden,local3,1-3-6-7-9,0.515654,0.679124
Cantina,local3,3-7-10-12-20,0.493894,0.651718
Porch,local3,0-1-2-12-17,0.529280,0.677419
Meeting_room,local3,10-11-15-21-22,0.542644,0.698778
Pots,restart3,3-4-12-15-23,0.604663,0.748456
Playground,local3,4-14-17-18-19,0.432717,0.589228
Lounge,local3,4-7-9-16-24,0.474208,0.641032
Lunch_room,local3,1-5-10-19-22,0.391743,0.543943
Garden,local3,1-6-11-16-19,0.516463,0.679477
Pots,local3,3-4-8-12-15,0.595849,0.741785
Meeting_room,local3,7-11-17-19-22,0.528028,0.685801
Cantina,local3,4-10-12-18-19,0.463935,0.618488
Porch,local3,1-2-5-17-24,0.597068,0.731295
Garden,restart3,4-9-16-19-21,0.466320,0.633248
Playground,local3,3-4-8-17-19,0.329861,0.476008
Lounge,local3,5-6-8-13-16,0.531479,0.691528
Lunch_room,local3,1-18-19-21-22,0.375731,0.524861
Pots,local3,3-4-7-11-18,0.614255,0.756175
Meeting_room,local3,3-10-11-21-22,0.532082,0.689914
Cantina,restart3,4-6-9-10-18,0.438649,0.590012
Porch,local3,2-4-5-10-24,0.591440,0.736033
Garden,local3,1-4-9-16-19,0.521167,0.683086
Lounge,local3,0-6-13-15-16,0.564677,0.720305
Playground,local3,4-8-18-19-20,0.429957,0.587174
Lunch_room,local3,3-5-8-19-22,0.283604,0.418017
Pots,local3,3-4-18-21-22,0.598661,0.742282
Meeting_room,local3,7-10-11-19-21,0.535649,0.691553
Cantina,local3,1-3-4-10-17,0.454165,0.617350
Porch,local3,2-5-9-17-24,0.596639,0.732815
Garden,local3,1-4-9-19-20,0.516774,0.679445
Playground,local3,8-17-18-19-21,0.402556,0.556566
Lounge,local3,0-6-7-9-19,0.567678,0.723808
Pots,local3,0-3-7-11-18,0.613195,0.756748
Lunch_room,local3,5-6-11-19-21,0.322062,0.462178
Meeting_room,local3,2-11-19-21-22,0.534384,0.694125
Porch,local3,17-18-21-22-24,0.368191,0.523282
Cantina,local3,1-3-4-9-17,0.464919,0.626233
Garden,local3,0-1-4-16-19,0.514535,0.679043
Lounge,local3,0-6-7-9-20,0.574841,0.729565
Playground,local3,0-1-4-18-19,0.441145,0.598491
Pots,local3,3-4-7-17-19,0.602634,0.747851
Meeting_room,local3,2-10-19-21-22,0.548414,0.705552
Lunch_room,local3,1-12-17-19-23,0.312904,0.457277
Porch,local3,1-2-5-7-17,0.588290,0.723722
Garden,local3,1-11-16-17-19,0.505893,0.669991
Cantina,local3,3-4-9-17-18,0.511100,0.670545
Lounge,local3,0-4-6-9-20,0.559623,0.717077
Playground,local3,1-2-4-5-18,0.405663,0.560004
Pots,local3,1-3-4-7-18,0.595871,0.742036
Meeting_room,local3,10-18-19-21-22,0.545278,0.699380
Lunch_room,local3,1-6-19-21-22,0.404908,0.553147
Porch,local3,1-5-16-17-24,0.605616,0.739992
Garden,local3,1-4-7-17-19,0.544047,0.704398
Cantina,local3,4-5-6-8-18,0.412396,0.565809
Lounge,local3,1-5-7-9-16,0.542761,0.701524
Playground,local3,0-4-13-18-19,0.444907,0.601507
Pots,local3,1-4-7-11-18,0.624256,0.764413
Meeting_room,local3,3-16-19-20-21,0.486896,0.649330
Porch,local3,1-12-16-17-24,0.561070,0.695164
Garden,local3,1-4-7-9-19,0.519835,0.681629
Cantina,local3,3-4-13-18-22,0.445122,0.609337
Lunch_room,local3,1-5-13-21-22,0.405976,0.551599
Lounge,local3,3-6-7-9-20,0.548163,0.707038
Playground,local3,0-4-6-18-19,0.435838,0.592541
Meeting_room,local3,10-11-16-21-22,0.547655,0.702147
Pots,local3,1-4-11-18-21,0.604614,0.747882
Porch,local3,1-5-8-16-17,0.583658,0.721203
Garden,local3,7-8-11-17-19,0.488982,0.654899
Cantina,local3,4-7-9-17-18,0.475608,0.625271
Lunch_room,local3,5-8-14-19-22,0.318001,0.456445
Meeting_room,local3,10-17-19-21-22,0.541200,0.696582
Pots,local3,4-7-11-18-19,0.628607,0.768891
Lounge,local3,6-7-16-20-23,0.541907,0.700605
Playground,local3,0-4-5-13-16,0.422520,0.579792
Porch,local3,1-5-17-19-24,0.623111,0.758862
Garden,local3,2-7-16-17-19,0.501679,0.667151
Cantina,local3,3-4-11-15-19,0.461464,0.623499
Meeting_room,local3,0-6-21-22-24,0.502883,0.666683
Lunch_room,local3,5-11-13-19-23,0.319917,0.463454
Pots,local3,7-8-11-18-19,0.620023,0.761877
Lounge,local3,0-6-7-11-20,0.592249,0.743336
Playground,local3,2-14-17-18-19,0.394327,0.554629
Porch,local3,1-5-6-19-24,0.622556,0.761160
Garden,local3,1-4-7-12-19,0.546831,0.706511
Cantina,local3,2-3-4-9-17,0.441389,0.605315
Meeting_room,local3,4-11-17-19-21,0.504202,0.663555
Pots,local3,4-5-7-15-22,0.626230,0.767157
Lunch_room,local3,1-5-17-19-22,0.411159,0.563542
Lounge,local3,10-11-20-22-23,0.458955,0.622724
Playground,local3,0-4-9-11-19,0.443139,0.600270
Porch,local3,1-5-9-17-22,0.600656,0.739495
Garden,local3,2-4-7-8-24,0.523568,0.686697
Cantina,local3,0-3-4-10-17,0.452748,0.613214
Meeting_room,local3,11-14-19-21-22,0.534847,0.692565
Pots,local3,4-12-19-22-23,0.611700,0.756327
Lounge,local3,0-6-7-10-11,0.597333,0.747408
Porch,local3,1-4-17-19-24,0.609883,0.748496
Playground,local3,0-13-18-19-23,0.459862,0.618517
Lunch_room,local3,5-16-19-22-23,0.369377,0.520792
Garden,local3,1-4-7-8-19,0.547022,0.706780
Cantina,local3,3-9-13-17-18,0.510750,0.669262
Meeting_room,local3,1-8-19-21-22,0.519926,0.679244
Pots,local3,2-11-14-18-19,0.633986,0.772981
Lounge,local3,0-6-10-11-16,0.581918,0.734133
Porch,local3,1-4-17-20-24,0.618414,0.756273
Playground,local3,6-15-19-21-23,0.440285,0.598565
Garden,local3,1-3-9-10-19,0.491500,0.656622
Lunch_room,local3,1-8-10-18-19,0.336202,0.479337
Meeting_room,local3,5-10-11-21-22,0.518266,0.676674
Pots,local3,6-10-14-19-22,0.622212,0.764942
Cantina,local3,3-7-9-10-23,0.508754,0.666671
Lounge,local3,0-6-7-11-22,0.576497,0.730011
Porch,local3,1-7-9-15-17,0.555731,0.693863
Garden,local3,1-7-8-19-23,0.498686,0.658954
Playground,local3,0-7-13-18-23,0.412364,0.572189
Lunch_room,local3,1-5-11-21-22,0.393487,0.537588
Meeting_room,local3,4-5-11-19-22,0.473578,0.635134
Pots,local3,2-11-14-15-19,0.638947,0.776607
Cantina,local3,3-4-9-17-22,0.494748,0.654837
Lounge,local3,5-6-7-10-21,0.562333,0.719020
Porch,local3,1-2-7-14-24,0.581663,0.718354
Garden,local3,1-3-8-18-24,0.497630,0.662723
Playground,local3,5-11-13-18-23,0.359930,0.518136
Meeting_room,local3,3-10-19-21-22,0.533866,0.691345
Lunch_room,local3,0-9-19-21-22,0.359264,0.508927
Pots,local3,2-8-11-14-19,0.623017,0.765404
Cantina,local3,3-4-11-17-18,0.463747,0.625660
Lounge,local3,7-10-13-15-19,0.557731,0.715452
Porch,local3,5-6-17-19-24,0.557861,0.714504
Garden,local3,4-8-10-16-19,0.541930,0.702687
Playground,local3,0-6-18-19-23,0.472910,0.630389
Meeting_room,local3,1-18-19-21-24,0.418398,0.583682
Pots,local3,2-6-12-19-24,0.627033,0.769559
Lunch_room,local3,4-10-15-19-21,0.248603,0.379944
Cantina,local3,4-9-10-16-23,0.511359,0.666240
Lounge,local3,0-11-21-22-23,0.514767,0.675782
Porch,local3,1-5-13-17-19,0.619184,0.754694
Meeting_room,local3,10-19-20-21-22,0.552234,0.706112
Garden,local3,4-7-8-13-19,0.501188,0.664583
Playground,restart3,4-5-11-15-23,0.342405,0.497842
Pots,local3,2-11-14-16-19,0.636398,0.775796
Lunch_room,local3,1-19-21-22-24,0.395853,0.545591
Cantina,local3,4-9-16-21-23,0.508931,0.666700
Porch,local3,2-3-5-17-19,0.527736,0.681162
Meeting_room,local3,0-2-19-21-22,0.500331,0.665214
Lounge,local3,0-2-3-7-11,0.585450,0.737956
Garden,local3,1-2-4-13-19,0.506864,0.667753
Playground,local3,5-11-15-21-23,0.360871,0.520055
Pots,local3,0-2-11-14-19,0.616985,0.759779
Lunch_room,local3,1-3-12-18-22,0.343267,0.490787
Cantina,local3,4-10-16-17-18,0.523024,0.680010
Porch,local3,4-5-8-13-19,0.540446,0.700916
Meeting_room,local3,10-16-19-21-22,0.541432,0.695671
Lounge,local3,0-2-6-10-11,0.598653,0.748403
Garden,local3,1-4-9-11-18,0.512445,0.674721
Playground,local3,6-10-11-14-21,0.349497,0.502629
Pots,local3,2-14-15-17-19,0.607549,0.751288
Cantina,local3,13-17-18-20-23,0.485606,0.642702
Lunch_room,local3,1-8-13-19-23,0.379715,0.530282
Meeting_room,local3,2-12-19-21-22,0.539003,0.697639
Porch,local3,5-8-15-16-19,0.615485,0.751392
Garden,local3,1-7-8-19-24,0.541122,0.701589
Lounge,local3,0-2-10-11-18,0.590994,0.742271
Pots,local3,2-11-14-17-19,0.636966,0.775901
Playground,local3,4-5-15-21-23,0.336821,0.491438
Cantina,local3,4-7-10-16-17,0.487985,0.648956
Lunch_room,local3,2-12-15-19-21,0.305901,0.453717
Meeting_room,local3,5-10-20-21-22,0.521484,0.679958
Porch,local3,1-15-17-19-24,0.582020,0.717269
Garden,local3,0-4-7-8-19,0.519034,0.683178
Pots,local3,0-9-12-14-15,0.623159,0.765454
Lounge,local3,0-2-6-8-10,0.591260,0.742673
Playground,local3,5-11-15-16-23,0.362158,0.520736
Cantina,local3,4-10-12-14-18,0.469393,0.619366
Lunch_room,local3,6-12-15-21-22,0.303625,0.443109
Meeting_room,local3,5-19-20-21-22,0.456019,0.619518
Porch,local3,1-17-19-21-23,0.603767,0.743182
Garden,local3,4-7-8-19-21,0.534164,0.695875
Pots,local3,0-2-14-15-19,0.607719,0.751501
Lounge,local3,0-4-6-8-10,0.576744,0.731141
Playground,local3,2-5-11-15-24,0.365993,0.520230
Cantina,local3,8-10-16-17-18,0.518884,0.673841
Meeting_room,local3,0-10-19-21-22,0.540441,0.698674
Porch,local3,0-5-11-18-19,0.513859,0.672587
Lunch_room,local3,1-3-5-19-21,0.413820,0.565868
Garden,local3,4-7-8-12-19,0.528921,0.691304
Pots,local3,4-7-15-19-20,0.621694,0.762998
Lounge,local3,0-6-16-18-21,0.565921,0.721080
Playground,local3,2-5-7-11-15,0.340577,0.492149
Cantina,local3,4-5-10-17-18,0.452089,0.607893
Meeting_room,local3,10-12-14-20-21,0.549039,0.703751
Porch,local3,1-2-5-19-24,0.615747,0.750124
Garden,local3,1-2-4-7-8,0.542507,0.702696
Lunch_room,local3,1-5-16-18-19,0.397066,0.548918
Pots,local3,2-5-11-14-15,0.630317,0.770530
Lounge,local3,0-10-13-21-23,0.552878,0.710706
Cantina,local3,4-7-16-20-23,0.501270,0.660551
Playground,local3,11-15-17-21-24,0.401934,0.561575
Meeting_room,local3,8-19-20-21-23,0.512562,0.671815
Porch,local3,1-5-10-17-24,0.603139,0.738358
Garden,local3,0-1-8-17-19,0.491459,0.657894
Pots,local3,2-13-14-15-18,0.595452,0.739748
Lunch_room,restart3,0-6-12-16-24,0.337327,0.484290
Lounge,local3,0-1-6-10-11,0.592621,0.743608
Meeting_room,local3,8-9-20-21-23,0.530220,0.686828
Playground,local3,1-11-17-21-24,0.427374,0.585474
Porch,local3,1-12-15-17-19,0.574021,0.710970
Cantina,local3,3-4-10-16-21,0.444916,0.609403
Garden,local3,4-6-8-18-19,0.535940,0.697548
Pots,local3,2-7-11-15-19,0.629235,0.769450
Lounge,local3,0-6-11-14-23,0.583003,0.736069
Lunch_room,local3,0-3-6-16-24,0.364938,0.516534
Meeting_room,local3,8-19-20-21-24,0.507928,0.667709
Porch,local3,1-14-17-19-24,0.579179,0.714975
Playground,local3,1-11-14-17-24,0.417653,0.575148
Cantina,local3,1-10-16-17-18,0.489421,0.647783
Garden,local3,0-1-4-18-19,0.505350,0.670843
Pots,local3,6-7-11-15-19,0.608513,0.753372
Lounge,local3,0-2-8-10-11,0.584707,0.737176
Meeting_room,restart3,0-2-11-15-23,0.464963,0.630180
Lunch_room,local3,1-3-6-9-24,0.400549,0.548918
Porch,local3,1-3-17-19-24,0.573856,0.712250
Playground,local3,8-17-18-21-24,0.418366,0.572620
Cantina,local3,4-10-14-16-17,0.496154,0.655809
Garden,local3,2-3-8-10-19,0.516371,0.680596
Pots,local3,1-2-14-15-19,0.604496,0.748231
Meeting_room,local3,0-2-3-8-11,0.514631,0.676066
Lounge,local3,6-10-11-14-19,0.575820,0.730241
Porch,local3,1-5-6-14-17,0.596265,0.733824
Lunch_room,local3,0-1-6-15-24,0.376708,0.523158
Playground,local3,11-17-20-21-24,0.458582,0.609566
Cantina,local3,4-5-10-16-20,0.490994,0.652643
Garden,local3,1-6-7-19-20,0.539858,0.700596
Pots,local3,2-6-11-14-15,0.634480,0.774581
Meeting_room,local3,0-3-8-11-22,0.527697,0.687270
Lounge,local3,0-6-10-11-23,0.598341,0.748199
Porch,local3,1-4-5-19-24,0.624394,0.763743
Playground,local3,7-11-13-15-24,0.339377,0.497679
Lunch_room,local3,1-3-6-9-16,0.390524,0.538878
Cantina,local3,3-10-13-15-17,0.530731,0.686298
Garden,local3,1-6-8-17-19,0.530005,0.692251
Pots,local3,2-11-14-15-18,0.635818,0.773502
Meeting_room,local3,0-3-7-11-22,0.531678,0.690850
Lounge,local3,0-2-5-6-10,0.594503,0.745242
Porch,local3,0-1-5-16-19,0.507937,0.665335
Playground,local3,3-11-15-21-24,0.357035,0.509844
Cantina,local3,13-17-18-19-21,0.496543,0.654868
Garden,local3,1-3-4-8-22,0.472648,0.638754
Lunch_room,local3,1-4-6-9-23,0.390893,0.535450
Meeting_room,local3,0-6-10-11-24,0.522073,0.682513
Pots,local3,6-11-14-19-23,0.644094,0.780180
Lounge,local3,2-6-17-19-20,0.556682,0.713836
Porch,local3,1-4-6-19-24,0.586574,0.725951
Playground,local3,5-11-20-21-24,0.423131,0.580751
Cantina,local3,7-10-15-17-23,0.532712,0.686887
Garden,local3,1-7-8-19-21,0.543979,0.703960
Meeting_room,local3,1-3-8-22-24,0.510570,0.670489
Pots,local3,7-11-14-22-23,0.633498,0.771427
Lunch_room,local3,1-6-8-9-24,0.379636,0.519927
Lounge,local3,0-2-10-11-16,0.578962,0.731561
Porch,local3,1-3-6-19-24,0.567039,0.705663
Playground,local3,1-5-11-16-24,0.430594,0.588491
Cantina,local3,2-7-15-17-23,0.437089,0.600507
Meeting_room,local3,3-7-11-17-22,0.521088,0.680015
Garden,local3,4-7-8-9-22,0.492795,0.658044
Pots,local3,1-6-11-14-23,0.627488,0.768620
Porch,local3,4-5-16-19-24,0.463731,0.629736
Lounge,local3,2-6-16-21-23,0.526422,0.687403
Lunch_room,local3,1-3-4-8-9,0.389094,0.539038
Playground,local3,1-11-17-20-24,0.423637,0.581623
Cantina,local3,7-10-15-16-17,0.519576,0.675836
Meeting_room,local3,3-5-7-11-22,0.489116,0.651124
Garden,local3,4-7-19-22-23,0.480082,0.644028
Pots,local3,1-6-10-11-19,0.632092,0.771794
Porch,local3,1-5-18-19-24,0.613746,0.752660
Lounge,local3,0-2-9-10-11,0.586928,0.739030
Lunch_room,local3,0-3-6-9-22,0.370469,0.521183
Playground,local3,7-17-20-21-24,0.387765,0.533834
Meeting_room,local3,0-2-11-17-24,0.449939,0.615240
Cantina,local3,0-10-16-17-18,0.507607,0.664345
Garden,local3,4-7-11-19-22,0.509260,0.673585
Pots,local3,6-11-14-17-19,0.649181,0.784044
Porch,local3,4-5-12-19-24,0.498391,0.662426
Lounge,local3,2-6-10-11-15,0.561377,0.718301
Playground,local3,0-9-11-21-24,0.390581,0.547833
Meeting_room,local3,0-3-6-7-22,0.528771,0.688059
Lunch_room,local3,1-3-6-16-24,0.382440,0.531093
Cantina,local3,7-10-13-17-24,0.512625,0.670543
Pots,local3,5-14-17-21-24,0.625772,0.767039
Garden,local3,4-7-8-11-19,0.518471,0.681749
Porch,local3,4-9-10-19-20,0.605850,0.746704
Lounge,local3,2-6-7-10-11,0.570961,0.726026
Playground,local3,11-12-17-20-24,0.370089,0.526637
Meeting_room,local3,3-7-11-22-23,0.530738,0.688573
Cantina,local3,1-7-10-15-23,0.463869,0.625475
Pots,local3,10-11-14-17-20,0.638053,0.775682
Lunch_room,local3,1-3-6-12-14,0.379695,0.527183
Garden,local3,1-4-9-19-21,0.517226,0.679898
Porch,local3,4-5-14-16-24,0.558466,0.714586
Lounge,local3,0-2-6-10-17,0.589926,0.741709
Playground,local3,11-12-17-20-21,0.393631,0.552572
Meeting_room,local3,0-3-9-11-22,0.536384,0.694806
Cantina,local3,7-8-10-15-17,0.493045,0.646959
Pots,local3,1-6-11-14-19,0.628613,0.769409
Garden,local3,1-4-8-9-19,0.492912,0.656447
Porch,local3,1-3-4-19-24,0.591357,0.733285
Lounge,local3,2-6-7-10-24,0.566961,0.722772
Meeting_room,local3,0-9-11-17-22,0.540059,0.697935
Lunch_room,local3,6-7-9-10-21,0.243429,0.363518
Playground,local3,11-14-17-20-24,0.385081,0.545801
Pots,local3,11-14-16-17-19,0.649781,0.784992
Cantina,local3,1-2-7-17-23,0.404698,0.571047
Garden,local3,1-4-5-8-9,0.512086,0.675511
Porch,local3,4-5-18-23-24,0.421904,0.581954
Meeting_room,local3,0-1-9-17-24,0.471710,0.633759
Lounge,local3,0-2-6-11-24,0.588004,0.739926
Playground,local3,11-14-19-21-24,0.446499,0.604108
Lunch_room,local3,1-3-8-15-23,0.386974,0.537872
Pots,local3,10-11-16-17-19,0.643082,0.780174
Cantina,local3,6-10-15-17-23,0.500027,0.657091
Garden,local3,1-4-7-8-24,0.524246,0.686696
Meeting_room,local3,9-11-19-20-22,0.546019,0.701897
Porch,local3,1-4-5-16-24,0.624659,0.761132
Lounge,local3,0-2-5-6-11,0.588367,0.740253
Playground,local3,2-8-11-16-21,0.353159,0.501983
Pots,local3,11-14-16-18-19,0.650238,0.785661
Cantina,local3,10-15-17-21-23,0.534190,0.688020
Lunch_room,local3,0-2-6-18-24,0.362114,0.509029
Garden,local3,1-7-8-9-19,0.518222,0.679899
Meeting_room,local3,6-8-9-11-20,0.512257,0.670637
Porch,local3,1-4-5-8-19,0.608507,0.749404
Lounge,local3,2-4-6-11-22,0.535442,0.696185
Playground,local3,11-16-17-20-24,0.373111,0.530716
Pots,local3,14-16-18-19-22,0.615281,0.759060
Cantina,local3,5-10-15-21-22,0.486873,0.642985
Garden,local3,1-7-8-11-19,0.523596,0.685792
Meeting_room,local3,11-13-16-19-23,0.556680,0.710551
Lunch_room,local3,0-1-3-6-9,0.384574,0.532816
Porch,local3,1-4-5-23-24,0.626116,0.764964
Playground,local3,11-13-21-23-24,0.371102,0.522863
Lounge,local3,0-1-10-21-23,0.500695,0.663951
Pots,local3,6-11-16-17-24,0.649796,0.784583
Cantina,local3,0-16-17-21-24,0.469803,0.632385
Meeting_room,local3,2-11-16-18-23,0.516196,0.678224
Garden,local3,1-4-7-18-19,0.550611,0.709904
Porch,local3,1-4-5-18-24,0.622786,0.761828
Lunch_room,local3,0-9-12-21-24,0.327073,0.471505
Playground,local3,6-11-17-20-21,0.412479,0.575003
Lounge,local3,0-2-9-10-15,0.581260,0.734660
Pots,local3,4-6-12-16-19,0.629867,0.771144
Meeting_room,local3,11-13-18-19-23,0.545460,0.701273
Cantina,local3,1-15-17-21-23,0.455678,0.618053
Garden,local3,1-4-18-19-23,0.484452,0.646010
Porch,restart3,0-1-9-13-21,0.474432,0.629039
Playground,local3,0-11-17-20-21,0.418339,0.580608
Lounge,local3,2-6-10-11-20,0.570365,0.725645
Lunch_room,local3,0-1-6-13-17,0.373391,0.520512
Pots,local3,11-14-16-18-23,0.646955,0.783156
Meeting_room,local3,3-11-12-21-23,0.527630,0.686364
Cantina,local3,10-13-17-21-23,0.512687,0.670584
Garden,local3,4-7-12-13-18,0.520148,0.683556
Porch,local3,0-3-5-7-21,0.443322,0.609824
Playground,local3,7-11-14-17-20,0.334476,0.495459
Lounge,local3,0-2-10-11-19,0.593198,0.744109
Pots,local3,2-11-13-18-19,0.636063,0.774906
Lunch_room,local3,3-6-9-18-24,0.337793,0.481182
Meeting_room,local3,13-14-16-17-23,0.476718,0.640294
Cantina,local3,10-15-17-23-24,0.529180,0.683315
Garden,local3,1-7-11-18-19,0.536057,0.696761
Porch,local3,1-9-11-13-21,0.550859,0.687376
Playground,local3,4-8-19-21-24,0.430007,0.587366
Lounge,local3,0-2-6-10-23,0.594892,0.745505
Pots,local3,2-11-16-18-19,0.633171,0.773192
Meeting_room,local3,11-13-14-19-23,0.555036,0.709451
Lunch_room,local3,1-3-9-11-24,0.363594,0.514202
Cantina,local3,5-14-15-21-23,0.506242,0.666484
Garden,local3,1-10-19-22-23,0.444980,0.608760
Porch,local3,1-3-9-10-12,0.533549,0.676956
Playground,local3,1-13-17-20-21,0.428618,0.589161
Lounge,local3,0-11-13-16-19,0.564352,0.719279
Pots,local3,8-11-14-16-18,0.646778,0.783227
Meeting_room,local3,7-10-11-12-13,0.520192,0.677177
Lunch_room,local3,1-3-6-16-17,0.367395,0.514917
Cantina,local3,2-10-15-17-21,0.475526,0.632177
Porch,local3,1-8-9-13-21,0.545053,0.681487
Garden,local3,1-7-9-10-20,0.504154,0.666707
Playground,local3,1-3-17-20-24,0.449050,0.607715
Lounge,local3,0-2-6-12-15,0.580063,0.733775
Pots,restart3,4-9-11-19-20,0.632488,0.772179
Meeting_room,local3,3-4-7-11-13,0.472476,0.631593
Cantina,local3,9-10-15-17-23,0.530389,0.678812
Porch,local3,1-5-19-21-24,0.621894,0.759622
Garden,local3,0-4-7-19-20,0.521262,0.685122
Lunch_room,local3,3-9-17-20-24,0.343206,0.494859
Playground,local3,13-17-20-21-24,0.436689,0.588917
Meeting_room,local3,11-12-13-16-19,0.537486,0.693519
Pots,local3,0-4-7-11-15,0.625952,0.765505
Lounge,restart3,1-2-15-16-24,0.545097,0.703151
Porch,local3,5-7-19-21-22,0.358215,0.516818
Cantina,local3,10-11-15-17-21,0.503575,0.655993
Garden,local3,1-4-7-11-18,0.535551,0.696517
Lunch_room,local3,1-3-7-9-24,0.383755,0.533587
Playground,local3,6-9-11-17-20,0.327519,0.484895
Meeting_room,local3,1-5-13-16-19,0.395044,0.554503
Pots,local3,1-6-9-11-24,0.640622,0.778403
Lounge,local3,1-2-9-15-24,0.556025,0.713750
Porch,local3,8-15-18-21-24,0.601344,0.738880
Cantina,local3,3-7-15-17-21,0.492099,0.654762
Garden,restart3,3-7-11-19-22,0.479471,0.646849
Playground,local3,1-10-17-20-24,0.438233,0.595872
Meeting_room,local3,12-13-16-19-23,0.537166,0.693311
Lunch_room,local3,1-6-9-16-24,0.381626,0.523878
Pots,local3,0-1-7-11-20,0.618685,0.761337
Lounge,local3,2-9-15-16-24,0.499976,0.664246
Porch,local3,1-2-6-8-21,0.571725,0.706402
Cantina,local3,8-10-15-17-21,0.531241,0.682803
Garden,local3,7-11-17-22-23,0.454914,0.620963
Playground,local3,1-4-16-17-20,0.414158,0.573256
Meeting_room,local3,10-11-13-19-23,0.557814,0.711518
Pots,local3,6-9-11-21-24,0.617335,0.760874
Lunch_room,local3,3-8-11-19-24,0.247555,0.375518
Lounge,local3,1-7-9-10-15,0.578003,0.732046
Porch,local3,1-4-19-21-24,0.619986,0.760034
Garden,local3,3-9-11-17-19,0.436348,0.604571
Cantina,restart3,5-9-13-20-21,0.476619,0.627083
Playground,local3,7-11-17-20-21,0.391155,0.554015
Meeting_room,local3,10-13-16-19-23,0.553050,0.706530
Pots,local3,1-6-11-18-24,0.626930,0.767457
Lounge,local3,1-7-9-10-22,0.548551,0.705854
Porch,local3,1-13-19-21-24,0.603705,0.742923
Lunch_room,local3,1-3-6-18-24,0.380548,0.528205
Garden,local3,2-3-7-12-22,0.497229,0.663169
Cantina,local3,4-5-7-9-20,0.426005,0.575210
Meeting_room,local3,10-11-13-23-24,0.558602,0.712567
Playground,local3,6-14-16-17-21,0.357642,0.516046
Pots,local3,1-6-9-11-20,0.629386,0.769900
Lounge,local3,0-1-7-9-13,0.568243,0.724058
Porch,local3,1-2-19-21-24,0.619257,0.753997
Lunch_room,local3,1-3-8-13-18,0.388952,0.540803
Garden,local3,5-7-18-22-23,0.480266,0.643986
Cantina,local3,5-9-13-21-22,0.450060,0.606377
Meeting_room,local3,10-11-19-23-24,0.562824,0.716143
Playground,local3,11-17-20-22-24,0.412001,0.570414
Pots,local3,0-1-19-21-24,0.601343,0.746300
Lounge,local3,1-9-10-13-15,0.570573,0.726160
Porch,local3,1-5-10-19-24,0.623853,0.758861
Garden,local3,2-3-12-14-22,0.499869,0.665968
Meeting_room,local3,5-10-11-19-23,0.523621,0.681318
Cantina,local3,3-13-16-20-21,0.491746,0.652606
Lunch_room,local3,3-9-17-19-21,0.312718,0.454828
Playground,local3,2-9-12-17-20,0.366820,0.521744
Pots,local3,1-9-11-12-24,0.638296,0.775997
Porch,local3,1-4-10-19-24,0.595812,0.736172
Lounge,local3,9-15-19-21-22,0.470332,0.638157
Meeting_room,local3,0-10-19-23-24,0.537337,0.695972
Garden,local3,2-12-14-22-23,0.490447,0.656017
Cantina,local3,3-8-13-16-21,0.482655,0.643339
Playground,local3,5-11-17-21-24,0.405067,0.567670
Pots,local3,3-6-9-20-21,0.616067,0.759913
Lunch_room,local3,3-6-9-20-24,0.285918,0.414209
Porch,local3,1-4-8-10-19,0.568996,0.710412
Lounge,local3,1-7-9-15-23,0.559441,0.716449
Meeting_room,local3,4-11-19-23-24,0.542780,0.698710
Garden,local3,3-6-9-12-19,0.489024,0.655624
Cantina,local3,3-6-14-16-23,0.354685,0.505148
Playground,local3,5-6-11-12-21,0.283637,0.428998
Pots,local3,1-6-8-11-24,0.628293,0.769054
Porch,local3,5-10-11-15-18,0.582050,0.721142
Lunch_room,local3,0-3-13-22-24,0.323765,0.470580
Lounge,local3,1-4-7-9-10,0.559571,0.716861
Meeting_room,local3,4-10-11-14-19,0.492096,0.651812
Garden,local3,2-12-18-22-23,0.486933,0.652595
Cantina,local3,3-16-20-21-22,0.501276,0.662352
Playground,local3,1-2-17-20-21,0.436752,0.597678
Pots,local3,11-14-15-21-24,0.644319,0.781052
Porch,local3,10-13-16-19-24,0.529568,0.677129
Lounge,local3,7-9-10-15-19,0.536885,0.698130
Meeting_room,local3,7-15-17-19-23,0.520544,0.678429
Lunch_room,local3,6-13-17-22-24,0.361504,0.503659
Garden,local3,0-12-14-21-22,0.493930,0.660634
Cantina,local3,3-15-16-20-24,0.490467,0.652875
Pots,local3,9-11-19-21-24,0.625271,0.766345
Playground,local3,4-11-17-21-24,0.433038,0.593005
Porch,local3,5-10-17-19-24,0.619384,0.757425
Meeting_room,local3,7-8-19-23-24,0.523091,0.680680
Lounge,local3,1-6-7-9-19,0.559109,0.716086
Lunch_room,local3,1-3-4-9-24,0.394925,0.545052
Garden,local3,2-3-4-14-22,0.501764,0.667837
Cantina,local3,8-10-12-20-22,0.479369,0.631502
Pots,local3,5-11-14-15-21,0.661958,0.794706
Playground,local3,1-12-17-20-21,0.423657,0.582004
Porch,local3,1-10-13-16-19,0.557843,0.697963
Meeting_room,local3,6-10-11-19-23,0.547721,0.702451
Lounge,local3,0-1-7-9-10,0.579460,0.733121
Garden,local3,2-3-4-14-20,0.513183,0.678027
Lunch_room,local3,1-3-6-11-17,0.395416,0.545660
Cantina,local3,3-11-16-20-21,0.486941,0.644476
Pots,local3,2-13-14-19-21,0.614872,0.756745
Playground,local3,5-11-20-23-24,0.367425,0.524794
Porch,local3,1-5-8-16-19,0.605967,0.743082
Meeting_room,local3,4-10-11-19-23,0.537468,0.693850
Lounge,local3,0-1-7-9-11,0.580334,0.733818
Garden,local3,2-4-14-15-20,0.527554,0.690390
Cantina,local3,0-3-16-20-22,0.483410,0.642642
Pots,local3,5-11-14-19-20,0.642995,0.780160
Lunch_room,local3,1-3-9-13-24,0.390781,0.541890
Meeting_room,local3,6-11-19-23-24,0.534901,0.692948
Porch,local3,1-5-6-10-24,0.594140,0.731468
Playground,local3,11-16-18-20-24,0.450107,0.606147
Garden,local3,2-10-11-15-20,0.497337,0.662634
Lounge,local3,0-7-9-17-24,0.567773,0.723937
Cantina,local3,11-13-16-21-22,0.393376,0.548246
Pots,local3,4-5-12-15-21,0.626788,0.768108
Lunch_room,local3,1-6-9-11-24,0.385774,0.527424
Meeting_room,local3,10-11-18-19-21,0.540203,0.695707
Porch,local3,0-1-6-22-24,0.499775,0.655390
Playground,local3,4-17-20-21-24,0.446538,0.597172
Garden,local3,2-7-8-14-20,0.517141,0.680755
Lounge,local3,0-1-7-9-17,0.573979,0.728896
Pots,local3,0-5-11-15-21,0.644871,0.781987
Cantina,local3,3-5-16-20-22,0.484988,0.647747
Lunch_room,local3,1-3-5-6-7,0.407158,0.557068
Meeting_room,local3,6-10-11-19-24,0.543303,0.699115
Porch,local3,1-5-8-10-24,0.586784,0.722733
Playground,local3,6-12-17-21-24,0.375713,0.534894
Garden,local3,2-4-15-19-24,0.529941,0.692483
Lounge,local3,0-5-7-11-19,0.579980,0.733585
Pots,local3,3-14-15-21-22,0.598224,0.742336
Cantina,local3,4-11-13-20-21,0.449567,0.599908
Meeting_room,local3,4-19-22-23-24,0.522824,0.680555
Porch,local3,3-9-10-16-19,0.569682,0.711400
Lunch_room,local3,1-3-5-7-11,0.416241,0.567935
Playground,local3,17-19-20-21-24,0.345399,0.493192
Garden,local3,2-4-15-19-21,0.528958,0.691597
Lounge,local3,7-9-11-13-22,0.510558,0.673738
Pots,local3,9-11-14-15-17,0.627234,0.768352
Cantina,local3,3-11-16-21-22,0.393007,0.548394
Meeting_room,local3,2-11-19-23-24,0.535313,0.695396
Porch,local3,0-1-10-11-19,0.501564,0.650110
Playground,restart3,1-2-10-14-15,0.426437,0.584688
Lunch_room,local3,3-5-7-8-17,0.308665,0.448354
Garden,local3,1-2-15-19-24,0.528080,0.690304
Lounge,local3,1-7-9-11-16,0.556958,0.713326
Pots,local3,5-6-8-18-21,0.611059,0.756292
Cantina,local3,16-17-20-21-22,0.528409,0.685827
Meeting_room,local3,3-10-11-19-23,0.533800,0.691739
Porch,local3,1-5-9-19-24,0.605744,0.745373
Garden,local3,2-4-15-17-19,0.523399,0.686812
Lunch_room,local3,1-3-5-7-10,0.411388,0.562694
Playground,local3,1-4-10-14-15,0.438890,0.595768
Lounge,local3,1-7-11-16-21,0.557571,0.713361
Pots,local3,0-5-11-13-21,0.637368,0.776336
Cantina,local3,9-16-17-21-22,0.516917,0.673757
Meeting_room,local3,0-3-11-15-24,0.507775,0.669494
Porch,local3,1-2-5-10-17,0.578040,0.714474
Garden,local3,10-11-15-19-24,0.500131,0.665577
Lounge,local3,0-1-7-9-12,0.570069,0.725579
Playground,local3,6-7-8-10-15,0.280964,0.428185
Lunch_room,local3,1-3-7-11-16,0.355196,0.506174
Meeting_room,local3,6-7-10-17-24,0.527067,0.684357
Cantina,local3,4-16-17-20-21,0.518526,0.676475
Pots,local3,2-5-11-15-20,0.625281,0.766733
Porch,local3,5-9-10-14-19,0.598552,0.737757
Garden,local3,2-4-15-18-24,0.525645,0.688668
Lounge,local3,1-7-9-10-11,0.578337,0.732175
Playground,local3,1-2-14-15-19,0.352460,0.509444
Lunch_room,local3,3-7-11-16-23,0.256008,0.389868
Meeting_room,local3,2-9-10-11-23,0.551423,0.707972
Cantina,local3,1-15-16-17-22,0.474083,0.635570
Garden,local3,2-3-4-15-19,0.513798,0.678561
Pots,local3,10-14-15-19-21,0.629513,0.768016
Porch,local3,5-10-19-22-24,0.597701,0.741018
Lunch_room,local3,1-3-4-7-14,0.379395,0.529190
Lounge,local3,0-9-11-14-21,0.538657,0.699360
Playground,local3,1-4-10-15-18,0.449082,0.605422
Meeting_room,local3,7-10-11-23-24,0.545277,0.700396
Cantina,local3,16-17-18-21-22,0.492784,0.655137
Garden,local3,2-4-15-19-20,0.533710,0.695697
Pots,local3,11-12-14-15-22,0.628984,0.769972
Porch,local3,3-5-10-19-24,0.547043,0.701516
Meeting_room,local3,2-10-11-19-24,0.548242,0.705767
Lounge,local3,1-3-9-14-22,0.524669,0.685568
Playground,local3,3-4-10-15-18,0.345564,0.493756
Cantina,local3,17-18-20-22-24,0.457322,0.614787
Lunch_room,local3,1-3-5-7-19,0.403458,0.555162
Garden,local3,2-11-15-19-20,0.499110,0.664052
Pots,local3,11-13-15-17-19,0.629775,0.770306
Porch,local3,1-5-19-23-24,0.619991,0.758279
Meeting_room,restart3,2-11-12-16-22,0.520271,0.681330
Lounge,local3,0-1-7-9-23,0.573100,0.727996
Playground,local3,1-10-15-19-24,0.442673,0.599765
Cantina,local3,8-17-20-21-22,0.509387,0.660610
Lunch_room,local3,1-3-6-12-16,0.374273,0.521449
Garden,local3,2-4-11-19-20,0.518186,0.681398
Pots,local3,4-5-14-15-20,0.614163,0.756949
Porch,local3,1-6-10-19-24,0.554107,0.691813
Meeting_room,local3,2-4-12-16-22,0.544653,0.700989
Lounge,local3,1-7-10-13-23,0.566505,0.722343
Playground,local3,10-12-15-16-21,0.321439,0.479854
Cantina,local3,6-16-17-20-22,0.498759,0.660516
Garden,local3,2-3-5-15-17,0.501380,0.667555
Lunch_room,local3,5-9-11-12-24,0.299612,0.439630
Pots,local3,5-6-11-14-15,0.654739,0.788925
Porch,local3,1-5-15-17-18,0.604383,0.740548
Meeting_room,local3,0-2-3-16-21,0.491691,0.655429
Lounge,local3,0-1-7-11-22,0.551181,0.707558
Playground,local3,2-4-9-10-15,0.370773,0.520813
Cantina,local3,11-16-19-20-22,0.470872,0.629589
Garden,local3,2-4-19-20-22,0.518961,0.682622
Lunch_room,local3,2-5-7-14-15,0.376089,0.524251
Porch,local3,5-13-17-21-24,0.333646,0.491285
Meeting_room,local3,1-2-4-12-13,0.440656,0.602337
Pots,local3,5-8-11-15-21,0.640800,0.779147
Lounge,local3,1-6-11-19-24,0.570929,0.725355
Cantina,local3,13-14-16-17-21,0.503722,0.663968
Playground,local3,1-4-8-10-18,0.421960,0.575097
Garden,local3,1-2-4-15-18,0.532055,0.693824
Lunch_room,local3,1-3-5-8-23,0.414725,0.565855
Meeting_room,local3,2-4-8-16-22,0.540543,0.696821
Porch,local3,4-5-13-20-24,0.332294,0.479180
Pots,local3,5-14-15-16-21,0.627052,0.768736
Lounge,local3,0-1-5-9-11,0.586607,0.738948
Cantina,local3,2-12-16-20-22,0.499451,0.657585
Garden,local3,2-4-5-14-15,0.521480,0.685202
Playground,local3,1-4-15-18-24,0.446505,0.602816
Meeting_room,local3,1-4-9-18-22,0.502884,0.662950
Porch,local3,5-7-16-19-24,0.443806,0.608752
Pots,local3,3-5-11-14-15,0.618001,0.759732
Lunch_room,local3,1-5-6-7-11,0.403052,0.548348
Lounge,local3,5-9-11-18-22,0.538705,0.699014
Cantina,local3,9-16-17-20-22,0.550870,0.702340
Garden,local3,2-3-15-18-20,0.504021,0.669598
Playground,local3,0-10-15-17-18,0.412134,0.572756
Meeting_room,local3,4-12-16-18-22,0.514712,0.672518
Porch,local3,1-10-19-23-24,0.574414,0.710189
Pots,local3,11-13-14-15-21,0.626046,0.767315
Lunch_room,local3,1-3-5-7-23,0.407464,0.558033
Lounge,local3,0-1-5-9-23,0.577715,0.731887
Cantina,local3,7-9-17-20-22,0.528082,0.677313
Garden,local3,2-5-13-19-22,0.479252,0.644288
Meeting_room,local3,2-4-6-8-22,0.535202,0.692363
Playground,local3,1-4-6-10-21,0.395958,0.549530
Porch,local3,0-5-6-13-24,0.484744,0.644700
Pots,local3,7-11-14-15-21,0.632699,0.772642
Lounge,local3,0-5-9-11-12,0.574911,0.729646
Lunch_room,local3,5-8-11-13-15,0.344447,0.492897
Garden,local3,2-14-15-17-19,0.524108,0.687359
Cantina,local3,9-14-16-17-18,0.547681,0.699832
Meeting_room,local3,2-9-12-16-22,0.545429,0.702455
Playground,local3,1-3-4-10-18,0.426994,0.581159
Porch,local3,1-10-14-19-24,0.537911,0.676441
Pots,local3,5-11-14-15-22,0.648611,0.784085
Lounge,local3,0-1-5-9-10,0.584937,0.737723
Lunch_room,local3,1-3-5-11-18,0.406928,0.559151
Garden,local3,4-8-15-16-19,0.530529,0.693029
Cantina,local3,2-9-12-17-20,0.491758,0.643972
Meeting_room,local3,2-6-9-12-22,0.538488,0.696955
Porch,local3,3-5-8-12-19,0.577702,0.724648
Playground,local3,1-4-9-15-18,0.442092,0.599255
Pots,local3,5-10-14-15-21,0.630125,0.770028
Lounge,local3,0-1-5-10-14,0.594042,0.744961
Lunch_room,restart3,2-3-5-13-24,0.386966,0.541680
Garden,local3,2-3-4-6-12,0.507300,0.672488
Cantina,local3,2-3-9-20-22,0.479058,0.638306
Meeting_room,local3,1-5-9-11-16,0.456371,0.615981
Playground,local3,1-4-15-18-19,0.440178,0.596672
Porch,local3,1-5-10-21-24,0.617277,0.751417
Pots,local3,5-11-14-17-21,0.655468,0.789564
Lounge,local3,0-1-3-10-21,0.578537,0.732410
Garden,local3,2-15-16-17-20,0.491649,0.657976
Lunch_room,local3,3-7-17-20-24,0.324447,0.474177
Cantina,local3,0-2-9-10-17,0.474610,0.632445
Meeting_room,local3,2-9-12-22-23,0.546407,0.703659
Playground,local3,1-4-13-15-18,0.404739,0.563557
Porch,local3,1-10-19-21-24,0.607997,0.744766
Pots,local3,5-16-20-21-23,0.611108,0.756579
Lounge,local3,1-4-9-10-14,0.549250,0.708458
Garden,local3,2-4-13-19-24,0.488074,0.652577
Lunch_room,local3,2-3-6-13-24,0.380291,0.532437
Meeting_room,local3,0-4-9-20-22,0.538955,0.696573
Cantina,local3,10-11-16-20-24,0.494944,0.650918
Playground,local3,1-10-15-18-19,0.425011,0.582655
Porch,local3,4-5-10-18-19,0.535242,0.689004
Pots,local3,3-5-13-15-22,0.613205,0.756010
Lounge,local3,0-1-14-15-20,0.589986,0.741759
Garden,local3,2-4-15-16-19,0.525557,0.688628
Meeting_room,local3,2-9-12-21-23,0.544069,0.701778
Cantina,local3,9-10-13-16-20,0.511256,0.663871
Lunch_room,local3,2-3-5-12-24,0.353365,0.505768
Playground,local3,1-8-10-15-19,0.412721,0.571185
Porch,local3,0-1-14-19-20,0.509702,0.664232
Pots,local3,0-5-11-14-21,0.638352,0.776978
Meeting_room,local3,2-3-8-10-12,0.513128,0.674238
Lounge,local3,0-1-8-9-10,0.568912,0.724624
Garden,local3,2-6-15-16-20,0.482807,0.649201
Cantina,local3,9-14-16-17-20,0.556769,0.707310
Lunch_room,local3,2-5-9-11-23,0.363358,0.512320
Playground,local3,1-2-4-15-18,0.392698,0.551362
Porch,local3,5-6-14-19-24,0.578102,0.729652
Meeting_room,local3,2-12-14-16-23,0.508033,0.671060
Pots,local3,4-5-11-15-18,0.633842,0.772557
Lounge,local3,1-5-10-14-24,0.578150,0.731977
Garden,local3,4-5-15-17-22,0.488532,0.655866
Cantina,local3,5-9-16-17-20,0.518993,0.675034
Playground,local3,1-4-15-17-21,0.417736,0.576472
Porch,local3,1-5-10-14-24,0.594636,0.730161
Meeting_room,local3,0-2-9-21-22,0.534176,0.693856
Lunch_room,local3,3-13-18-23-24,0.335840,0.491624
Pots,local3,8-12-13-14-21,0.627542,0.769436
Lounge,local3,1-5-9-10-14,0.574877,0.729518
Garden,local3,4-7-16-19-20,0.533242,0.695090
Cantina,local3,2-13-17-18-20,0.428814,0.588195
Porch,local3,1-5-7-10-22,0.611839,0.748050
Playground,local3,5-10-15-18-24,0.390056,0.547530
Meeting_room,local3,2-9-12-21-22,0.541154,0.699066
Pots,local3,11-14-15-17-21,0.641611,0.779228
Lounge,local3,0-1-4-5-10,0.588503,0.740683
Lunch_room,local3,2-3-5-13-17,0.384060,0.538373
Garden,local3,2-4-10-15-20,0.521786,0.685307
Cantina,local3,9-10-13-17-20,0.526333,0.676265
Porch,local3,10-14-16-19-24,0.558665,0.696944
Meeting_room,local3,2-4-12-14-15,0.498488,0.659134
Playground,local3,1-4-10-11-18,0.437214,0.591723
Pots,local3,6-11-14-15-21,0.637627,0.777377
Lounge,local3,1-5-7-10-14,0.576510,0.730647
Garden,local3,4-10-15-19-20,0.523757,0.687155
Lunch_room,local3,3-5-13-19-24,0.318265,0.460529
Cantina,local3,0-9-10-20-22,0.518872,0.668881
Porch,local3,1-5-10-16-19,0.607548,0.744089
Meeting_room,local3,2-12-14-22-23,0.516875,0.679263
Playground,local3,0-1-4-8-15,0.426942,0.584974
Pots,local3,7-11-14-18-21,0.633415,0.772535
Lounge,local3,0-5-9-10-14,0.571644,0.727022
Garden,local3,1-7-15-18-19,0.541311,0.701779
Cantina,local3,9-10-14-17-20,0.533884,0.681169
Lunch_room,local3,2-5-6-13-24,0.375133,0.524502
Porch,local3,5-14-19-20-24,0.527956,0.686168
Meeting_room,local3,8-9-12-22-23,0.534716,0.691214
Playground,local3,4-5-10-15-18,0.338044,0.491684
Pots,local3,5-6-11-14-21,0.652421,0.787253
Garden,local3,0-7-18-19-24,0.515208,0.679650
Lounge,local3,0-5-10-11-21,0.587268,0.739400
Cantina,local3,4-9-16-18-19,0.502694,0.660417
Lunch_room,local3,2-3-5-10-24,0.363202,0.515663
Meeting_room,local3,2-8-9-12-22,0.535362,0.693938
Porch,restart3,2-10-12-20-23,0.579656,0.715072
Playground,local3,5-10-15-18-19,0.384796,0.546293
Pots,local3,11-14-15-18-21,0.643463,0.780321
Garden,local3,1-7-12-15-19,0.530657,0.692510
Cantina,local3,9-14-17-20-21,0.524776,0.670789
Lounge,local3,0-1-10-12-13,0.567928,0.723601
Meeting_room,local3,2-9-13-22-23,0.552849,0.709238
Porch,local3,2-10-11-12-24,0.551110,0.688420
Lunch_room,local3,2-3-8-12-13,0.326617,0.476426
Pots,local3,5-11-15-16-24,0.657298,0.790957
Playground,local3,0-1-9-15-19,0.434183,0.594515
Garden,local3,7-10-15-18-19,0.523863,0.686724
Lounge,local3,1-3-7-10-22,0.560817,0.716126
Cantina,local3,9-14-16-19-20,0.516315,0.670782
Meeting_room,local3,0-2-6-9-13,0.521951,0.682918
Porch,local3,2-9-10-12-23,0.562369,0.697596
Lunch_room,local3,3-5-13-14-24,0.320546,0.463021
Pots,local3,11-12-14-17-19,0.653413,0.787119
Playground,local3,2-4-5-12-18,0.345941,0.493673
Garden,local3,2-7-11-18-20,0.501595,0.666428
Lounge,local3,0-3-5-10-14,0.586460,0.738966
Cantina,local3,9-14-15-17-20,0.513806,0.660745
Meeting_room,local3,2-5-9-22-23,0.529019,0.688342
Porch,local3,0-2-12-20-23,0.460737,0.618287
Pots,local3,5-9-14-15-21,0.641555,0.779436
Lunch_room,local3,2-3-5-16-24,0.379844,0.533383
Playground,local3,1-10-12-13-16,0.411353,0.569030
Garden,local3,1-7-10-11-22,0.511210,0.674548
Lounge,local3,5-8-14-19-21,0.542176,0.701374
Meeting_room,local3,2-4-8-13-23,0.544248,0.700664
Cantina,local3,7-9-14-16-20,0.545787,0.698430
Porch,local3,0-12-14-18-20,0.454043,0.614681
Pots,local3,2-5-15-17-21,0.610484,0.755069
Playground,local3,1-4-5-8-14,0.407155,0.563173
Lunch_room,local3,2-3-9-13-24,0.364621,0.517978
Garden,local3,1-7-13-18-19,0.518994,0.679438
Meeting_room,local3,0-9-14-15-23,0.532924,0.691368
Lounge,local3,10-12-14-16-19,0.546728,0.704869
Porch,local3,1-2-4-12-17,0.574326,0.713667
Cantina,local3,1-9-16-17-20,0.514639,0.669017
Pots,local3,5-11-15-20-21,0.655902,0.790254
Playground,local3,1-3-9-10-15,0.428428,0.585866
Garden,local3,1-10-15-18-19,0.474124,0.640912
Lunch_room,local3,2-3-13-23-24,0.354284,0.507613
Meeting_room,local3,2-8-12-16-23,0.530154,0.689440
Lounge,local3,2-5-8-10-18,0.560150,0.717295
Porch,local3,3-10-12-20-24,0.579372,0.722299
Cantina,local3,8-9-16-17-18,0.535830,0.688860
Pots,local3,5-11-13-14-15,0.651934,0.787084
Playground,local3,4-8-15-18-22,0.330383,0.477954
Garden,restart3,8-11-15-16-24,0.474304,0.641168
Lunch_room,local3,3-5-6-10-24,0.313234,0.451491
Meeting_room,local3,2-4-9-22-23,0.554241,0.708780
Porch,local3,10-12-16-19-23,0.565412,0.701525
Lounge,restart3,2-3-6-9-24,0.546856,0.705615
Cantina,local3,1-10-14-16-20,0.505526,0.661890
Pots,local3,5-11-13-14-21,0.654689,0.789182
Meeting_room,local3,2-4-9-18-22,0.548110,0.703191
Playground,local3,1-4-7-10-18,0.423692,0.577879
Garden,local3,8-11-15-22-24,0.464433,0.631862
Lunch_room,local3,2-3-5-15-24,0.386543,0.539339
Porch,local3,2-7-14-18-20,0.527385,0.680185
Lounge,local3,2-3-6-7-19,0.548222,0.706534
Pots,local3,4-5-11-14-15,0.637586,0.775398
Cantina,local3,14-16-17-20-22,0.532318,0.689085
Meeting_room,local3,2-4-9-15-23,0.548446,0.703803
Garden,local3,5-8-11-16-24,0.520034,0.683335
Playground,local3,1-10-15-16-18,0.434040,0.592239
Porch,local3,0-3-6-12-20,0.466405,0.624119
Lunch_room,local3,2-3-13-14-24,0.375838,0.530131
Lounge,local3,3-6-7-18-19,0.551366,0.708374
Pots,local3,5-11-14-21-23,0.658700,0.792040
Cantina,local3,8-9-12-16-22,0.525167,0.678519
Meeting_room,local3,1-2-4-6-23,0.472094,0.635663
Garden,local3,8-15-16-21-24,0.477684,0.645070
Playground,local3,1-2-4-16-18,0.423941,0.583184
Porch,local3,1-2-10-12-20,0.569848,0.708968
Lounge,local3,3-6-12-21-23,0.555379,0.712787
Lunch_room,local3,1-2-5-8-13,0.383226,0.531326
Pots,local3,6-8-13-14-15,0.627755,0.769556
Cantina,restart3,3-9-16-17-19,0.486533,0.647024
Meeting_room,local3,9-10-21-22-23,0.548886,0.703372
Garden,local3,5-6-8-11-16,0.522177,0.684932
Playground,local3,4-10-15-18-19,0.426559,0.587255
Porch,local3,2-4-12-14-20,0.564670,0.711991
Lounge,local3,3-6-9-12-18,0.548030,0.706407
Pots,local3,5-7-11-21-22,0.634808,0.773283
Cantina,local3,6-9-16-17-19,0.481898,0.643829
Lunch_room,local3,3-4-5-13-24,0.291877,0.429831
Meeting_room,local3,2-4-13-22-23,0.549479,0.705609
Garden,local3,5-6-8-16-22,0.525081,0.687755
Playground,local3,1-4-12-15-18,0.416185,0.574772
Porch,local3,2-10-12-16-23,0.550440,0.688482
Lounge,local3,1-6-12-21-23,0.570847,0.725538
Pots,local3,5-11-14-16-20,0.640192,0.778151
Meeting_room,local3,2-4-9-17-23,0.546447,0.702099
Cantina,local3,3-4-9-17-19,0.483679,0.644956
Garden,local3,2-6-8-16-22,0.482278,0.648277
Playground,local3,0-1-5-10-18,0.425109,0.581867
Lunch_room,local3,3-5-7-21-24,0.312713,0.452430
Porch,local3,2-10-12-14-23,0.556879,0.693168
Lounge,local3,1-3-5-12-21,0.567697,0.722887
Pots,local3,0-2-14-15-23,0.602939,0.747123
Meeting_room,local3,4-9-15-19-22,0.525057,0.681967
Cantina,local3,3-14-16-17-19,0.486543,0.649873
Garden,local3,5-6-8-11-22,0.516990,0.680190
Playground,local3,1-2-10-15-18,0.438583,0.596529
Porch,local3,1-2-9-12-23,0.547610,0.681453
Lunch_room,local3,2-3-6-8-15,0.380311,0.530821
Lounge,local3,4-9-12-21-24,0.480598,0.647800
Pots,local3,8-11-14-20-21,0.644184,0.781385
Meeting_room,local3,4-8-9-22-23,0.529741,0.685215
Cantina,local3,2-6-10-14-16,0.432188,0.596759
Garden,local3,5-6-16-22-23,0.492148,0.655000
Playground,local3,1-4-9-10-18,0.431439,0.585195
Porch,local3,2-7-12-22-23,0.512491,0.663894
Lunch_room,local3,2-5-7-12-13,0.355149,0.503103
Lounge,local3,1-12-14-21-23,0.544567,0.703700
Pots,local3,5-7-14-15-21,0.639745,0.777974
Meeting_room,local3,2-4-8-22-23,0.551710,0.706516
Cantina,local3,11-14-16-17-20,0.504347,0.658438
Playground,local3,1-4-15-16-18,0.383644,0.541822
Garden,local3,1-3-5-6-13,0.498671,0.662659
Porch,local3,2-7-10-20-23,0.541308,0.691289
Lounge,local3,1-6-7-12-23,0.558409,0.715144
Pots,local3,3-11-14-21-24,0.626090,0.765048
Lunch_room,local3,2-9-13-17-24,0.345333,0.491777
Meeting_room,local3,4-9-13-22-23,0.532736,0.689035
Cantina,local3,4-9-11-14-16,0.434624,0.590676
Playground,local3,1-13-17-18-20,0.434586,0.594874
Porch,local3,2-7-9-10-20,0.535208,0.684269
Garden,local3,5-8-12-15-16,0.525574,0.688737
Lounge,local3,1-6-12-14-24,0.563496,0.719268
Meeting_room,local3,4-9-19-22-24,0.533827,0.689780
Pots,local3,2-4-14-15-21,0.597662,0.741809
Lunch_room,local3,2-5-13-16-24,0.367441,0.519689
Cantina,local3,3-11-12-20-22,0.498573,0.653872
Playground,local3,10-11-15-18-19,0.338184,0.497560
Porch,local3,2-12-20-22-23,0.563390,0.710314
Garden,local3,1-5-6-8-14,0.547069,0.706946
Lounge,local3,3-6-16-21-23,0.530078,0.690467
Meeting_room,local3,0-8-9-22-23,0.538852,0.696728
Pots,local3,5-7-11-14-23,0.625173,0.765878
Lunch_room,local3,2-3-5-19-24,0.381572,0.536408
Cantina,local3,1-11-12-16-20,0.472920,0.630481
Playground,local3,1-10-12-15-18,0.417438,0.575577
Porch,local3,8-12-20-21-23,0.594987,0.733734
Garden,local3,2-6-9-11-14,0.492464,0.656582
Lounge,local3,0-1-6-21-23,0.576500,0.730692
Meeting_room,local3,2-4-9-19-23,0.547488,0.703018
Pots,restart3,11-12-15-17-22,0.639088,0.776605
Cantina,local3,11-14-16-17-24,0.472668,0.632385
Porch,local3,12-19-20-21-23,0.558213,0.712292
Garden,local3,2-6-14-22-24,0.502536,0.667412
Playground,local3,1-4-15-18-23,0.444928,0.601095
Pots,local3,4-12-15-17-22,0.623207,0.764986
Lounge,local3,0-1-5-21-23,0.575530,0.729878
Lunch_room,local3,3-5-13-20-24,0.321220,0.464273
Meeting_room,local3,2-9-20-22-23,0.540505,0.698445
Cantina,local3,11-13-14-17-20,0.481717,0.633908
Garden,local3,1-8-12-17-23,0.484565,0.648597
Porch,local3,5-8-12-20-23,0.607752,0.748176
Meeting_room,local3,2-4-19-22-23,0.541930,0.698545
Pots,local3,2-11-12-19-20,0.639767,0.778736
Playground,local3,5-15-18-20-22,0.404181,0.563812
Lounge,local3,0-1-6-12-21,0.584957,0.737499
Lunch_room,local3,2-5-8-12-19,0.358226,0.508226
Cantina,local3,4-11-16-20-21,0.490001,0.645626
Porch,local3,5-8-9-20-23,0.613243,0.754765
Garden,local3,0-5-6-8-14,0.518063,0.682267
Meeting_room,local3,5-6-7-9-22,0.504669,0.663566
Pots,local3,2-11-12-19-22,0.633736,0.773620
Playground,local3,0-1-10-18-23,0.433713,0.590884
Lounge,local3,0-1-6-12-13,0.578205,0.731831
Cantina,local3,11-14-15-17-20,0.466502,0.616582
Porch,local3,5-7-8-20-23,0.497203,0.660940
Lunch_room,local3,2-5-12-13-24,0.332902,0.482743
Garden,local3,1-5-8-13-15,0.475835,0.639444
Meeting_room,local3,0-4-9-18-22,0.537119,0.694863
Pots,local3,0-2-12-19-20,0.602746,0.749998
Playground,local3,0-12-15-18-21,0.390366,0.549490
Lounge,local3,0-1-7-12-21,0.570849,0.725829
Cantina,local3,4-11-14-17-20,0.445792,0.594131
Lunch_room,local3,2-3-5-20-24,0.386901,0.540768
Porch,local3,5-6-19-20-24,0.514356,0.674939
Garden,local3,2-5-6-8-14,0.540374,0.701119
Meeting_room,local3,2-4-8-9-23,0.545735,0.701141
Pots,local3,4-5-11-12-23,0.630910,0.771681
Playground,local3,1-4-6-18-23,0.419225,0.571876
Lounge,local3,6-7-12-16-22,0.528992,0.689631
Cantina,local3,0-11-14-16-17,0.436964,0.599191
Porch,local3,5-7-8-18-23,0.515002,0.675522
Garden,local3,4-6-8-19-20,0.540640,0.701557
Lunch_room,local3,2-5-10-13-24,0.355240,0.505309
Meeting_room,local3,2-4-11-23-24,0.555630,0.710926
Pots,local3,2-7-9-12-19,0.613096,0.758158
Playground,local3,1-2-4-11-15,0.425904,0.583563
Lounge,local3,1-6-12-19-21,0.570177,0.724877
Cantina,local3,11-13-16-17-23,0.460629,0.620083
Porch,local3,5-6-8-9-23,0.588377,0.728804
Meeting_room,local3,2-4-11-15-23,0.541719,0.698766
Garden,local3,1-6-8-11-14,0.517001,0.679803
Pots,local3,11-13-17-19-20,0.638832,0.776988
Lunch_room,local3,2-3-5-14-24,0.383163,0.536231
Playground,restart3,1-2-6-8-24,0.418021,0.574612
Lounge,local3,1-6-15-21-23,0.571831,0.726452
Cantina,local3,2-6-8-11-17,0.401806,0.558511
Porch,local3,0-2-8-9-23,0.509239,0.656853
Meeting_room,local3,4-7-11-23-24,0.531115,0.687714
Garden,local3,1-2-5-6-14,0.545406,0.705270
Pots,local3,11-17-18-19-23,0.646964,0.782373
Playground,local3,1-4-6-8-24,0.418493,0.574779
Lunch_room,local3,1-11-13-23-24,0.282925,0.417652
Lounge,local3,0-1-6-19-21,0.586209,0.738478
Cantina,local3,8-11-17-20-23,0.474900,0.626189
Porch,local3,8-9-18-20-23,0.580514,0.717371
Printing_area,recheck3,2-8-11-12-14,0.711467,0.829651
Garden,local3,5-6-8-14-23,0.477451,0.638619
Pots,local3,2-3-11-18-19,0.596411,0.742210
Playground,local3,4-10-16-19-24,0.418051,0.575207
Lounge,local3,0-6-8-19-24,0.585110,0.737762
Cantina,local3,11-14-16-17-21,0.471745,0.631235
Lunch_room,local3,0-2-3-5-16,0.372688,0.525718
Porch,local3,5-8-9-16-20,0.612269,0.749086
Printing_area,local3,2-8-12-14-16,0.686239,0.812029
Garden,local3,5-6-8-14-22,0.522543,0.685864
Pots,local3,10-11-17-18-23,0.633995,0.773083
Playground,local3,1-4-6-23-24,0.438857,0.595970
Lounge,local3,0-11-15-16-21,0.561618,0.717370
Porch,local3,0-8-9-12-23,0.481807,0.630164
Cantina,local3,8-9-16-17-20,0.552200,0.702154
Printing_area,local3,2-3-6-8-14,0.578188,0.729366
Lunch_room,local3,2-5-13-15-24,0.361883,0.512420
Garden,local3,6-8-14-17-19,0.529352,0.691843
Pots,local3,1-2-12-17-19,0.606102,0.751777
Playground,local3,4-6-16-23-24,0.354950,0.506879
Lounge,local3,1-4-6-7-21,0.562888,0.719185
Porch,local3,8-9-13-20-23,0.566167,0.703030
Cantina,local3,8-9-17-18-20,0.487518,0.636670
Printing_area,local3,7-8-11-12-14,0.661136,0.784321
Garden,local3,0-1-5-6-14,0.520529,0.684273
Pots,local3,11-17-19-23-24,0.648561,0.783457
Lunch_room,local3,3-11-13-16-19,0.302527,0.451104
Playground,local3,1-4-6-13-23,0.391410,0.541498
Lounge,local3,0-1-19-21-22,0.565022,0.720444
Porch,local3,5-8-10-13-20,0.591893,0.733391
Printing_area,local3,2-3-5-11-23,0.587824,0.737131
Cantina,local3,8-9-17-19-20,0.520637,0.673568
Garden,local3,1-2-6-12-20,0.529180,0.690886
Pots,local3,7-8-17-19-24,0.610002,0.754660
Playground,local3,3-6-17-22-24,0.333187,0.479656
Lunch_room,local3,0-2-3-13-24,0.366937,0.521690
Lounge,local3,0-1-8-21-23,0.555581,0.713377
Porch,local3,0-5-9-14-20,0.492704,0.653489
Printing_area,local3,8-9-11-16-22,0.649706,0.775172
Cantina,local3,1-7-8-17-20,0.464984,0.625774
Garden,local3,7-8-14-18-22,0.515777,0.679247
Pots,local3,3-11-17-19-23,0.625694,0.766226
Playground,local3,1-4-15-23-24,0.415474,0.568126
Lounge,local3,0-5-7-17-21,0.565989,0.722414
Lunch_room,local3,3-7-16-23-24,0.271869,0.410039
Porch,local3,5-7-14-21-23,0.421379,0.586880
Printing_area,local3,2-5-8-11-14,0.645968,0.781694
Cantina,local3,0-3-9-16-20,0.514446,0.670024
Garden,local3,1-5-6-8-17,0.540571,0.701495
Pots,local3,4-6-22-23-24,0.622083,0.764611
Playground,local3,1-4-6-21-23,0.429672,0.586581
Lounge,local3,1-6-19-21-22,0.568670,0.723138
Porch,local3,5-8-17-20-23,0.587579,0.734272
Printing_area,local3,5-8-11-12-14,0.631032,0.761775
Lunch_room,local3,2-5-8-20-24,0.375679,0.525102
Cantina,local3,4-9-16-17-24,0.502537,0.659462
Garden,local3,1-6-8-14-19,0.545006,0.704996
Pots,local3,8-11-17-23-24,0.638813,0.776760
Playground,local3,4-6-7-12-17,0.300183,0.445559
Lounge,local3,0-6-10-19-21,0.588930,0.740842
Porch,local3,5-12-14-23-24,0.557692,0.703165
Printing_area,local3,3-8-11-12-14,0.650574,0.778560
Cantina,local3,8-9-10-16-20,0.541532,0.690177
Garden,local3,5-9-14-16-22,0.457263,0.625313
Lunch_room,local3,1-2-5-13-24,0.366672,0.515592
Pots,local3,1-17-21-23-24,0.610556,0.753978
Playground,local3,1-4-13-17-23,0.443348,0.599979
Lounge,local3,5-6-12-17-21,0.535966,0.696473
Porch,local3,5-7-18-20-23,0.381016,0.543969
Printing_area,local3,2-9-11-12-15,0.657076,0.789250
Cantina,local3,6-16-17-19-20,0.478620,0.641937
Garden,local3,1-6-8-14-15,0.530652,0.692721
Pots,local3,11-15-17-19-24,0.649117,0.785043
Lunch_room,local3,3-5-13-17-24,0.350624,0.500595
Playground,local3,4-8-12-14-17,0.310562,0.452898
Lounge,local3,10-12-18-19-21,0.574573,0.729336
Porch,local3,5-8-9-11-20,0.613949,0.749933
Printing_area,local3,2-8-11-12-15,0.687646,0.812609
Cantina,local3,2-10-16-17-21,0.461456,0.623490
Garden,local3,1-2-5-6-11,0.527728,0.689615
Pots,local3,11-15-17-19-22,0.630244,0.770412
Lunch_room,local3,2-3-5-13-16,0.382603,0.537424
Lounge,local3,0-6-15-19-21,0.583235,0.736373
Playground,local3,3-4-7-13-22,0.309357,0.450770
Printing_area,local3,7-8-11-14-17,0.640354,0.769012
Porch,local3,5-6-8-11-20,0.594190,0.737399
Cantina,local3,8-9-15-16-20,0.541700,0.691971
Garden,local3,1-5-8-12-14,0.540742,0.701393
Pots,local3,2-5-11-17-22,0.615795,0.759822
Lounge,local3,0-6-9-10-19,0.583877,0.736903
Playground,local3,1-3-12-13-20,0.370213,0.522916
Cantina,local3,8-9-12-17-20,0.529745,0.675183
Printing_area,local3,1-2-8-14-20,0.623407,0.764524
Porch,local3,3-5-8-9-12,0.581706,0.724855
Lunch_room,local3,2-3-4-5-24,0.376884,0.530199
Pots,local3,3-9-11-19-21,0.631419,0.771143
Garden,local3,1-5-8-14-22,0.528565,0.691074
Lounge,local3,0-8-18-19-21,0.574197,0.728987
Playground,local3,1-4-13-17-19,0.444841,0.601550
Cantina,local3,5-8-9-16-17,0.498647,0.656594
Printing_area,local3,2-11-20-21-24,0.648870,0.784016
Porch,local3,5-8-9-12-13,0.594490,0.731300
Lunch_room,local3,2-3-8-13-18,0.368127,0.521654
Pots,local3,11-15-16-17-19,0.651861,0.786959
Lounge,local3,1-6-8-16-21,0.547350,0.705002
Garden,local3,1-5-6-13-14,0.504866,0.666867
Playground,local3,1-4-11-13-17,0.419613,0.577770
Cantina,local3,9-15-16-17-20,0.559868,0.708606
Printing_area,local3,2-8-12-14-20,0.690637,0.815253
Porch,local3,4-5-11-14-20,0.590592,0.738908
Pots,local3,12-13-15-16-19,0.639262,0.778002
Lunch_room,local3,1-5-16-22-24,0.395506,0.541893
Lounge,local3,0-6-10-19-23,0.592826,0.743975
Garden,local3,1-5-7-10-14,0.538061,0.699394
Playground,local3,1-2-13-17-19,0.431042,0.589973
Cantina,local3,8-15-16-17-20,0.535828,0.689823
Printing_area,local3,2-8-10-14-18,0.665205,0.796192
Porch,local3,5-11-16-19-21,0.613903,0.751845
Pots,local3,6-11-15-16-17,0.641065,0.778219
Lunch_room,local3,5-14-16-22-24,0.340279,0.483533
Lounge,local3,6-10-16-19-23,0.556861,0.713368
Playground,local3,1-3-13-17-19,0.437211,0.594917
Garden,local3,1-6-8-13-14,0.503199,0.665101
Cantina,local3,1-3-9-15-16,0.495788,0.652864
Printing_area,local3,2-5-6-11-24,0.611317,0.755164
Porch,local3,2-3-5-8-11,0.572780,0.715859
Pots,local3,11-15-17-18-23,0.644868,0.781495
Playground,local3,4-6-13-17-24,0.343575,0.496444
Lunch_room,local3,1-5-16-21-22,0.398790,0.545493
Lounge,local3,0-7-10-15-23,0.581774,0.735277
Garden,local3,1-8-10-12-14,0.486131,0.650972
Printing_area,local3,2-8-11-14-24,0.716546,0.833108
Cantina,local3,0-9-14-15-16,0.513705,0.666876
Porch,local3,5-6-8-9-20,0.592477,0.735804
Pots,local3,11-12-15-17-19,0.652595,0.786888
Playground,local3,1-5-13-17-19,0.424196,0.581663
Lounge,local3,0-6-12-19-23,0.583504,0.736459
Garden,local3,1-5-6-8-21,0.545343,0.705397
Lunch_room,local3,1-5-11-13-21,0.385107,0.532337
Printing_area,local3,2-5-8-19-21,0.604917,0.749887
Cantina,local3,9-12-17-18-20,0.515654,0.664592
Porch,local3,3-9-17-20-23,0.555962,0.698457
Pots,local3,4-11-18-19-21,0.642445,0.779216
Playground,local3,1-4-13-19-20,0.431912,0.587626
Lounge,local3,6-9-10-18-19,0.554427,0.712765
Garden,local3,1-6-7-10-12,0.525418,0.687994
Printing_area,local3,8-11-14-16-20,0.666215,0.787616
Lunch_room,local3,1-2-5-16-22,0.369876,0.518023
Cantina,local3,0-2-8-9-17,0.472555,0.630733
Porch,local3,3-5-9-11-16,0.595721,0.736489
Pots,local3,0-12-15-17-19,0.630164,0.771506
Playground,local3,1-4-10-19-22,0.424134,0.575237
Lounge,local3,0-4-6-10-23,0.582813,0.736051
Garden,local3,1-8-20-21-22,0.485676,0.651623
Printing_area,local3,2-8-11-17-24,0.649386,0.784387
Cantina,local3,4-9-15-17-18,0.478478,0.624582
Pots,local3,5-12-15-17-19,0.624319,0.766427
Porch,local3,5-9-11-20-23,0.632764,0.769147
Lunch_room,local3,5-9-13-15-21,0.332490,0.468707
Playground,local3,1-13-18-19-24,0.479847,0.636091
Garden,local3,1-3-5-6-8,0.532523,0.694598
Lounge,local3,0-6-10-17-23,0.589113,0.741116
Printing_area,local3,8-11-14-15-24,0.663104,0.784573
Cantina,local3,1-9-15-16-20,0.516096,0.669587
Pots,local3,2-4-5-11-12,0.613238,0.757594
Porch,local3,2-9-11-15-16,0.537948,0.679928
Playground,local3,1-4-10-12-19,0.434726,0.589522
Lunch_room,restart3,3-4-12-23-24,0.234464,0.360530
Garden,local3,5-6-14-19-22,0.508796,0.673913
Pots,local3,11-12-14-15-23,0.643572,0.781228
Printing_area,local3,2-8-11-14-15,0.687716,0.812485
Lounge,local3,0-15-19-20-22,0.577521,0.731365
Cantina,local3,0-1-9-15-17,0.495471,0.650128
Playground,local3,1-11-17-18-19,0.438778,0.598860
Zen,recheck3,2-11-15-18-22,0.584978,0.735875
Garden,local3,5-6-7-8-12,0.543389,0.703734
Pots,local3,2-11-15-17-19,0.635883,0.774868
Lunch_room,local3,1-4-8-12-22,0.338633,0.484744
Printing_area,local3,5-11-13-14-24,0.625578,0.757279
Lounge,local3,0-8-10-11-23,0.572315,0.727370
Playground,local3,0-1-18-19-24,0.440155,0.599874
Cantina,local3,0-12-16-17-23,0.481419,0.640960
Zen,local3,2-3-8-9-11,0.464725,0.619965
Garden,local3,5-6-7-8-14,0.540590,0.701456
Pots,local3,5-11-12-15-19,0.652624,0.786936
Printing_area,local3,2-14-17-19-24,0.620918,0.762659
Lounge,local3,0-2-6-10-22,0.581783,0.734177
Lunch_room,local3,1-8-12-17-22,0.314677,0.451927
Playground,local3,13-15-18-19-24,0.438022,0.590931
Cantina,local3,5-9-13-15-17,0.486216,0.637056
Zen,local3,0-2-15-18-22,0.549056,0.703210
Garden,local3,1-6-7-20-21,0.524384,0.687120
Pots,local3,4-13-15-17-19,0.613293,0.755773
Printing_area,local3,2-8-19-22-24,0.674129,0.802438
Lounge,local3,0-6-7-10-23,0.592902,0.743977
Playground,local3,1-13-19-23-24,0.425956,0.582005
Cantina,local3,9-15-16-18-20,0.525147,0.679586
Lunch_room,local3,1-4-8-10-13,0.340160,0.487074
Zen,local3,0-11-15-18-22,0.530940,0.689817
Garden,local3,5-6-8-9-14,0.503194,0.667775
Pots,local3,4-7-15-19-24,0.627101,0.766785
Printing_area,local3,2-5-8-11-16,0.633555,0.772703
Lounge,local3,0-2-7-8-21,0.563633,0.720160
Playground,local3,3-4-12-19-24,0.335800,0.479527
Cantina,local3,9-16-17-19-20,0.523430,0.678539
Lunch_room,local3,1-4-8-12-13,0.353615,0.498840
Zen,local3,2-11-12-18-22,0.577195,0.728140
Printing_area,local3,2-8-16-17-19,0.620897,0.762464
Lounge,local3,0-7-10-14-18,0.581496,0.735008
Playground,local3,0-8-13-16-19,0.412651,0.573517
Cantina,local3,8-14-15-16-20,0.527193,0.682137
Zen,local3,7-11-15-22-23,0.492043,0.657336
Lunch_room,local3,1-4-11-13-18,0.361529,0.511795
Printing_area,local3,5-8-11-15-24,0.615960,0.750572
Lounge,local3,0-7-11-14-15,0.572713,0.727891
Playground,local3,1-2-13-18-19,0.431892,0.589865
Cantina,local3,9-16-17-20-23,0.549183,0.700209
Zen,local3,1-2-9-11-18,0.536669,0.692527
Printing_area,local3,2-6-8-11-14,0.640538,0.777068
Lunch_room,local3,1-8-10-13-17,0.316257,0.454451
Lounge,local3,6-7-19-20-23,0.557365,0.714581
Playground,local3,1-8-13-18-24,0.422095,0.579350
Cantina,local3,6-15-16-20-24,0.475846,0.639603
Printing_area,local3,1-6-8-14-24,0.633445,0.767705
Zen,local3,2-11-15-17-22,0.544255,0.701395
Lounge,restart3,0-3-16-18-21,0.555433,0.712563
Lunch_room,local3,4-9-13-15-18,0.302769,0.441100
Playground,local3,1-9-13-19-24,0.415157,0.571226
Cantina,local3,2-15-16-17-20,0.452534,0.615939
Printing_area,local3,2-8-11-22-24,0.653355,0.787421
Zen,local3,2-13-18-22-24,0.390986,0.532267
Lounge,local3,3-16-18-21-22,0.516137,0.678371
Playground,local3,1-6-13-19-24,0.413596,0.567670
Lunch_room,local3,1-4-11-18-23,0.356066,0.505540
Cantina,local3,0-9-15-16-17,0.522105,0.674185
Printing_area,local3,0-2-11-14-18,0.555812,0.710006
Zen,local3,0-4-9-15-22,0.372085,0.509623
Lounge,local3,0-3-9-10-12,0.583710,0.736767
Playground,local3,6-15-18-19-20,0.449832,0.604386
Cantina,local3,9-15-17-18-24,0.495896,0.646109
Lunch_room,local3,1-2-4-13-18,0.356564,0.505885
Printing_area,local3,2-11-13-14-24,0.672674,0.801821
Zen,local3,11-15-16-18-22,0.533479,0.693123
Lounge,local3,0-5-9-12-16,0.546516,0.705444
Playground,local3,1-6-16-18-24,0.443936,0.601089
Printing_area,local3,0-2-8-11-14,0.596173,0.743097
Lunch_room,local3,4-7-8-11-18,0.224156,0.348047
Zen,local3,3-9-11-15-23,0.409357,0.566444
Lounge,local3,3-7-9-10-20,0.562659,0.719634
Playground,local3,1-13-15-22-24,0.378861,0.532664
Printing_area,local3,1-8-14-16-24,0.671134,0.794848
Zen,local3,2-11-13-16-22,0.466811,0.605878
Lunch_room,local3,1-2-4-11-18,0.343687,0.492162
Playground,local3,1-10-13-18-24,0.432004,0.588207
Printing_area,local3,0-2-14-17-18,0.492495,0.644825
Zen,local3,8-11-14-15-19,0.483869,0.645800
Lunch_room,local3,1-2-11-13-18,0.320577,0.464516
Printing_area,local3,8-11-14-17-24,0.652581,0.777449
Zen,local3,0-11-12-18-22,0.561474,0.715656
Lunch_room,local3,1-4-10-11-13,0.326913,0.472581
Printing_area,local3,2-4-8-11-24,0.581325,0.730741
Zen,local3,2-8-11-15-18,0.537021,0.695013
Printing_area,local3,11-14-16-23-24,0.650990,0.776441
Lunch_room,local3,1-2-4-13-21,0.376402,0.526462
Zen,local3,2-3-11-20-22,0.463755,0.616253
Printing_area,local3,2-6-8-11-24,0.625350,0.765416
Lunch_room,local3,1-2-13-21-23,0.376447,0.524662
Printing_area,local3,2-3-8-11-14,0.642648,0.780948
Zen,local3,2-5-11-18-22,0.546884,0.701565
Lunch_room,local3,1-8-13-21-23,0.388781,0.536708
Printing_area,local3,7-8-11-12-24,0.662681,0.785398
Zen,local3,2-9-18-22-24,0.558466,0.713887
Printing_area,local3,7-8-17-22-24,0.626164,0.757816
Lunch_room,local3,1-11-14-21-23,0.339491,0.485339
Zen,local3,2-13-15-18-22,0.479059,0.619385
Printing_area,local3,5-8-11-14-24,0.629920,0.760806
Zen,local3,8-13-15-22-24,0.411534,0.557362
Lunch_room,local3,1-2-13-15-21,0.377810,0.525449
Printing_area,local3,2-6-8-14-24,0.637729,0.775082
Zen,local3,8-11-12-14-18,0.479298,0.638079
Lunch_room,local3,1-8-13-18-23,0.374054,0.521904
Printing_area,local3,2-11-12-14-24,0.696930,0.819496
Zen,local3,2-12-14-15-22,0.525859,0.683424
Lunch_room,local3,8-9-13-20-23,0.290149,0.426845
Printing_area,local3,2-11-20-22-24,0.639872,0.777513
Zen,local3,2-4-12-15-22,0.435905,0.576410
Printing_area,local3,1-3-8-14-24,0.593435,0.735645
Lunch_room,local3,0-1-4-8-21,0.384476,0.533044
Zen,local3,2-3-15-19-22,0.494016,0.648922
Printing_area,local3,10-11-14-19-23,0.664507,0.786554
Lunch_room,local3,7-13-21-22-23,0.280198,0.417576
Zen,local3,2-8-11-16-22,0.530906,0.688556
Printing_area,local3,8-9-11-16-19,0.645228,0.771783
Lunch_room,local3,1-3-8-20-21,0.426027,0.576674
Zen,local3,2-15-18-21-22,0.547415,0.702495
Printing_area,local3,2-5-14-23-24,0.633082,0.771939
Lunch_room,local3,1-2-3-8-21,0.380988,0.530929
Printing_area,local3,2-3-8-11-13,0.639600,0.778566
Zen,local3,2-4-11-15-22,0.429805,0.570684
Lunch_room,local3,6-11-15-20-21,0.301588,0.437335
Printing_area,local3,0-5-11-13-24,0.625315,0.756775
Zen,local3,2-6-11-18-22,0.436395,0.602261
Printing_area,local3,2-4-11-22-24,0.563937,0.717212
Zen,local3,2-8-11-13-22,0.389171,0.531877
Lunch_room,local3,0-1-8-20-22,0.395293,0.545878
Printing_area,local3,2-14-17-20-24,0.646109,0.782259
Zen,local3,2-10-11-15-18,0.554128,0.707187
Lunch_room,local3,1-12-18-20-23,0.337477,0.481097
Printing_area,local3,2-8-9-14-24,0.690342,0.814153
Zen,local3,2-9-11-15-18,0.550503,0.705408
Lunch_room,local3,3-5-7-8-21,0.295221,0.428540
Printing_area,local3,7-8-11-14-24,0.660300,0.783614
Zen,local3,6-9-10-11-15,0.414186,0.580436
Lunch_room,local3,1-3-8-11-21,0.392982,0.543745
Printing_area,local3,8-14-15-20-24,0.647705,0.773723
Zen,local3,0-2-11-16-17,0.544867,0.700363
Printing_area,local3,1-2-8-11-14,0.613142,0.755585
Lunch_room,local3,3-10-15-20-21,0.253440,0.384368
Zen,local3,1-2-11-17-23,0.529592,0.686747
Printing_area,local3,2-8-10-11-14,0.705766,0.825562
Lunch_room,local3,1-8-16-21-24,0.403538,0.551005
Zen,local3,2-11-15-18-19,0.582714,0.733884
Printing_area,local3,2-13-14-19-24,0.662524,0.794657
Lunch_room,local3,1-3-8-18-21,0.401900,0.550700
Zen,local3,2-3-9-15-16,0.491682,0.646496
Printing_area,local3,2-6-11-14-23,0.629074,0.768293
Zen,local3,3-14-15-17-22,0.448191,0.608736
Lunch_room,local3,1-3-11-20-21,0.420543,0.572550
Printing_area,local3,3-5-14-18-24,0.566665,0.713741
Zen,local3,5-6-15-18-22,0.457647,0.612101
Printing_area,local3,2-8-11-16-24,0.681114,0.807655
Lunch_room,local3,4-7-8-11-20,0.241589,0.367858
Zen,local3,3-15-18-19-22,0.458049,0.616279
Printing_area,local3,1-8-11-14-24,0.674896,0.797620
Lunch_room,local3,1-3-7-20-21,0.413663,0.564483
Printing_area,local3,2-9-11-14-24,0.700910,0.821133
Zen,local3,2-6-9-12-18,0.446666,0.611888
Lunch_room,local3,1-4-9-20-21,0.405045,0.551628
Printing_area,local3,6-11-14-18-24,0.618824,0.753745
Zen,local3,4-10-11-15-17,0.345091,0.487409
Lunch_room,local3,1-3-7-9-21,0.390951,0.539615
Printing_area,restart3,3-6-7-8-14,0.581496,0.726220
Zen,local3,0-4-9-11-18,0.333089,0.466010
Printing_area,local3,3-6-8-10-14,0.593889,0.736040
Lunch_room,local3,8-16-20-21-23,0.346766,0.496282
Zen,local3,0-2-4-11-15,0.427559,0.568876
Printing_area,local3,3-6-10-14-16,0.576344,0.722253
Lunch_room,local3,3-8-18-21-24,0.341448,0.490511
Zen,local3,6-11-15-18-24,0.380406,0.544985
Printing_area,local3,4-5-8-14-24,0.577007,0.721353
Zen,local3,4-6-11-18-21,0.325518,0.471023
Lunch_room,local3,3-8-20-21-22,0.275037,0.404965
Printing_area,local3,2-10-14-15-18,0.625566,0.765472
Zen,local3,2-14-15-18-22,0.533328,0.689495
Lunch_room,local3,6-8-14-21-24,0.269441,0.397934
Printing_area,local3,0-10-14-15-18,0.595153,0.733845
Zen,local3,8-11-15-22-23,0.520737,0.681083
Printing_area,local3,10-11-14-15-18,0.625898,0.754897
Lunch_room,local3,0-3-6-8-21,0.374256,0.525417
Zen,local3,11-17-21-22-23,0.522602,0.682087
Printing_area,local3,13-14-15-16-18,0.618038,0.751313
Lunch_room,local3,1-2-12-20-21,0.350325,0.495951
Zen,local3,9-11-15-16-18,0.540083,0.699371
Printing_area,local3,10-11-12-16-18,0.638213,0.765631
Lunch_room,local3,1-3-4-8-21,0.401371,0.551323
Zen,local3,2-3-8-11-18,0.478384,0.632368
Printing_area,local3,2-10-12-16-18,0.638576,0.776152
Lunch_room,local3,1-3-10-20-21,0.407062,0.558907
Zen,restart3,1-6-13-16-21,0.376018,0.526039
Printing_area,local3,2-10-12-16-20,0.662453,0.794425
Lunch_room,local3,2-3-16-20-22,0.376781,0.530603
Printing_area,local3,0-2-10-12-16,0.590051,0.738967
Zen,local3,6-11-16-17-21,0.381118,0.544839
Printing_area,local3,4-7-10-16-22,0.549043,0.697708
Zen,local3,11-16-17-21-24,0.514101,0.672327
Lunch_room,local3,1-3-8-14-15,0.391344,0.541885
Printing_area,local3,0-2-11-19-20,0.601399,0.748209
Zen,local3,1-11-17-20-21,0.541386,0.699015
Lunch_room,local3,1-5-7-20-21,0.407174,0.555000
Printing_area,local3,10-11-12-16-22,0.635632,0.764031
Zen,local3,1-5-17-20-21,0.514408,0.670892
Lunch_room,local3,1-3-8-21-23,0.403778,0.553043
Printing_area,local3,2-4-12-16-20,0.600521,0.747176
Zen,local3,10-11-17-20-21,0.518117,0.677861
Lunch_room,restart3,3-4-6-10-12,0.226162,0.346521
Printing_area,local3,2-10-15-16-20,0.634612,0.772960
Zen,local3,2-10-17-20-22,0.538293,0.695999
Printing_area,local3,8-10-12-16-21,0.657288,0.782804
Lunch_room,local3,3-8-10-18-20,0.267400,0.401849
Zen,local3,11-17-18-19-20,0.519774,0.678088
Printing_area,local3,2-4-6-8-10,0.530430,0.688719
Lunch_room,local3,3-8-10-18-22,0.266083,0.397698
Zen,local3,1-11-17-21-23,0.541366,0.699962
Printing_area,local3,2-10-12-20-21,0.637050,0.774672
Lunch_room,local3,3-8-17-20-22,0.313440,0.456076
Zen,local3,8-11-17-20-21,0.491366,0.650626
Printing_area,local3,5-6-10-12-15,0.600279,0.739901
Zen,local3,1-15-17-20-21,0.528504,0.686333
Lunch_room,local3,3-7-17-20-22,0.300910,0.443330
Printing_area,local3,2-5-10-12-20,0.635125,0.773548
Zen,local3,1-5-11-20-21,0.555531,0.711019
Printing_area,local3,2-6-16-18-20,0.578496,0.729746
Lunch_room,local3,3-8-12-20-23,0.238849,0.362078
Printing_area,local3,2-7-10-12-16,0.644222,0.781057
Zen,local3,1-5-11-17-20,0.528261,0.685513
Lunch_room,local3,3-6-17-20-22,0.347077,0.491333
Printing_area,local3,2-10-12-16-21,0.652885,0.787244
Zen,local3,1-9-11-20-21,0.519491,0.677673
Lunch_room,local3,6-10-14-18-22,0.322666,0.464249
Printing_area,local3,2-9-10-16-20,0.624770,0.764533
Zen,local3,1-7-11-17-23,0.497160,0.660195
Lunch_room,local3,3-6-17-19-20,0.318272,0.461113
Printing_area,local3,2-9-10-16-19,0.613133,0.756183
Zen,local3,1-11-14-20-21,0.523156,0.680784
Printing_area,local3,10-12-14-16-20,0.643884,0.771268
Lunch_room,local3,3-17-18-20-22,0.376314,0.529130
Zen,local3,5-11-17-20-21,0.519150,0.674311
Printing_area,local3,0-9-10-12-13,0.592964,0.733102
Lunch_room,local3,13-17-18-22-23,0.294921,0.428808
Zen,local3,5-6-9-11-20,0.416276,0.579275
Printing_area,local3,1-10-12-16-21,0.630473,0.764694
Zen,local3,1-2-11-17-24,0.515934,0.674948
Lunch_room,local3,7-17-18-20-22,0.330287,0.474358
Printing_area,local3,2-8-12-19-20,0.664570,0.795918
Zen,local3,1-11-19-20-21,0.548959,0.705444
Lunch_room,local3,0-2-3-18-22,0.337642,0.488467
Printing_area,local3,2-8-12-16-19,0.667810,0.798379
Zen,local3,3-10-11-20-23,0.382987,0.536749
Printing_area,local3,2-8-16-19-24,0.658710,0.791347
Lunch_room,local3,12-17-18-20-22,0.308558,0.450646
Zen,local3,1-5-6-20-23,0.497083,0.656361
Printing_area,local3,4-12-15-16-19,0.580886,0.725045
Lunch_room,local3,0-3-17-20-22,0.368171,0.522191
Printing_area,local3,3-8-9-12-18,0.600058,0.740253
Zen,local3,1-12-16-20-21,0.560093,0.714943
Lunch_room,local3,0-3-8-9-22,0.317089,0.463268
Printing_area,local3,2-7-14-17-19,0.580228,0.730171
Zen,local3,1-5-10-16-20,0.543688,0.698894
Lunch_room,local3,1-4-8-20-22,0.408638,0.556018
Printing_area,local3,0-15-16-18-19,0.540765,0.691296
Zen,local3,5-8-12-16-20,0.507746,0.658538
Printing_area,local3,1-5-8-12-13,0.635381,0.769766
Lunch_room,local3,1-4-8-19-22,0.376960,0.527496
Zen,local3,0-12-14-20-21,0.535185,0.691517
Printing_area,local3,8-11-12-16-19,0.664547,0.786960
Zen,local3,1-12-16-20-24,0.555851,0.710335
Lunch_room,local3,1-5-8-15-20,0.405144,0.552171
Printing_area,local3,8-13-15-16-20,0.651022,0.777618
Zen,local3,1-4-12-16-21,0.424112,0.564513
Lunch_room,local3,3-4-8-20-22,0.251036,0.380197
Printing_area,local3,2-8-11-19-22,0.671914,0.800800
Zen,local3,1-5-16-20-21,0.528802,0.683555
Lunch_room,local3,1-8-20-22-23,0.391056,0.540183
Printing_area,local3,2-11-15-19-22,0.626868,0.766780
Zen,local3,1-12-16-17-20,0.536240,0.693341
Lunch_room,local3,1-7-8-20-22,0.395341,0.543575
Printing_area,local3,2-6-11-19-22,0.619675,0.760930
Zen,local3,1-7-12-21-24,0.496537,0.659083
Printing_area,local3,6-8-10-19-20,0.604873,0.742503
Zen,local3,1-9-12-20-21,0.525227,0.682410
Printing_area,local3,2-11-13-16-24,0.669014,0.799115
Zen,local3,1-12-13-21-22,0.477987,0.619771
Printing_area,local3,8-11-13-19-22,0.651347,0.777189
Zen,local3,1-3-5-12-16,0.495818,0.647548
Printing_area,local3,1-11-12-18-22,0.628307,0.764998
Zen,local3,1-5-12-16-21,0.530258,0.684293
Printing_area,local3,2-8-15-17-22,0.621140,0.762805
Printing_area,local3,2-4-8-11-17,0.563922,0.716767
Zen,local3,11-12-14-20-21,0.535952,0.691691
Printing_area,local3,0-6-11-17-19,0.554260,0.703766
Zen,local3,1-3-7-12-21,0.470226,0.627010
Printing_area,restart3,1-6-9-16-22,0.582273,0.728333
Zen,local3,1-11-12-21-24,0.552548,0.708454
Printing_area,local3,0-1-9-16-22,0.497882,0.644358
Zen,local3,0-1-12-21-23,0.546210,0.701475
Printing_area,local3,5-9-16-18-22,0.577162,0.721273
Zen,local3,1-9-11-16-20,0.535191,0.692292
Printing_area,local3,1-6-9-16-21,0.577347,0.723678
Zen,local3,1-12-14-20-21,0.526130,0.683111
Printing_area,local3,1-4-6-16-22,0.513186,0.664053
Zen,local3,3-9-10-20-21,0.382599,0.539954
Printing_area,local3,1-12-13-16-22,0.650026,0.781323
Zen,local3,1-6-10-12-21,0.439752,0.606625
Printing_area,local3,1-12-13-21-22,0.624709,0.762347
Zen,local3,2-12-16-20-21,0.563147,0.717298
Printing_area,local3,2-12-13-17-20,0.659854,0.792799
Zen,local3,1-2-12-16-20,0.565548,0.718000
Printing_area,local3,2-6-9-13-20,0.628244,0.767652
Zen,local3,1-2-7-16-20,0.559713,0.714354
Printing_area,local3,2-9-13-17-20,0.642316,0.778633
Printing_area,local3,2-5-6-12-20,0.616647,0.759695
Zen,local3,1-2-4-12-20,0.387026,0.519017
Printing_area,local3,2-4-13-17-20,0.570903,0.722350
Zen,local3,1-12-19-22-23,0.552953,0.707833
Printing_area,local3,12-13-17-20-23,0.643969,0.770979
Zen,local3,1-2-12-20-23,0.540022,0.693459
Printing_area,local3,0-12-19-20-24,0.636702,0.767054
Zen,local3,1-11-12-16-20,0.572684,0.724405
Printing_area,local3,4-7-13-20-21,0.566875,0.713132
Zen,restart3,4-5-11-14-17,0.437918,0.582680
Printing_area,local3,5-12-13-17-20,0.625832,0.758401
Zen,local3,4-11-12-13-21,0.344355,0.483570
Printing_area,local3,6-11-13-20-23,0.623186,0.756939
Zen,local3,3-5-11-14-17,0.477637,0.632906
Printing_area,local3,2-5-11-12-17,0.632017,0.771186
Zen,local3,5-10-11-14-16,0.508337,0.663607
Printing_area,local3,5-6-12-13-20,0.620727,0.755654
Zen,local3,5-11-13-14-16,0.469455,0.614523
Printing_area,local3,2-12-13-20-21,0.658210,0.791478
Zen,local3,5-9-10-11-17,0.523956,0.680753
Printing_area,local3,3-12-13-17-20,0.616453,0.752656
Zen,local3,5-6-9-11-17,0.414326,0.577821
Printing_area,local3,0-2-13-17-20,0.575355,0.722842
Zen,local3,9-10-14-17-20,0.473219,0.637263
Printing_area,local3,11-12-13-17-20,0.639251,0.767435
Printing_area,local3,5-10-11-13-17,0.612549,0.747586
Zen,local3,2-4-5-11-20,0.402879,0.538298
Printing_area,local3,2-12-17-20-21,0.647408,0.783237
Zen,local3,5-10-11-17-22,0.511747,0.667089
Printing_area,local3,1-12-13-17-20,0.653475,0.783984
Zen,local3,3-5-9-10-17,0.452026,0.608899
Printing_area,local3,6-12-13-18-24,0.619426,0.754638
Zen,local3,9-10-11-17-20,0.463131,0.626068
Printing_area,local3,9-13-14-20-21,0.636675,0.765559
Zen,local3,9-10-11-16-17,0.493929,0.658256
Printing_area,local3,2-10-13-17-20,0.639586,0.777189
Zen,local3,2-4-7-10-11,0.375241,0.509994
Printing_area,local3,2-11-12-13-20,0.668894,0.799338
Zen,local3,5-10-11-15-17,0.518647,0.675473
Printing_area,local3,5-11-13-19-21,0.620681,0.753921
Zen,local3,0-5-16-17-21,0.517102,0.668302
Printing_area,local3,0-2-7-12-13,0.548396,0.700096
Zen,local3,4-5-9-14-17,0.425757,0.570511
Printing_area,local3,10-11-12-13-18,0.631022,0.760595
Zen,local3,3-6-10-11-23,0.374661,0.529071
Printing_area,local3,2-5-18-20-21,0.591018,0.739622
Zen,local3,5-8-9-10-14,0.485696,0.638375
Printing_area,local3,11-12-13-14-20,0.641030,0.769000
Zen,local3,5-6-9-10-17,0.411361,0.574394
Printing_area,local3,2-3-12-16-22,0.607960,0.753342
Printing_area,local3,5-12-13-19-20,0.631663,0.762272
Zen,local3,5-10-14-20-22,0.510884,0.666713
Printing_area,local3,2-14-20-21-23,0.646232,0.782780
Zen,local3,5-9-11-12-14,0.528393,0.684586
Printing_area,local3,2-3-6-12-13,0.574071,0.725317
Zen,local3,0-5-11-14-23,0.525382,0.680208
Printing_area,local3,2-11-14-20-23,0.672923,0.802573
Zen,local3,5-6-11-12-14,0.439082,0.603931
Printing_area,local3,2-11-18-19-20,0.626007,0.766127
Zen,local3,4-9-11-12-14,0.324430,0.459643
Printing_area,local3,11-13-17-20-23,0.632166,0.761913
Zen,local3,2-5-9-11-14,0.539112,0.696070
Printing_area,local3,5-9-14-17-20,0.591643,0.731380
Zen,local3,5-12-14-15-19,0.520650,0.674648
Printing_area,local3,2-11-16-20-23,0.661498,0.793864
Zen,local3,5-9-11-13-14,0.465473,0.611304
Printing_area,local3,2-11-17-20-23,0.638507,0.776687
Zen,local3,2-5-9-10-11,0.564130,0.718387
Printing_area,local3,11-14-19-20-23,0.648001,0.775154
Zen,local3,0-2-5-10-11,0.550257,0.706848
Printing_area,local3,2-7-11-14-20,0.663613,0.795533
Zen,local3,2-9-10-11-24,0.505479,0.662775
Printing_area,local3,6-11-14-20-23,0.623771,0.757081
Printing_area,local3,2-8-11-14-23,0.686090,0.811654
Zen,local3,2-9-10-16-17,0.542949,0.700314
Printing_area,local3,0-14-18-20-23,0.604038,0.740919
Zen,local3,3-5-8-10-13,0.389717,0.531486
Printing_area,restart3,0-10-13-14-23,0.628886,0.759113
Zen,local3,0-4-9-10-12,0.340683,0.475471
Printing_area,local3,1-13-14-18-23,0.632825,0.767979
Zen,local3,2-5-9-11-20,0.566571,0.720245
Printing_area,local3,1-2-13-14-23,0.630738,0.769382
Zen,local3,2-6-9-11-21,0.457292,0.622324
Printing_area,local3,1-13-14-20-23,0.672259,0.796028
Zen,local3,9-11-14-20-23,0.482713,0.643350
Printing_area,local3,1-13-14-15-20,0.638584,0.770990
Zen,local3,5-11-13-14-18,0.462969,0.608539
Printing_area,local3,1-13-20-21-23,0.647158,0.779454
Zen,local3,2-5-9-13-21,0.472051,0.612951
Printing_area,local3,13-14-18-20-23,0.630796,0.760471
Zen,local3,6-9-15-20-21,0.409062,0.575277
Printing_area,local3,1-13-20-23-24,0.671338,0.796365
Zen,local3,0-9-11-19-20,0.499296,0.660412
Printing_area,local3,2-13-17-23-24,0.669799,0.799571
Zen,local3,2-3-4-9-21,0.386199,0.528808
Printing_area,local3,1-2-6-13-23,0.573483,0.721222
Zen,local3,0-2-9-11-20,0.553239,0.710057
Printing_area,local3,9-13-14-19-24,0.638663,0.767329
Zen,local3,2-5-7-17-20,0.488567,0.647111
Printing_area,local3,1-13-15-16-23,0.636537,0.771132
Printing_area,local3,1-12-13-14-23,0.654226,0.783535
Zen,local3,2-5-8-9-24,0.521318,0.679301
Printing_area,local3,1-6-13-14-23,0.634433,0.769075
Zen,local3,5-8-11-14-19,0.490020,0.642293
Printing_area,local3,6-9-13-14-24,0.605696,0.742262
Zen,local3,2-5-6-9-11,0.501291,0.662067
Printing_area,local3,1-9-13-14-20,0.630216,0.764513
Zen,local3,5-11-12-17-24,0.505762,0.661621
Printing_area,local3,1-13-17-20-23,0.659194,0.787785
Zen,local3,2-5-11-12-20,0.571039,0.723830
Printing_area,local3,0-1-13-14-20,0.603933,0.744078
Zen,local3,1-11-17-20-24,0.522712,0.680674
Printing_area,local3,1-7-13-20-23,0.620922,0.758719
Zen,restart3,5-6-10-18-23,0.459027,0.613901
Printing_area,local3,2-3-4-13-14,0.523719,0.675534
Zen,local3,4-6-10-18-23,0.294305,0.436422
Printing_area,local3,1-11-13-14-23,0.646143,0.776760
Zen,local3,3-5-14-19-23,0.480230,0.631756
Printing_area,local3,2-4-13-14-18,0.544506,0.699039
Zen,local3,5-10-14-19-23,0.514538,0.669731
Printing_area,local3,4-13-20-22-23,0.605670,0.743977
Zen,local3,5-10-14-19-22,0.517223,0.671144
Printing_area,local3,1-10-13-20-23,0.641077,0.774213
Zen,local3,5-10-11-13-14,0.454185,0.601511
Printing_area,local3,3-8-11-20-23,0.605833,0.745362
Printing_area,local3,1-3-13-20-21,0.606317,0.746677
Zen,local3,5-10-17-19-22,0.513664,0.666698
Printing_area,local3,2-12-13-14-18,0.654739,0.788963
Zen,local3,10-14-19-22-23,0.506070,0.666071
Printing_area,local3,12-13-18-23-24,0.631387,0.761315
Zen,local3,1-5-10-14-22,0.522119,0.679093
Printing_area,local3,5-7-8-14-23,0.611957,0.747613
Zen,local3,1-10-14-18-22,0.533644,0.690827
Printing_area,local3,1-9-12-13-14,0.615603,0.753129
Zen,local3,1-3-10-14-17,0.460430,0.616891
Printing_area,local3,3-11-20-22-23,0.605622,0.744249
Zen,local3,0-7-10-14-22,0.484975,0.645746
Printing_area,local3,7-15-20-21-23,0.592678,0.730680
Zen,local3,9-10-14-18-22,0.496422,0.658710
Printing_area,local3,1-12-14-23-24,0.668283,0.793820
Zen,local3,0-1-10-12-14,0.519373,0.678387
Printing_area,local3,1-8-13-14-23,0.678049,0.800387
Zen,local3,1-14-17-18-22,0.515017,0.672660
Printing_area,local3,1-8-11-13-14,0.668026,0.793113
Zen,local3,1-2-15-16-18,0.564404,0.717840
Printing_area,local3,8-13-18-19-23,0.652410,0.778794
Zen,local3,1-2-11-15-16,0.550746,0.705099
Printing_area,local3,4-5-8-14-16,0.566341,0.713057
Zen,local3,2-12-16-18-19,0.553010,0.707870
Printing_area,local3,1-13-14-15-17,0.617556,0.755826
Zen,local3,1-2-15-18-23,0.557554,0.711361
Printing_area,local3,1-8-13-14-16,0.672873,0.796299
Printing_area,local3,0-1-8-13-14,0.553411,0.700565
Zen,local3,6-8-12-16-18,0.376079,0.536218
Printing_area,local3,0-2-13-21-23,0.593691,0.739932
Zen,local3,9-12-15-16-22,0.556062,0.711132
Printing_area,local3,1-8-12-14-23,0.674331,0.797940
Zen,local3,1-2-16-18-19,0.556060,0.710770
Printing_area,local3,1-8-9-13-14,0.652612,0.781912
Zen,local3,1-2-7-21-24,0.532852,0.692251
Printing_area,local3,1-8-15-17-22,0.620303,0.758344
Zen,local3,1-6-16-18-20,0.421326,0.584959
Printing_area,local3,1-2-3-10-23,0.495829,0.648094
Zen,local3,1-2-5-13-15,0.464016,0.605285
Printing_area,local3,2-6-13-17-23,0.632615,0.771932
Zen,local3,1-2-14-15-18,0.516394,0.673791
Printing_area,local3,1-5-13-19-22,0.620310,0.757479
Zen,local3,1-5-16-18-24,0.521639,0.673617
Printing_area,local3,1-8-14-16-23,0.664895,0.791009
Zen,local3,1-2-5-15-18,0.564885,0.718386
Printing_area,local3,1-3-8-9-17,0.474870,0.627327
Zen,local3,0-5-7-15-21,0.530087,0.683357
Printing_area,local3,1-8-13-19-22,0.670069,0.794028
Zen,local3,2-4-5-18-23,0.398352,0.536008
Printing_area,restart3,0-18-19-20-21,0.454000,0.603871
Printing_area,local3,0-1-18-19-20,0.468717,0.618773
Zen,local3,3-5-7-8-18,0.434886,0.583735
Printing_area,local3,0-13-18-19-20,0.602202,0.739227
Zen,local3,1-2-5-8-15,0.547084,0.704269
Printing_area,local3,0-3-12-19-20,0.570653,0.716168
Zen,local3,0-1-2-5-18,0.550124,0.704296
Printing_area,local3,0-13-16-18-20,0.618270,0.751802
Zen,local3,2-7-10-15-17,0.501994,0.665537
Printing_area,local3,0-7-10-18-20,0.567074,0.711773
Zen,local3,2-6-9-15-18,0.445548,0.611470
Printing_area,local3,0-11-13-18-21,0.599582,0.737165
Zen,local3,1-5-15-16-18,0.526271,0.679714
Printing_area,local3,9-13-15-16-22,0.618904,0.751440
Zen,local3,2-3-5-9-18,0.499432,0.650862
Printing_area,local3,3-9-15-22-24,0.522576,0.673521
Zen,local3,1-2-4-5-18,0.422089,0.557983
Printing_area,local3,11-13-15-22-24,0.618164,0.750282
Zen,local3,1-2-5-12-17,0.547770,0.703843
Printing_area,local3,9-13-15-16-23,0.622119,0.753954
Zen,local3,1-2-5-14-18,0.536695,0.692616
Printing_area,local3,9-13-15-23-24,0.607993,0.742050
Zen,local3,1-2-5-6-13,0.457006,0.602368
Printing_area,local3,2-9-13-16-19,0.617129,0.758823
Printing_area,local3,6-9-13-14-16,0.595972,0.735353
Zen,local3,1-5-15-18-21,0.524220,0.678220
Printing_area,local3,13-15-16-19-23,0.619225,0.752715
Zen,local3,1-5-15-18-22,0.535359,0.689387
Printing_area,local3,2-4-13-15-23,0.574291,0.725835
Zen,local3,0-1-11-15-18,0.537339,0.695556
Printing_area,local3,1-9-13-15-23,0.596386,0.738445
Zen,local3,4-15-17-18-24,0.388517,0.532274
Printing_area,local3,2-6-15-16-23,0.608330,0.753318
Zen,local3,1-2-15-17-18,0.538984,0.695328
Printing_area,local3,2-7-15-16-18,0.593613,0.741339
Zen,local3,2-5-10-15-18,0.549894,0.704981
Printing_area,local3,3-9-13-16-23,0.580800,0.724324
Zen,local3,2-5-9-18-20,0.549281,0.703638
Printing_area,local3,8-9-15-16-23,0.629215,0.761044
Zen,local3,1-5-6-11-17,0.489027,0.650349
Printing_area,local3,8-15-16-19-23,0.623076,0.756664
Zen,local3,1-5-10-15-18,0.548804,0.704020
Printing_area,local3,1-8-9-16-23,0.633915,0.768118
Zen,restart3,4-14-15-17-18,0.433052,0.584112
Printing_area,local3,1-8-9-23-24,0.593765,0.737916
Printing_area,local3,1-11-17-19-23,0.617195,0.755725
Zen,local3,4-12-14-16-17,0.448300,0.594230
Printing_area,local3,1-9-12-16-23,0.613459,0.752981
Zen,local3,4-14-16-17-24,0.426352,0.574831
Printing_area,local3,1-8-9-15-23,0.614486,0.753629
Zen,local3,4-12-14-15-16,0.449740,0.596531
Printing_area,local3,3-9-14-15-16,0.557811,0.705972
Zen,local3,4-9-12-14-16,0.388606,0.535723
Printing_area,local3,1-4-14-17-23,0.520015,0.668254
Zen,local3,6-7-12-14-17,0.362736,0.526155
Printing_area,local3,1-8-13-16-23,0.679818,0.802547
Zen,local3,0-3-4-12-16,0.411562,0.552781
Printing_area,local3,1-2-13-16-23,0.624770,0.764522
Zen,local3,3-7-12-14-19,0.413904,0.574466
Printing_area,local3,1-8-17-19-23,0.599299,0.741435
Zen,local3,4-6-12-16-24,0.312628,0.455688
Printing_area,local3,1-11-13-16-18,0.638057,0.771690
Zen,local3,3-7-11-14-16,0.421389,0.582668
Printing_area,local3,1-3-13-16-23,0.597408,0.738882
Zen,local3,0-12-16-20-22,0.553562,0.707424
Printing_area,local3,1-8-16-23-24,0.658207,0.786896
Zen,local3,10-14-16-20-24,0.511915,0.671046
Printing_area,local3,1-5-8-16-23,0.618544,0.757321
Zen,local3,3-16-18-22-23,0.473628,0.621639
Printing_area,local3,1-2-4-20-23,0.465664,0.619942
Printing_area,local3,1-2-10-21-23,0.563905,0.717063
Zen,local3,7-16-17-22-24,0.454751,0.611216
Printing_area,local3,1-3-5-16-20,0.555712,0.704908
Zen,local3,0-5-12-20-22,0.547243,0.701275
Printing_area,local3,1-9-16-19-23,0.557258,0.705303
Zen,local3,5-12-17-22-23,0.513278,0.665701
Printing_area,local3,9-10-13-16-20,0.631788,0.762865
Zen,local3,0-7-11-12-16,0.532206,0.690236
Printing_area,local3,1-10-13-16-23,0.637052,0.770126
Zen,local3,5-14-16-17-20,0.499102,0.648587
Printing_area,local3,1-7-8-12-13,0.621102,0.758466
Zen,local3,3-11-16-19-20,0.468529,0.626775
Printing_area,local3,5-7-13-16-23,0.611966,0.748411
Zen,local3,9-11-20-22-24,0.499195,0.659935
Printing_area,local3,6-8-10-16-21,0.625640,0.759401
Zen,local3,0-2-16-18-20,0.553841,0.706309
Printing_area,local3,8-13-16-19-23,0.656252,0.781820
Zen,local3,0-2-16-20-22,0.549913,0.704490
Printing_area,local3,1-14-16-18-23,0.628199,0.764260
Zen,local3,0-2-3-16-20,0.497897,0.648299
Printing_area,local3,1-8-13-16-18,0.656837,0.785863
Zen,local3,0-2-7-12-20,0.543792,0.701020
Printing_area,local3,8-9-13-16-21,0.655299,0.780540
Zen,local3,0-2-3-8-11,0.472700,0.626938
Printing_area,local3,4-8-13-16-23,0.606708,0.745580
Printing_area,restart3,2-4-6-15-18,0.502485,0.661557
Zen,local3,2-15-16-18-20,0.561572,0.714845
Printing_area,local3,2-4-15-18-24,0.515533,0.673939
Zen,local3,2-8-9-15-18,0.528027,0.686913
Printing_area,local3,2-4-5-15-18,0.514786,0.673401
Zen,local3,2-6-15-16-18,0.434887,0.600372
Printing_area,local3,2-10-18-22-24,0.598222,0.744630
Zen,local3,2-9-16-18-20,0.576225,0.727895
Printing_area,local3,2-7-19-22-24,0.571731,0.721271
Zen,local3,2-9-11-16-20,0.557054,0.711272
Printing_area,local3,0-2-14-22-24,0.608684,0.752073
Zen,local3,6-9-11-13-20,0.369830,0.519757
Printing_area,local3,0-14-21-22-24,0.605369,0.741151
Zen,local3,1-9-10-12-20,0.517974,0.674950
Printing_area,local3,0-1-14-22-24,0.582703,0.724511
Zen,local3,2-9-10-16-18,0.568798,0.722073
Printing_area,local3,0-8-14-18-24,0.630227,0.761303
Zen,local3,13-16-18-20-24,0.429507,0.569651
Printing_area,local3,0-3-10-12-24,0.576836,0.721204
Zen,local3,0-6-16-18-20,0.433593,0.594310
Printing_area,local3,3-8-14-16-18,0.611196,0.750051
Zen,local3,1-7-9-16-20,0.514003,0.674694
Printing_area,local3,1-8-9-14-18,0.629366,0.764410
Zen,local3,9-16-20-21-23,0.545744,0.700886
Printing_area,local3,0-18-20-22-23,0.523346,0.674149
Printing_area,local3,0-8-9-17-24,0.587443,0.728703
Zen,local3,5-7-9-12-16,0.505390,0.658533
Printing_area,local3,6-8-14-18-24,0.617684,0.753115
Zen,local3,2-4-9-18-20,0.368946,0.502655
Printing_area,local3,4-6-8-18-24,0.527727,0.682186
Zen,local3,2-3-16-18-22,0.486894,0.637131
Printing_area,local3,0-8-11-14-18,0.628782,0.760680
Zen,local3,9-16-18-20-24,0.541127,0.696264
Printing_area,local3,0-3-14-15-18,0.523986,0.675637
Zen,local3,9-14-16-17-18,0.500480,0.659604
Printing_area,local3,0-14-18-21-24,0.591283,0.730549
Zen,local3,2-9-13-16-18,0.462434,0.602552
Printing_area,local3,7-8-14-18-24,0.625770,0.758016
Zen,local3,9-12-16-18-20,0.562213,0.716115
Printing_area,local3,8-15-16-21-24,0.634821,0.764544
Zen,local3,0-3-15-18-20,0.487589,0.640677
Printing_area,local3,8-15-18-21-22,0.617676,0.751271
Zen,local3,2-9-17-18-24,0.529397,0.688201
Printing_area,local3,15-16-21-22-24,0.612215,0.746885
Zen,local3,0-2-9-17-18,0.527453,0.683564
Printing_area,local3,15-16-21-23-24,0.608934,0.745093
Zen,local3,2-9-15-16-18,0.570510,0.723379
Printing_area,local3,8-9-15-16-24,0.637660,0.766647
Zen,local3,8-9-16-18-20,0.500272,0.655870
Printing_area,local3,2-8-9-14-15,0.664406,0.795298
Zen,local3,2-5-9-16-18,0.537857,0.691548
Printing_area,local3,0-2-8-14-15,0.573760,0.724860
Printing_area,local3,2-8-9-14-18,0.644122,0.780263
Zen,restart3,3-5-6-21-24,0.378424,0.534354
Printing_area,local3,8-9-14-15-21,0.642126,0.768607
Zen,local3,1-3-6-11-21,0.421253,0.578799
Printing_area,local3,2-8-14-19-21,0.675154,0.803814
Zen,local3,1-3-6-21-24,0.401319,0.561467
Printing_area,local3,8-14-19-20-21,0.659040,0.783126
Zen,local3,1-7-11-12-21,0.527171,0.688352
Printing_area,local3,0-2-12-14-21,0.584355,0.733781
Zen,local3,4-12-13-21-23,0.410094,0.553542
Printing_area,local3,6-8-14-17-19,0.603778,0.742714
Zen,local3,5-11-14-19-21,0.525221,0.679505
Printing_area,local3,4-5-8-19-21,0.540035,0.691316
Zen,local3,1-5-7-11-21,0.528243,0.684638
Printing_area,local3,6-12-14-19-20,0.625623,0.758621
Zen,local3,1-5-6-11-21,0.494594,0.655757
Printing_area,local3,8-11-12-14-21,0.669528,0.790017
Zen,local3,1-5-7-11-19,0.542375,0.698237
Printing_area,local3,2-3-14-19-21,0.585360,0.735048
Zen,local3,1-5-11-16-19,0.547993,0.702597
Printing_area,local3,2-6-14-19-23,0.610410,0.754176
Printing_area,local3,0-2-8-19-21,0.528962,0.683793
Zen,local3,5-11-16-18-19,0.536591,0.687882
Printing_area,local3,8-11-14-19-24,0.686514,0.803048
Zen,local3,1-5-11-12-14,0.537126,0.693796
Printing_area,local3,0-3-8-19-22,0.525275,0.676449
Zen,local3,7-9-11-14-19,0.443032,0.610038
Printing_area,local3,1-4-8-19-24,0.535259,0.684870
Zen,local3,4-5-9-11-12,0.385989,0.524470
Printing_area,local3,8-10-11-12-19,0.679216,0.797815
Zen,local3,1-16-20-21-22,0.535328,0.690273
Printing_area,local3,1-4-5-8-14,0.545926,0.695838
Zen,local3,1-5-11-12-19,0.564269,0.718424
Printing_area,local3,8-12-19-20-24,0.655955,0.781271
Zen,local3,1-5-11-13-22,0.427958,0.568938
Printing_area,local3,1-8-18-19-22,0.620977,0.758078
Zen,local3,7-11-12-19-22,0.492331,0.657798
Printing_area,local3,15-17-19-23-24,0.568790,0.713972
Zen,local3,1-3-11-12-19,0.472957,0.625898
Printing_area,local3,1-8-13-14-19,0.669396,0.793521
Zen,local3,5-7-11-19-24,0.504233,0.659691
Printing_area,local3,7-8-11-13-24,0.647526,0.774022
Zen,local3,1-5-11-15-19,0.554318,0.709668
Printing_area,local3,11-14-19-22-24,0.647994,0.773988
Zen,local3,6-9-11-12-19,0.406824,0.572237
Printing_area,restart3,0-4-5-16-24,0.525724,0.677092
Printing_area,local3,0-4-5-16-17,0.487143,0.638769
Zen,local3,2-5-11-18-23,0.551611,0.706222
Printing_area,local3,0-4-5-10-24,0.525828,0.677841
Zen,local3,1-5-12-19-22,0.549648,0.704231
Printing_area,local3,0-4-5-8-10,0.545924,0.696129
Zen,local3,1-11-12-19-23,0.559376,0.712862
Printing_area,local3,0-4-5-7-10,0.511064,0.663191
Zen,local3,6-9-11-12-20,0.416415,0.582039
Printing_area,local3,0-2-8-10-22,0.596411,0.744270
Zen,local3,1-5-11-19-20,0.554991,0.710242
Printing_area,local3,0-4-8-10-16,0.559482,0.707401
Zen,local3,5-6-11-18-19,0.454442,0.610610
Printing_area,local3,0-2-9-10-22,0.514472,0.665794
Zen,local3,1-11-12-16-19,0.574356,0.726882
Printing_area,local3,0-2-8-19-22,0.543710,0.697623
Zen,local3,1-10-11-16-19,0.562647,0.717480
Printing_area,local3,0-2-10-14-22,0.580558,0.730377
Zen,local3,5-12-16-19-20,0.534304,0.686091
Printing_area,local3,0-10-14-15-23,0.610512,0.745867
Zen,local3,1-11-16-17-19,0.539576,0.697321
Printing_area,local3,10-13-14-18-23,0.615211,0.748176
Zen,local3,11-12-16-19-20,0.578147,0.730442
Printing_area,local3,6-8-10-18-23,0.588083,0.730697
Zen,local3,6-7-8-12-19,0.363848,0.524365
Printing_area,local3,1-6-8-10-23,0.587435,0.732679
Zen,local3,1-12-16-19-20,0.557049,0.711812
Printing_area,local3,13-14-18-22-23,0.618439,0.750759
Printing_area,local3,13-14-15-19-23,0.623170,0.755370
Zen,local3,1-12-19-23-24,0.545335,0.700276
Printing_area,local3,5-14-19-22-23,0.617138,0.751202
Zen,local3,9-11-12-16-20,0.550873,0.707053
Printing_area,local3,3-13-14-15-23,0.611095,0.748294
Zen,local3,11-12-16-19-23,0.577937,0.730350
Printing_area,local3,1-13-14-15-23,0.633765,0.767653
Zen,local3,0-5-12-20-24,0.544345,0.698759
Printing_area,local3,1-11-14-15-23,0.628336,0.762941
Zen,local3,1-9-11-19-20,0.521829,0.680072
Printing_area,local3,1-2-5-21-23,0.549573,0.702106
Zen,local3,11-12-19-20-21,0.571612,0.724997
Printing_area,local3,1-7-13-14-15,0.593723,0.736276
Zen,local3,11-12-15-18-19,0.580786,0.732501
Printing_area,local3,1-10-14-15-23,0.617030,0.753629
Zen,local3,12-15-18-19-21,0.545158,0.700457
Printing_area,local3,1-7-15-19-23,0.565485,0.714091
Zen,local3,10-11-12-18-19,0.536896,0.693142
Printing_area,local3,0-1-13-17-23,0.538667,0.686843
Zen,local3,3-6-12-15-18,0.367407,0.526072
Printing_area,local3,1-3-13-14-23,0.605744,0.745281
Printing_area,local3,1-6-9-14-15,0.579138,0.724580
Zen,local3,9-11-15-18-19,0.504143,0.665841
Printing_area,local3,1-6-14-15-23,0.611996,0.751700
Zen,local3,5-11-12-18-20,0.536078,0.689660
Printing_area,local3,1-2-8-15-22,0.575572,0.724976
Zen,local3,5-11-12-14-19,0.519882,0.675752
Printing_area,local3,1-10-11-14-23,0.632527,0.765991
Zen,local3,12-15-16-18-19,0.545227,0.699861
Printing_area,local3,0-1-14-19-20,0.553097,0.700695
Zen,local3,11-16-19-21-23,0.549833,0.705249
Printing_area,local3,1-7-14-15-21,0.582042,0.726240
Zen,restart3,1-3-4-16-18,0.434814,0.576408
Printing_area,local3,1-12-13-14-17,0.641601,0.774451
Zen,local3,1-4-13-16-18,0.434588,0.574412
Printing_area,local3,1-10-13-14-15,0.621247,0.756931
Zen,local3,3-6-9-10-18,0.334275,0.491641
Printing_area,local3,10-11-12-14-22,0.641120,0.768312
Zen,local3,3-4-14-16-18,0.395397,0.545293
Printing_area,local3,1-12-13-17-18,0.608494,0.750455
Printing_area,local3,1-4-12-13-17,0.526884,0.674948
Zen,local3,1-2-3-16-18,0.510355,0.661267
Printing_area,local3,12-14-17-23-24,0.634079,0.763781
Zen,local3,2-3-4-14-18,0.406847,0.551948
Printing_area,local3,1-5-10-16-17,0.599645,0.741121
Zen,local3,1-2-16-18-23,0.563094,0.716906
Printing_area,local3,10-12-13-17-22,0.612987,0.746822
Zen,local3,2-4-16-23-24,0.431779,0.570100
Printing_area,local3,9-12-13-17-18,0.620846,0.753775
Zen,local3,1-2-13-19-23,0.417863,0.556476
Printing_area,local3,1-5-8-13-16,0.630572,0.766139
Zen,local3,2-6-18-19-23,0.440727,0.605344
Printing_area,local3,4-8-12-13-24,0.599035,0.738819
Zen,local3,3-14-16-18-22,0.475958,0.628129
Printing_area,local3,1-9-13-14-17,0.574049,0.717036
Zen,local3,1-2-9-16-18,0.557971,0.712130
Printing_area,local3,1-8-13-14-17,0.667388,0.792259
Zen,local3,1-2-16-18-21,0.540479,0.696252
Printing_area,local3,8-13-14-17-24,0.660814,0.784137
Printing_area,local3,1-8-13-17-22,0.671298,0.796252
Zen,local3,1-11-16-18-23,0.570285,0.723822
Printing_area,local3,8-12-13-15-17,0.643135,0.771117
Zen,local3,1-11-12-16-23,0.573495,0.725345
Printing_area,local3,1-2-6-13-18,0.539224,0.688809
Zen,local3,0-7-12-16-23,0.532788,0.687819
Printing_area,local3,1-7-13-15-16,0.587867,0.732087
Zen,local3,1-12-15-16-19,0.560370,0.714119
Printing_area,restart3,6-10-11-15-22,0.605933,0.743291
Zen,local3,0-1-10-17-23,0.518342,0.676476
Printing_area,local3,6-7-9-15-22,0.578243,0.721980
Zen,local3,0-1-4-7-16,0.430166,0.568316
Printing_area,local3,6-11-15-22-24,0.614138,0.749599
Zen,local3,1-12-15-16-23,0.563555,0.716590
Printing_area,local3,0-6-11-14-15,0.595601,0.735759
Zen,local3,1-6-11-16-23,0.441441,0.607586
Printing_area,local3,6-11-15-18-24,0.604661,0.742951
Zen,local3,1-11-12-21-23,0.563494,0.717388
Printing_area,local3,5-6-14-22-24,0.609309,0.746384
Zen,local3,1-11-12-15-23,0.551257,0.704705
Printing_area,local3,11-13-14-22-24,0.625441,0.756163
Printing_area,local3,6-7-11-21-22,0.610088,0.746812
Zen,local3,7-9-11-12-16,0.471900,0.637899
Printing_area,local3,10-13-20-22-24,0.608254,0.742914
Zen,local3,5-6-12-16-24,0.458028,0.612634
Printing_area,local3,11-13-18-22-24,0.614091,0.747357
Zen,local3,6-8-11-16-23,0.375536,0.537266
Printing_area,local3,8-11-12-14-22,0.662765,0.784964
Zen,local3,7-11-14-21-23,0.461788,0.627376
Printing_area,local3,6-11-12-14-21,0.622262,0.755523
Zen,local3,0-8-12-13-16,0.432607,0.573255
Printing_area,local3,8-11-14-19-22,0.667066,0.788449
Zen,local3,11-12-13-16-23,0.462435,0.601065
Printing_area,local3,5-8-11-14-18,0.618602,0.753086
Zen,local3,1-16-20-22-23,0.550677,0.705374
Printing_area,local3,10-11-14-19-22,0.658949,0.782019
Zen,local3,7-8-12-16-18,0.461830,0.618259
Printing_area,local3,8-13-14-19-22,0.657903,0.782490
Zen,local3,1-10-12-16-23,0.567970,0.720773
Printing_area,local3,8-11-15-19-22,0.641585,0.769330
Zen,local3,10-11-13-14-23,0.410064,0.557893
Printing_area,local3,6-8-11-19-22,0.621003,0.755350
Zen,local3,1-7-11-14-16,0.508723,0.669993
Printing_area,local3,8-10-11-14-22,0.663935,0.785701
Zen,local3,1-8-9-14-23,0.501315,0.661653
Printing_area,local3,7-9-11-14-22,0.620163,0.752210
Zen,local3,1-9-11-16-23,0.535863,0.692906
Printing_area,local3,8-13-14-18-22,0.648005,0.774672
Printing_area,local3,5-8-14-22-24,0.632260,0.762571
Zen,local3,1-8-9-11-12,0.537796,0.697744
Printing_area,local3,2-3-14-19-22,0.578819,0.729888
Zen,local3,4-11-12-16-23,0.411923,0.552335
Printing_area,local3,10-11-19-22-23,0.615660,0.749008
Zen,local3,1-11-16-19-23,0.562983,0.717705
Printing_area,local3,8-11-14-15-22,0.651449,0.775903
Zen,local3,1-4-11-12-23,0.383526,0.516305
Printing_area,local3,8-11-16-21-22,0.648745,0.774813
Zen,local3,1-4-11-14-23,0.416771,0.559917
Printing_area,local3,4-8-11-14-19,0.588516,0.730620
Zen,local3,0-16-19-23-24,0.543100,0.695728
Printing_area,local3,11-14-19-20-22,0.646529,0.773676
Zen,local3,1-6-12-16-18,0.425529,0.590570
Printing_area,local3,5-8-11-17-22,0.619312,0.753820
Zen,local3,1-12-22-23-24,0.551081,0.705886
Printing_area,local3,8-11-19-22-24,0.653518,0.778567
Zen,local3,1-13-16-22-23,0.450868,0.591365
Printing_area,local3,11-14-15-19-22,0.636701,0.764808
Zen,local3,11-12-14-21-23,0.553601,0.708863
Printing_area,local3,8-9-11-15-17,0.631835,0.761259
Zen,local3,2-7-11-12-16,0.539461,0.697865
Printing_area,local3,7-8-11-18-19,0.623454,0.756642
Zen,local3,1-11-14-21-23,0.540304,0.697721
Printing_area,local3,8-14-18-19-22,0.633199,0.763901
Zen,local3,1-3-11-12-16,0.488281,0.640978
Printing_area,local3,6-11-13-14-19,0.619664,0.753881
Zen,local3,1-4-12-16-23,0.415758,0.554215
Printing_area,local3,8-12-14-18-22,0.646579,0.773402
Printing_area,local3,11-17-19-22-24,0.613558,0.748648
Zen,restart3,6-10-13-15-20,0.364660,0.517128
Printing_area,local3,11-14-18-19-22,0.622968,0.755505
Zen,local3,6-10-14-15-19,0.407467,0.575829
Printing_area,local3,4-8-9-14-22,0.577250,0.721504
Zen,local3,6-10-16-22-23,0.395509,0.559637
Printing_area,local3,11-14-17-19-22,0.622257,0.755209
Zen,local3,0-10-11-14-19,0.488606,0.650323
Printing_area,local3,5-7-11-14-19,0.599247,0.737663
Zen,local3,0-1-10-14-19,0.500476,0.659105
Printing_area,local3,0-7-11-14-19,0.575735,0.718090
Zen,local3,1-10-14-19-24,0.498242,0.657675
Printing_area,local3,8-11-14-16-22,0.659332,0.782517
Zen,local3,0-1-10-17-19,0.505574,0.664288
Printing_area,local3,11-13-14-19-22,0.621824,0.754747
Zen,local3,1-10-17-19-22,0.513186,0.673412
Printing_area,local3,1-8-11-14-22,0.668691,0.793309
Zen,local3,0-1-10-17-22,0.502868,0.661581
Printing_area,local3,7-8-11-14-22,0.646704,0.773434
Zen,local3,1-6-10-17-19,0.420395,0.587248
Printing_area,local3,1-6-8-19-20,0.599999,0.742202
Zen,local3,1-10-16-17-19,0.531768,0.690048
Printing_area,local3,1-4-8-11-22,0.551107,0.700952
Printing_area,local3,1-4-9-11-14,0.490602,0.638423
Zen,local3,1-4-16-17-19,0.425002,0.564485
Printing_area,local3,1-6-8-11-22,0.623271,0.760569
Zen,local3,1-4-8-10-17,0.375930,0.518073
Printing_area,restart3,0-6-17-18-23,0.494846,0.652461
Zen,local3,1-10-16-17-21,0.524367,0.683671
Printing_area,local3,0-3-6-17-23,0.474155,0.627539
Zen,local3,1-11-18-19-21,0.553125,0.710130
Printing_area,local3,0-2-6-17-23,0.491281,0.647401
Zen,local3,1-11-13-16-18,0.461269,0.602256
Printing_area,local3,0-3-6-18-23,0.455997,0.612238
Zen,local3,1-11-18-21-23,0.560868,0.716192
Printing_area,local3,0-1-6-21-23,0.508097,0.659953
Zen,local3,1-11-16-21-23,0.561778,0.716993
Printing_area,local3,1-6-17-21-23,0.541150,0.693208
Zen,local3,8-11-20-21-23,0.518064,0.676067
Printing_area,local3,1-6-9-17-23,0.524680,0.678338
Zen,local3,1-4-11-16-21,0.444423,0.585802
Printing_area,local3,1-16-17-21-23,0.590750,0.735125
Zen,local3,1-7-11-16-22,0.521115,0.681279
Printing_area,local3,1-16-20-21-23,0.636618,0.771095
Zen,local3,11-16-17-21-23,0.527451,0.684193
Printing_area,local3,4-10-14-16-20,0.592920,0.733276
Printing_area,local3,1-3-16-18-21,0.503388,0.653484
Zen,local3,3-11-17-18-21,0.412645,0.574797
Printing_area,local3,1-16-20-22-23,0.644299,0.777191
Zen,local3,0-11-20-21-23,0.556021,0.711694
Printing_area,local3,1-19-20-22-23,0.580347,0.725655
Zen,local3,11-16-20-21-23,0.557174,0.711844
Printing_area,local3,0-1-14-16-22,0.583708,0.726485
Zen,local3,1-11-14-20-23,0.510170,0.666909
Printing_area,local3,11-12-16-22-23,0.631824,0.762217
Zen,local3,3-11-13-14-16,0.367518,0.513244
Printing_area,local3,0-2-20-22-23,0.558147,0.711750
Zen,local3,1-3-11-19-23,0.448196,0.602105
Printing_area,local3,4-8-17-20-23,0.560176,0.708984
Zen,local3,1-7-16-21-23,0.508603,0.665980
Printing_area,local3,1-6-20-22-23,0.599923,0.744201
Zen,local3,1-6-19-20-21,0.439777,0.604191
Printing_area,local3,0-1-16-20-22,0.576138,0.720904
Zen,local3,1-11-15-16-21,0.557294,0.713361
Printing_area,local3,1-3-19-20-23,0.474334,0.624346
Zen,local3,1-15-16-21-23,0.534868,0.691717
Printing_area,local3,1-17-20-22-23,0.558980,0.707178
Printing_area,local3,1-8-15-16-19,0.629259,0.764410
Zen,local3,1-11-16-23-24,0.560097,0.714269
Printing_area,local3,1-13-16-20-22,0.665288,0.792166
Zen,local3,1-8-11-16-23,0.522658,0.681982
Printing_area,local3,9-18-20-22-24,0.579332,0.721963
Zen,local3,11-16-19-21-22,0.534791,0.692708
Printing_area,local3,1-5-15-16-24,0.609734,0.750060
Zen,local3,3-11-16-21-23,0.478729,0.636159
Printing_area,local3,13-16-20-22-23,0.632325,0.762348
Zen,local3,4-16-18-21-23,0.404830,0.533167
Printing_area,local3,13-16-17-20-22,0.628481,0.759350
Zen,local3,1-16-21-22-23,0.533092,0.687780
Printing_area,local3,1-8-13-16-20,0.681486,0.803665
Zen,local3,1-2-5-8-16,0.538505,0.695399
Printing_area,local3,1-7-12-13-14,0.616332,0.754532
Zen,local3,1-2-6-11-23,0.487943,0.647557
Printing_area,local3,1-8-16-19-20,0.644273,0.775521
Zen,local3,1-3-10-21-23,0.482656,0.637430
Printing_area,local3,0-10-16-19-20,0.618852,0.753573
Zen,local3,1-7-11-18-23,0.523777,0.683568
Printing_area,local3,1-13-16-17-20,0.651970,0.782721
Zen,local3,1-16-20-21-23,0.536165,0.691664
Printing_area,local3,1-2-8-16-20,0.606569,0.751219
Zen,local3,2-11-12-13-16,0.441406,0.579809
Zen,local3,10-13-15-21-23,0.447263,0.594323
Zen,local3,1-7-11-21-23,0.515095,0.677090
Zen,local3,1-3-4-16-23,0.434980,0.575350
Zen,local3,1-11-15-20-23,0.540495,0.695087
Zen,local3,1-2-14-16-23,0.531942,0.688369
Zen,local3,6-14-16-21-23,0.398495,0.562065
Zen,restart3,1-6-8-13-20,0.367593,0.518327
Zen,local3,1-6-8-11-20,0.420951,0.587222
Zen,local3,2-6-8-12-14,0.434100,0.602194
Zen,local3,2-6-8-14-23,0.438911,0.606748
Zen,local3,0-2-6-14-23,0.478961,0.641822
Zen,local3,0-10-14-19-23,0.507676,0.665169
Zen,local3,0-11-13-14-18,0.474459,0.622163
Zen,local3,0-5-10-14-23,0.520899,0.675690
Zen,local3,0-5-14-18-23,0.519028,0.670605
Zen,local3,0-5-7-10-13,0.430953,0.572071
Zen,local3,0-5-10-14-17,0.525400,0.679391
Zen,local3,2-5-10-14-17,0.516887,0.676196
Zen,local3,0-5-11-14-17,0.530077,0.684183
Zen,local3,5-9-11-18-19,0.536107,0.689045
Zen,local3,0-5-9-11-19,0.549839,0.704407
Zen,local3,0-1-2-5-16,0.549335,0.703545
Zen,local3,5-9-11-19-20,0.553533,0.707593
Zen,local3,5-9-11-19-21,0.536128,0.691006
Zen,local3,5-9-18-19-20,0.534693,0.686798
Zen,local3,0-6-9-19-20,0.422713,0.582141
Zen,local3,5-9-19-20-21,0.536843,0.691192
Zen,local3,5-11-12-19-20,0.551381,0.706024
Zen,local3,3-5-9-11-19,0.469964,0.626695
Zen,local3,6-9-11-19-20,0.410360,0.574807
Zen,local3,5-10-11-19-20,0.545840,0.701496
Zen,local3,5-9-11-14-20,0.527854,0.683886
Zen,local3,5-9-10-11-19,0.550014,0.705171
Zen,local3,4-6-9-11-20,0.337227,0.479615
Zen,local3,5-7-9-11-19,0.505766,0.661914
Zen,local3,5-8-9-11-19,0.517906,0.671371
Zen,local3,5-9-11-12-20,0.559030,0.713334
Zen,local3,5-12-13-17-20,0.464000,0.602580
Zen,local3,0-2-5-9-12,0.551822,0.706879
Zen,local3,0-9-11-15-20,0.512907,0.673646
Zen,local3,5-7-11-12-20,0.503903,0.660066
Zen,local3,5-8-9-11-12,0.513856,0.667430
Zen,local3,2-5-9-10-20,0.561346,0.715946
Zen,local3,0-2-5-10-20,0.549542,0.705801
Zen,local3,2-7-9-10-20,0.541060,0.698086
Zen,local3,2-5-9-16-20,0.552198,0.706567
Zen,local3,2-9-10-17-20,0.514147,0.673521
Zen,local3,2-5-9-20-23,0.561855,0.716116
Zen,local3,2-9-15-20-23,0.535831,0.690940
Zen,local3,2-3-9-11-15,0.461152,0.616762
Zen,local3,1-17-20-21-23,0.511080,0.670890
Zen,local3,0-2-9-12-23,0.555387,0.710839
Zen,local3,2-4-8-10-20,0.362759,0.496416
Zen,local3,0-2-9-17-23,0.522892,0.680425
Zen,local3,2-5-20-23-24,0.559317,0.713835
Zen,local3,3-5-9-20-23,0.482196,0.635358
